batch_size,central_calibration_absolute_error,central_mass,device,epsilon,evaluation_samples,family,fitted_concentration,fitted_local_curvature,forward_kl,heldout_nll,initial_curvature,initial_location_angle_degrees,joint_mass_calibration_absolute_error,kappa,learning_rate,location_cosine,nonfinite_count,objective,reverse_kl,seed,steps,tail_calibration_absolute_error,tail_probability,target_central_mass,target_entropy,target_local_curvature,target_tail_probability,target_theta_q50_rad,target_theta_q90_rad,target_theta_q99_rad,theta_q50_rad,theta_q90_rad,theta_q99_rad,wall_seconds
8192,0.008538991212844849,0.3705190122127533,cuda,0.0,1000000,powerspherical,184.33861857533006,92.16930928766503,0.001419319490879949,-30.683623804728473,100.0,10.0,0.008538991212844849,100,0.03,0.9999993634789974,0,forward_kl,0.0014116066394725746,0,600,0.0,0.0,0.37905800342559814,-30.68504312421935,100.0,0.0,0.5450900300640732,0.6378476689310945,0.7180783249821049,0.545924856383105,0.6347787936716606,0.7098841317319545,5.005444485985208
8192,0.007991999387741089,0.3709009885787964,cuda,0.0,1000000,powerspherical,184.29491223919365,92.14745611959682,0.0015246243267800583,-30.682989847205718,100.0,10.0,0.007991999387741089,100,0.03,0.9999990670664732,0,forward_kl,0.0014093626050792549,1,600,0.0,0.0,0.3788929879665375,-30.6845144715325,100.0,0.0,0.545098395278369,0.6380655112158422,0.7181140994330556,0.5459340545702751,0.6349670408784913,0.709632426392289,4.866078124032356
8192,0.007306993007659912,0.3721410036087036,cuda,0.0,1000000,powerspherical,184.44054590788647,92.22027295394324,0.0013546133904717896,-30.68996938113669,100.0,10.0,0.007306993007659912,100,0.03,0.9999992547254045,0,forward_kl,0.0013706956978803962,2,600,0.0,0.0,0.3794479966163635,-30.691323994527167,100.0,0.0,0.5450093305766549,0.6379165986329698,0.7180422639893107,0.5455295280048522,0.6344844172301147,0.710054596792535,4.929911299957894
8192,0.03639000654220581,0.41544800996780396,cuda,0.0,1000000,spcauchy,0.5645745372370933,190.5783739127095,0.06527664863033605,-30.619766475589017,100.0,10.0,0.03639000654220581,100,0.03,0.9999993180349948,0,forward_kl,0.10300421535722563,0,600,0.0,0.0,0.37905800342559814,-30.68504312421935,100.0,0.0,0.5450900300640732,0.6378476689310945,0.7180783249821049,0.542883570818311,0.6735065443020284,0.8018117495787065,4.427969582029618
8192,0.03671300411224365,0.41560599207878113,cuda,0.0,1000000,spcauchy,0.564607980931103,190.6189437892698,0.06469639560848968,-30.619818075924012,100.0,10.0,0.03671300411224365,100,0.03,0.9999989256830498,0,forward_kl,0.10390158512294788,1,600,0.0,0.0,0.3788929879665375,-30.6845144715325,100.0,0.0,0.545098395278369,0.6380655112158422,0.7181140994330556,0.5428433231059994,0.673655536506036,0.8031990319169116,4.4160162979969755
8192,0.035762012004852295,0.4152100086212158,cuda,0.0,1000000,spcauchy,0.5646211469918984,190.63491807713592,0.06556313763353588,-30.625760856893628,100.0,10.0,0.035762012004852295,100,0.03,0.9999991918204041,0,forward_kl,0.10241659172858439,2,600,0.0,0.0,0.3794479966163635,-30.691323994527167,100.0,0.0,0.5450093305766549,0.6379165986329698,0.7180422639893107,0.5430437199117897,0.6734262847678182,0.8020205890141319,4.4153157460386865
8192,0.0002459883689880371,0.3793039917945862,cuda,0.0,1000000,vmf,100.06135812031884,100.06135812031884,5.7744151761647494e-05,-30.684985380067594,100.0,10.0,0.0002459883689880371,100,0.03,0.9999993558439764,0,forward_kl,6.025411713188034e-05,0,600,0.0,0.0,0.37905800342559814,-30.68504312421935,100.0,0.0,0.5450900300640732,0.6378476689310945,0.7180783249821049,0.5449823673649077,0.637880197267514,0.7181655700937511,4.658153637021314
8192,0.0009370148181915283,0.379830002784729,cuda,0.0,1000000,vmf,100.02417663932789,100.02417663932789,6.953283257080193e-05,-30.68444493869993,100.0,10.0,0.0009370148181915283,100,0.03,0.9999990437123782,0,forward_kl,8.759884804132767e-05,1,600,0.0,0.0,0.3788929879665375,-30.6845144715325,100.0,0.0,0.545098395278369,0.6380655112158422,0.7181140994330556,0.5450056193002883,0.6379363552759231,0.7177618950532133,4.720654211996589
8192,0.0010249912738800049,0.38047298789024353,cuda,0.0,1000000,vmf,100.08958663839633,100.08958663839633,5.004035060950005e-05,-30.691273954176555,100.0,10.0,0.0010249912738800049,100,0.03,0.9999992527094093,0,forward_kl,7.827478086166327e-05,2,600,0.0,0.0,0.3794479966163635,-30.691323994527167,100.0,0.0,0.5450093305766549,0.6379165986329698,0.7180422639893107,0.5447477049714229,0.6375275485226929,0.717773813527805,4.693768844008446
8192,0.009422004222869873,0.36963599920272827,cuda,0.0,1000000,powerspherical,184.2185806976907,92.10929034884535,0.0014384303442414544,-30.683604693875107,100.0,10.0,0.009422004222869873,100,0.03,0.9999990875424626,0,reverse_kl,0.0014648096926901343,0,600,0.0,0.0,0.37905800342559814,-30.68504312421935,100.0,0.0,0.5450900300640732,0.6378476689310945,0.7180783249821049,0.5460797245595175,0.6349365915475758,0.7100924686514435,3.268417626968585
8192,0.0083179771900177,0.3705750107765198,cuda,0.0,1000000,powerspherical,184.24592780249458,92.12296390124729,0.0015290548824322253,-30.682985416650066,100.0,10.0,0.0083179771900177,100,0.03,0.9999991988621598,0,reverse_kl,0.001425215422704763,1,600,0.0,0.0,0.3788929879665375,-30.6845144715325,100.0,0.0,0.545098395278369,0.6380655112158422,0.7181140994330556,0.5460027393915379,0.6350287807766559,0.7097443434937689,3.259051491972059
8192,0.007645010948181152,0.3718029856681824,cuda,0.0,1000000,powerspherical,184.40150695655547,92.20075347827773,0.001366906521401928,-30.689957088005766,100.0,10.0,0.007645010948181152,100,0.03,0.9999992738595295,0,reverse_kl,0.0013854840003120243,2,600,0.0,0.0,0.3794479966163635,-30.691323994527167,100.0,0.0,0.5450093305766549,0.6379165986329698,0.7180422639893107,0.5455795469637958,0.6345590436450086,0.710147988524725,3.325317797018215
8192,0.058003008365631104,0.43706101179122925,cuda,0.0,1000000,spcauchy,0.5678954561683831,194.65730279577653,0.06683706370683384,-30.61820606051252,100.0,10.0,0.058003008365631104,100,0.03,0.9999990774236133,0,reverse_kl,0.10042548723015104,0,600,0.0,0.0,0.37905800342559814,-30.68504312421935,100.0,0.0,0.5450900300640732,0.6378476689310945,0.7180783249821049,0.5378545758194384,0.6674336021569562,0.7947945542308199,2.138245235022623
8192,0.05688700079917908,0.43577998876571655,cuda,0.0,1000000,spcauchy,0.5676882016635392,194.3997338579256,0.06599705895811728,-30.61851741257438,100.0,10.0,0.05688700079917908,100,0.03,0.9999993339317242,0,reverse_kl,0.10127848666970324,1,600,0.0,0.0,0.3788929879665375,-30.6845144715325,100.0,0.0,0.545098395278369,0.6380655112158422,0.7181140994330556,0.5381728890560045,0.6680107277943542,0.7967079109976977,2.177443624997977
8192,0.05673900246620178,0.4361869990825653,cuda,0.0,1000000,spcauchy,0.5678481847278889,194.59851981507424,0.06696589227029254,-30.624358102256874,100.0,10.0,0.05673900246620178,100,0.03,0.9999994007940215,0,reverse_kl,0.09972169997765097,2,600,0.0,0.0,0.3794479966163635,-30.691323994527167,100.0,0.0,0.5450093305766549,0.6379165986329698,0.7180422639893107,0.5381621755736263,0.6675156157600974,0.7952280034984298,2.176446594996378
8192,0.0015810132026672363,0.3774769902229309,cuda,0.0,1000000,vmf,99.93036818618047,99.93036818618047,5.677284688650307e-05,-30.68498635137247,100.0,10.0,0.0015810132026672363,100,0.03,0.9999993801276796,0,reverse_kl,6.521530599504329e-05,0,600,0.0,0.0,0.37905800342559814,-30.68504312421935,100.0,0.0,0.5450900300640732,0.6378476689310945,0.7180783249821049,0.5453179278575069,0.6382777059447503,0.7186013345928817,6.025522032985464
8192,0.0002550184726715088,0.379148006439209,cuda,0.0,1000000,vmf,99.9740148682285,99.9740148682285,6.748772554984557e-05,-30.684446983806954,100.0,10.0,0.0002550184726715088,100,0.03,0.9999990669707697,0,reverse_kl,8.419642007559652e-05,1,600,0.0,0.0,0.3788929879665375,-30.6845144715325,100.0,0.0,0.545098395278369,0.6380655112158422,0.7181140994330556,0.5451331316634995,0.63808754293416,0.717937960942515,5.964436653011944
8192,0.001444995403289795,0.37800300121307373,cuda,0.0,1000000,vmf,99.91045830008149,99.91045830008149,5.8240045887828664e-05,-30.69126575448128,100.0,10.0,0.001444995403289795,100,0.03,0.9999992903346026,0,reverse_kl,6.210559891115895e-05,2,600,0.0,0.0,0.3794479966163635,-30.691323994527167,100.0,0.0,0.5450093305766549,0.6379165986329698,0.7180422639893107,0.5452064552664974,0.6380697873029049,0.7183726938661082,5.908220693003386
8192,0.11092597246170044,0.26438501477241516,cuda,0.01,1000000,powerspherical,168.55979505209385,84.27989752604692,0.8384270604633294,-29.583564871256375,100.0,10.0,0.11577297234907746,100,0.03,0.9999993551691007,0,forward_kl,0.05887790429088825,0,600,0.004846999887377024,0.0,0.3753109872341156,-30.421991931719703,100.0,0.004846999887377024,0.54596900806818,0.6418375357869002,0.8306248713170056,0.5676386837568008,0.6599012253943422,0.7378398122361975,5.174122291966341
8192,0.10918101668357849,0.2659739851951599,cuda,0.01,1000000,powerspherical,168.8424610796405,84.42123053982024,0.8494740682277786,-29.56981251341746,100.0,10.0,0.11421001655980945,100,0.03,0.9999990179524492,0,forward_kl,0.05696226879405098,1,600,0.005028999876230955,0.0,0.3751550018787384,-30.41928658164524,100.0,0.005028999876230955,0.5459638798357362,0.6421054226605655,0.8695949677711471,0.5671640562947582,0.659551939971121,0.7369362302943809,5.119303680025041
8192,0.11069899797439575,0.2650209963321686,cuda,0.01,1000000,powerspherical,168.59137351674784,84.29568675837392,0.839190912346332,-29.587899631266303,100.0,10.0,0.11558999819681048,100,0.03,0.9999991209666436,0,forward_kl,0.058021013231765575,2,600,0.004891000222414732,0.0,0.37571999430656433,-30.427090543612636,100.0,0.004891000222414732,0.5458577252878619,0.6419035474347077,0.8351920214355175,0.5673082386513795,0.6596933060505333,0.7381460817430707,5.123133291024715
8192,0.021345019340515137,0.39665600657463074,cuda,0.01,1000000,spcauchy,0.5616000333500463,187.01053558871683,0.21307026947341853,-30.20892166224628,100.0,10.0,0.02619201922789216,100,0.03,0.9999992971596261,0,forward_kl,0.11686145615723935,0,600,0.004846999887377024,0.0,0.3753109872341156,-30.421991931719703,100.0,0.004846999887377024,0.54596900806818,0.6418375357869002,0.8306248713170056,0.5474016072327843,0.6789567716568193,0.8080867722383993,4.5347418320016
8192,0.0225600004196167,0.3977150022983551,cuda,0.01,1000000,spcauchy,0.5617929682460714,187.23954990439205,0.2144916036139947,-30.20479497803124,100.0,10.0,0.027589000295847654,100,0.03,0.9999989149040521,0,forward_kl,0.11727432006445397,1,600,0.005028999876230955,0.0,0.3751550018787384,-30.41928658164524,100.0,0.005028999876230955,0.5459638798357362,0.6421054226605655,0.8695949677711471,0.5471179513318412,0.6788159919181309,0.8091533341218199,4.441013032977935
8192,0.020998001098632812,0.39671799540519714,cuda,0.01,1000000,spcauchy,0.5616787853137687,187.10397446865207,0.21368141706620664,-30.213409126546427,100.0,10.0,0.025889001321047544,100,0.03,0.9999991786315603,0,forward_kl,0.11629307202051853,2,600,0.004891000222414732,0.0,0.37571999430656433,-30.427090543612636,100.0,0.004891000222414732,0.5458577252878619,0.6419035474347077,0.8351920214355175,0.5475132374219291,0.6788191494671073,0.8082292914419706,4.261993054999039
8192,0.07543697953224182,0.2998740077018738,cuda,0.01,1000000,vmf,94.10798917164516,94.10798917164516,0.5534612626743741,-29.868530669045327,100.0,10.0,0.08028397941961884,100,0.03,0.9999993649689561,0,forward_kl,0.035836351532899484,0,600,0.004846999887377024,0.0,0.3753109872341156,-30.421991931719703,100.0,0.004846999887377024,0.54596900806818,0.6418375357869002,0.8306248713170056,0.5609446147806989,0.6566963451265786,0.7394817200090754,4.399342834018171
8192,0.07268500328063965,0.30246999859809875,cuda,0.01,1000000,vmf,94.19934047577553,94.19934047577553,0.5604799663153925,-29.858806615329847,100.0,10.0,0.0777140031568706,100,0.03,0.9999990320651964,0,forward_kl,0.03451551993300233,1,600,0.005028999876230955,0.0,0.3751550018787384,-30.41928658164524,100.0,0.005028999876230955,0.5459638798357362,0.6421054226605655,0.8695949677711471,0.5606167017454686,0.6563021479688228,0.7387696606583681,4.536489422025625
8192,0.07463398575782776,0.3010860085487366,cuda,0.01,1000000,vmf,94.1128532435838,94.1128532435838,0.5548299805901873,-29.87226056302245,100.0,10.0,0.07952498598024249,100,0.03,0.999999179483236,0,forward_kl,0.03504820049789643,2,600,0.004891000222414732,0.0,0.37571999430656433,-30.427090543612636,100.0,0.004891000222414732,0.5458577252878619,0.6419035474347077,0.8351920214355175,0.5607549513219634,0.6564558211919149,0.7392468531964002,4.820953018963337
8192,0.005674988031387329,0.36963599920272827,cuda,0.01,1000000,powerspherical,184.21854603228073,92.10927301614036,0.8880562528600293,-29.533935678859674,100.0,10.0,0.010521987918764353,100,0.03,0.999999087543132,0,reverse_kl,0.011514892753271493,0,600,0.004846999887377024,0.0,0.3753109872341156,-30.421991931719703,100.0,0.004846999887377024,0.54596900806818,0.6418375357869002,0.8306248713170056,0.5460797724359009,0.6349366456662708,0.7100925345240322,3.4520010700216517
8192,0.00458100438117981,0.3705739974975586,cuda,0.01,1000000,powerspherical,184.2458634721598,92.1229317360799,0.900508526623075,-29.518778055022164,100.0,10.0,0.009610004257410765,100,0.03,0.999999198863634,0,reverse_kl,0.011475406351787487,1,600,0.005028999876230955,0.0,0.3751550018787384,-30.41928658164524,100.0,0.005028999876230955,0.5459638798357362,0.6421054226605655,0.8695949677711471,0.5460028196266988,0.6350288862376038,0.7097444324902966,3.409958395001013
8192,0.003917008638381958,0.3718029856681824,cuda,0.01,1000000,powerspherical,184.40143176500462,92.20071588250231,0.8895359237333258,-29.53755461987931,100.0,10.0,0.00880800886079669,100,0.03,0.9999992738861925,0,reverse_kl,0.011435305022278767,2,600,0.004891000222414732,0.0,0.37571999430656433,-30.427090543612636,100.0,0.004891000222414732,0.5458577252878619,0.6419035474347077,0.8351920214355175,0.545579660862548,0.6345591659809724,0.7101481061797078,3.496698918985203
8192,0.06017500162124634,0.43548598885536194,cuda,0.01,1000000,spcauchy,0.5676589099044145,194.36336366046189,0.21801796018977188,-30.20397397152993,100.0,10.0,0.06502200150862336,100,0.03,0.9999990767523471,0,reverse_kl,0.1083873982269131,0,600,0.004846999887377024,0.0,0.3753109872341156,-30.421991931719703,100.0,0.004846999887377024,0.54596900806818,0.6418375357869002,0.8306248713170056,0.5382116841518318,0.6678658032496938,0.795292297365755,2.1784367490326986
8192,0.05907398462295532,0.4342289865016937,cuda,0.01,1000000,spcauchy,0.5674466450586533,194.10004542052715,0.2190504863462844,-30.200236095298955,100.0,10.0,0.06410298449918628,100,0.03,0.9999993338973233,0,reverse_kl,0.10921148516720895,1,600,0.005028999876230955,0.0,0.3751550018787384,-30.41928658164524,100.0,0.005028999876230955,0.5459638798357362,0.6421054226605655,0.8695949677711471,0.5385379256650293,0.6684521436413208,0.7972175159861082,2.1675153099931777
8192,0.05884501338005066,0.434565007686615,cuda,0.01,1000000,spcauchy,0.56759659067174,194.28601165432647,0.2183777720116967,-30.208712771600936,100.0,10.0,0.06373601360246539,100,0.03,0.9999994006933298,0,reverse_kl,0.10772591775853187,2,600,0.004891000222414732,0.0,0.37571999430656433,-30.427090543612636,100.0,0.004891000222414732,0.5458577252878619,0.6419035474347077,0.8351920214355175,0.5385427990524134,0.6679753104203077,0.7957578811176625,2.2124495030147955
8192,0.0021650195121765137,0.3774760067462921,cuda,0.01,1000000,vmf,99.93018191954592,99.93018191954592,0.5779897381019635,-29.84400219361774,100.0,10.0,0.007012019399553537,100,0.03,0.9999993801536535,0,reverse_kl,0.010115075018369057,0,600,0.004846999887377024,0.0,0.3753109872341156,-30.421991931719703,100.0,0.004846999887377024,0.54596900806818,0.6418375357869002,0.8306248713170056,0.5453183467053739,0.638278272516188,0.7186020704917093,6.056766377994791
8192,0.00398901104927063,0.37914401292800903,cuda,0.01,1000000,vmf,99.97376176075934,99.97376176075934,0.5859614309940606,-29.83332515065118,100.0,10.0,0.009018010925501585,100,0.03,0.9999990670773292,0,reverse_kl,0.010132666228746411,1,600,0.005028999876230955,0.0,0.3751550018787384,-30.41928658164524,100.0,0.005028999876230955,0.5459638798357362,0.6421054226605655,0.8695949677711471,0.5451338567355156,0.6380883548307047,0.7179388896503014,5.994123411015607
8192,0.002281010150909424,0.37800100445747375,cuda,0.01,1000000,vmf,99.91022119407091,99.91022119407091,0.5789507369507034,-29.848139806661937,100.0,10.0,0.007172010373324156,100,0.03,0.9999992902562381,0,reverse_kl,0.01011079887798143,2,600,0.004891000222414732,0.0,0.37571999430656433,-30.427090543612636,100.0,0.004891000222414732,0.5458577252878619,0.6419035474347077,0.8351920214355175,0.5452070214343705,0.6380705029950807,0.7183733915310436,6.077061418036465
8192,0.30358900874853134,0.05657900124788284,cuda,0.05,1000000,powerspherical,124.04891280779297,62.02445640389649,3.50013813891237,-25.942622886936956,100.0,10.0,0.3284110091626644,100,0.03,0.9999989033150012,0,forward_kl,1.0134778351188927,0,600,0.024822000414133072,0.0,0.3601680099964142,-29.442761025849332,100.0,0.024822000414133072,0.549708316275537,0.6633494115988683,1.72007552010517,0.6464119343358206,0.7509505528964978,0.8390150574802575,5.062599400989711
8192,0.30360499024391174,0.05648300051689148,cuda,0.05,1000000,powerspherical,123.78272999816143,61.891364999080714,3.4912080943227943,-25.955246851182398,100.0,10.0,0.3283919896930456,100,0.03,0.9999984209043609,0,forward_kl,1.0234852169961826,1,600,0.024786999449133873,0.0,0.3600879907608032,-29.446454945505195,100.0,0.024786999449133873,0.5497189093411019,0.6632394550159343,1.7188576114674594,0.6469140870277711,0.751732020617004,0.8393868990809586,5.285911219951231
8192,0.3044140040874481,0.05611500144004822,cuda,0.05,1000000,powerspherical,123.69108482290525,61.84554241145263,3.505978061849815,-25.935540285638186,100.0,10.0,0.3292770031839609,100,0.03,0.999999041002427,0,forward_kl,1.024631707704961,2,600,0.024862999096512794,0.0,0.36052900552749634,-29.441518347488,100.0,0.024862999096512794,0.5496278342390883,0.6633837010217373,1.718619975293551,0.6468659021701607,0.7517207521410432,0.8404984543974076,5.2680379879893735
8192,0.03846001625061035,0.32170799374580383,cuda,0.05,1000000,spcauchy,0.549251128878146,173.0141552907362,0.8675290451032426,-28.575231980746086,100.0,10.0,0.06328201666474342,100,0.03,0.9999993059813915,0,forward_kl,0.2245264811439464,0,600,0.024822000414133072,0.0,0.3601680099964142,-29.442761025849332,100.0,0.024822000414133072,0.549708316275537,0.6633494115988683,1.72007552010517,0.5662740669552866,0.7016976735435269,0.834218422527758,4.591336857993156
8192,0.03807899355888367,0.32200899720191956,cuda,0.05,1000000,spcauchy,0.549254559441321,173.01786952004227,0.8642466830600346,-28.58220826244516,100.0,10.0,0.06286599300801754,100,0.03,0.9999988062731573,0,forward_kl,0.22554978169839232,1,600,0.024786999449133873,0.0,0.3600879907608032,-29.446454945505195,100.0,0.024786999449133873,0.5497189093411019,0.6632394550159343,1.7188576114674594,0.5662796733697015,0.7019135934194826,0.8357381290395514,4.722277878958266
8192,0.039649009704589844,0.3208799958229065,cuda,0.05,1000000,spcauchy,0.5491600314854613,172.9155592695455,0.8705592590990419,-28.57095908838896,100.0,10.0,0.06451200880110264,100,0.03,0.999999093765574,0,forward_kl,0.22563328700484872,2,600,0.024862999096512794,0.0,0.36052900552749634,-29.441518347488,100.0,0.024862999096512794,0.5496278342390883,0.6633837010217373,1.718619975293551,0.5666541281770562,0.7018751187732548,0.8347328704835916,4.46011072100373
8192,0.25447800755500793,0.10569000244140625,cuda,0.05,1000000,vmf,75.75275775937726,75.75275775937726,2.4400165380730465,-27.002744487776287,100.0,10.0,0.279300007969141,100,0.03,0.9999992650188931,0,forward_kl,0.6067788817450029,0,600,0.024822000414133072,0.0,0.3601680099964142,-29.442761025849332,100.0,0.024822000414133072,0.549708316275537,0.6633494115988683,1.72007552010517,0.6205079322801654,0.7269468558262622,0.8191883655880646,4.552196027012542
8192,0.2545339912176132,0.10555399954319,cuda,0.05,1000000,vmf,75.63880769902958,75.63880769902958,2.4330358634906237,-27.013419082014565,100.0,10.0,0.2793209906667471,100,0.03,0.9999987308820337,0,forward_kl,0.6108258797871187,1,600,0.024786999449133873,0.0,0.3600879907608032,-29.446454945505195,100.0,0.024786999449133873,0.5497189093411019,0.6632394550159343,1.7188576114674594,0.6208836142890147,0.72755872016872,0.8197105880595761,4.694766716042068
8192,0.25496500730514526,0.10556399822235107,cuda,0.05,1000000,vmf,75.59372157338925,75.59372157338925,2.446800728624533,-26.99471761886347,100.0,10.0,0.27982800640165806,100,0.03,0.9999991513708841,0,forward_kl,0.6119627069424899,2,600,0.024862999096512794,0.0,0.36052900552749634,-29.441518347488,100.0,0.024862999096512794,0.5496278342390883,0.6633837010217373,1.718619975293551,0.620931516861928,0.7274227054162822,0.8198570283140416,4.630471796961501
8192,0.009465992450714111,0.3696340024471283,cuda,0.05,1000000,powerspherical,184.21839814565305,92.10919907282653,4.552489071471908,-24.890271954377422,100.0,10.0,0.03428799286484718,100,0.03,0.9999990875454318,0,reverse_kl,0.05275688310713768,0,600,0.024822000414133072,0.0,0.3601680099964142,-29.442761025849332,100.0,0.024822000414133072,0.549708316275537,0.6633494115988683,1.72007552010517,0.5460799747523858,0.6349368758754783,0.7100928120016826,3.5288955759606324
8192,0.010485023260116577,0.3705730140209198,cuda,0.05,1000000,powerspherical,184.24559876637502,92.12279938318751,4.538161436355265,-24.908293509149928,100.0,10.0,0.03527202270925045,100,0.03,0.9999991988685469,0,reverse_kl,0.05271777522250346,1,600,0.024786999449133873,0.0,0.3600879907608032,-29.446454945505195,100.0,0.024786999449133873,0.5497189093411019,0.6632394550159343,1.7188576114674594,0.5460031558667366,0.6350293197249752,0.7097447999311636,3.393088264972903
8192,0.011270999908447266,0.3718000054359436,cuda,0.05,1000000,powerspherical,184.40115189042524,92.20057594521262,4.5674460021470304,-24.87407234534097,100.0,10.0,0.03613399900496006,100,0.03,0.9999992739760539,0,reverse_kl,0.05267674145038228,2,600,0.024862999096512794,0.0,0.36052900552749634,-29.441518347488,100.0,0.024862999096512794,0.5496278342390883,0.6633837010217373,1.718619975293551,0.5455800768376516,0.6345596147040018,0.7101485715633759,3.4488012199872173
8192,0.07443699240684509,0.4346050024032593,cuda,0.05,1000000,spcauchy,0.5675189026100036,194.18963464364006,0.9106442322348204,-28.532116793614506,100.0,10.0,0.09925899282097816,100,0.03,0.9999990750700694,0,reverse_kl,0.14837831052362038,0,600,0.024822000414133072,0.0,0.3601680099964142,-29.442761025849332,100.0,0.024822000414133072,0.549708316275537,0.6633494115988683,1.72007552010517,0.5384235012126877,0.668121820343745,0.7955873944167234,2.1293818289996125
8192,0.0732400119304657,0.4333280026912689,cuda,0.05,1000000,spcauchy,0.5673099816127919,193.93073591532277,0.9060207818809234,-28.54043416362427,100.0,10.0,0.09802701137959957,100,0.03,0.9999993341267048,0,reverse_kl,0.14916039754216773,1,600,0.024786999449133873,0.0,0.3600879907608032,-29.446454945505195,100.0,0.024786999449133873,0.5497189093411019,0.6632394550159343,1.7188576114674594,0.5387446635579802,0.6687022087788814,0.797505855575052,2.1385832329979166
8192,0.07315099239349365,0.43367999792099,cuda,0.05,1000000,spcauchy,0.5674563917018932,194.11212702976977,0.9133655582994953,-28.528152789188503,100.0,10.0,0.09801399149000645,100,0.03,0.9999994004921418,0,reverse_kl,0.14773000567684202,2,600,0.024862999096512794,0.0,0.36052900552749634,-29.441518347488,100.0,0.024862999096512794,0.5496278342390883,0.6633837010217373,1.718619975293551,0.5387550482523862,0.6682314945135502,0.7960532513401738,2.127306591020897
8192,0.017291992902755737,0.3774600028991699,cuda,0.05,1000000,vmf,99.92953050099479,99.92953050099479,2.9948880104882307,-26.4478730153611,100.0,10.0,0.04211399331688881,100,0.03,0.9999993803562016,0,reverse_kl,0.05135610425008237,0,600,0.024822000414133072,0.0,0.3601680099964142,-29.442761025849332,100.0,0.024822000414133072,0.549708316275537,0.6633494115988683,1.72007552010517,0.5453200468575292,0.6382802286105685,0.7186042754744295,6.10340834397357
8192,0.019044995307922363,0.3791329860687256,cuda,0.05,1000000,vmf,99.97297331787557,99.97297331787557,2.9862778948549766,-26.460177050650213,100.0,10.0,0.043831994757056236,100,0.03,0.9999990674417186,0,reverse_kl,0.051372030068304514,1,600,0.024786999449133873,0.0,0.3600879907608032,-29.446454945505195,100.0,0.024786999449133873,0.5497189093411019,0.6632394550159343,1.7188576114674594,0.545136176025971,0.6380909066463073,0.7179417513159697,5.97254798799986
8192,0.017463982105255127,0.37799298763275146,cuda,0.05,1000000,vmf,99.90979722346543,99.90979722346543,3.0033861791269025,-26.438132168361097,100.0,10.0,0.04232698120176792,100,0.03,0.9999992901512561,0,reverse_kl,0.05134975137851735,2,600,0.024862999096512794,0.0,0.36052900552749634,-29.441518347488,100.0,0.024862999096512794,0.5496278342390883,0.6633837010217373,1.718619975293551,0.5452081069466391,0.6380718265479481,0.7183746610135878,5.9784190990030766
8192,0.33412800589576364,0.007321999873965979,cuda,0.1,1000000,powerspherical,90.8166810718462,45.4083405359231,5.679425509590538,-22.587483416940803,100.0,10.0,0.3839890048839152,100,0.03,0.9999986610990321,0,forward_kl,3.144139058193447,0,600,0.04986099898815155,0.0,0.3414500057697296,-28.266908926531343,100.0,0.04986099898815155,0.5548843887384907,0.8162572292955985,1.7980700711145885,0.7326781941203916,0.8504149859760651,0.9493455414587407,5.149539029982407
8192,0.3334149927832186,0.007648000027984381,cuda,0.1,1000000,powerspherical,90.75502778815067,45.377513894075335,5.676604964260688,-22.588892394879963,100.0,10.0,0.38328499207273126,100,0.03,0.9999985146459691,0,forward_kl,3.1492269653924687,1,600,0.049869999289512634,0.0,0.341062992811203,-28.26549735914065,100.0,0.049869999289512634,0.5549490344679737,0.8098918633265064,1.7980433340342996,0.732830391526166,0.8508155846794965,0.9492025534464796,5.109656760003418
8192,0.33426099410280585,0.0074350000359117985,cuda,0.1,1000000,powerspherical,90.6274197160006,45.3137098580003,5.677067875616929,-22.591915092513855,100.0,10.0,0.3840679950080812,100,0.03,0.9999987999619545,0,forward_kl,3.1542899566222857,2,600,0.049807000905275345,0.0,0.34169599413871765,-28.268982968130786,100.0,0.049807000905275345,0.5547953135261363,0.8531867074540651,1.7970043384750807,0.7329050272119904,0.8510126908222058,0.9505538446174226,5.324756231973879
8192,0.11003200709819794,0.23141799867153168,cuda,0.1,1000000,spcauchy,0.5321343847791977,155.58188852497875,1.681060440519229,-26.58584848601211,100.0,10.0,0.1598930060863495,100,0.03,0.9999993167373006,0,forward_kl,0.4805185729125463,0,600,0.04986099898815155,0.0,0.3414500057697296,-28.266908926531343,100.0,0.04986099898815155,0.5548843887384907,0.8162572292955985,1.7980700711145885,0.5927617002525956,0.733506226695791,0.870645672834494,4.386225100024603
8192,0.10974098742008209,0.2313220053911209,cuda,0.1,1000000,spcauchy,0.5320182607200872,155.47075181541535,1.6804680424695382,-26.585029316671115,100.0,10.0,0.15961098670959473,100,0.03,0.9999987895765513,0,forward_kl,0.4832960149515715,1,600,0.049869999289512634,0.0,0.341062992811203,-28.26549735914065,100.0,0.049869999289512634,0.5549490344679737,0.8098918633265064,1.7980433340342996,0.5929556062315391,0.7339531178917801,0.8724612929321961,4.301788228971418
8192,0.11118899285793304,0.2305070012807846,cuda,0.1,1000000,spcauchy,0.5319885726119954,155.4423533950163,1.681780281861337,-26.58720268626945,100.0,10.0,0.1609959937632084,100,0.03,0.9999991766724919,0,forward_kl,0.4840313277717509,2,600,0.049807000905275345,0.0,0.34169599413871765,-28.268982968130786,100.0,0.049807000905275345,0.5547953135261363,0.8531867074540651,1.7970043384750807,0.5932452040118088,0.7337854730708037,0.8712875476406351,4.384127059020102
8192,0.3162510059773922,0.025198999792337418,cuda,0.1,1000000,vmf,60.06391857256077,60.06391857256077,4.1371035489718375,-24.129805377559506,100.0,10.0,0.36611200496554375,100,0.03,0.9999992154499706,0,forward_kl,2.0179685876109796,0,600,0.04986099898815155,0.0,0.3414500057697296,-28.266908926531343,100.0,0.04986099898815155,0.5548843887384907,0.8162572292955985,1.7980700711145885,0.6896102932363988,0.8086224730593808,0.9122697619489489,4.502523821021896
8192,0.31575899198651314,0.025304000824689865,cuda,0.1,1000000,vmf,60.04771614472782,60.04771614472782,4.135759180192577,-24.129738178948074,100.0,10.0,0.36562899127602577,100,0.03,0.9999987944462935,0,forward_kl,2.015949429070778,1,600,0.049869999289512634,0.0,0.341062992811203,-28.26549735914065,100.0,0.049869999289512634,0.5549490344679737,0.8098918633265064,1.7980433340342996,0.6896443929139443,0.8088904619077889,0.912020208964439,4.772838704986498
8192,0.316528994590044,0.02516699954867363,cuda,0.1,1000000,vmf,60.00444755193812,60.00444755193812,4.13765240059973,-24.131330567531055,100.0,10.0,0.36633599549531937,100,0.03,0.9999991739375843,0,forward_kl,2.017013372247848,2,600,0.049807000905275345,0.0,0.34169599413871765,-28.268982968130786,100.0,0.049807000905275345,0.5547953135261363,0.8531867074540651,1.7970043384750807,0.6896773726642286,0.8086485949421375,0.9122837156970212,4.674008180969395
8192,0.0281829833984375,0.3696329891681671,cuda,0.1,1000000,powerspherical,184.21819239659558,92.10909619829779,9.203863540832202,-19.06304538569914,100.0,10.0,0.07804398238658905,100,0.03,0.9999990875473039,0,reverse_kl,0.10682293514036524,0,600,0.04986099898815155,0.0,0.3414500057697296,-28.266908926531343,100.0,0.04986099898815155,0.5548843887384907,0.8162572292955985,1.7980700711145885,0.5460802529521644,0.634937194928091,0.7100931914769344,3.4274562419741414
8192,0.02950301766395569,0.3705660104751587,cuda,0.1,1000000,powerspherical,184.24524976755106,92.12262488377553,9.201311608600646,-19.064185750540002,100.0,10.0,0.07937301695346832,100,0.03,0.9999991988723698,0,reverse_kl,0.10678423029540116,1,600,0.049869999289512634,0.0,0.341062992811203,-28.26549735914065,100.0,0.049869999289512634,0.5549490344679737,0.8098918633265064,1.7980433340342996,0.5460036202095364,0.6350298902487727,0.7097452873987917,3.356832124001812
8192,0.030102014541625977,0.37179800868034363,cuda,0.1,1000000,powerspherical,184.40082638978294,92.20041319489147,9.208366211267386,-19.0606167568634,100.0,10.0,0.07990901544690132,100,0.03,0.9999992740638178,0,reverse_kl,0.10674256348559127,2,600,0.049807000905275345,0.0,0.34169599413871765,-28.268982968130786,100.0,0.049807000905275345,0.5547953135261363,0.8531867074540651,1.7970043384750807,0.5455805470689427,0.6345601248710716,0.7101491171146496,3.3563847510376945
8192,0.09258100390434265,0.43403100967407227,cuda,0.1,1000000,spcauchy,0.5674325577907844,194.08258489576917,1.8308326531508137,-26.436076273380532,100.0,10.0,0.1424420028924942,100,0.03,0.9999990746369033,0,reverse_kl,0.20164201236339827,0,600,0.04986099898815155,0.0,0.3414500057697296,-28.266908926531343,100.0,0.04986099898815155,0.5548843887384907,0.8162572292955985,1.7980700711145885,0.5385541201464089,0.6682797174199946,0.7957693424552351,2.2332450629910454
8192,0.09170401096343994,0.43276700377464294,cuda,0.1,1000000,spcauchy,0.5672234352575617,193.82360600266594,1.828434063092247,-26.437063296048407,100.0,10.0,0.14157401025295258,100,0.03,0.9999993341311618,0,reverse_kl,0.20239939989990335,1,600,0.049869999289512634,0.0,0.341062992811203,-28.26549735914065,100.0,0.049869999289512634,0.5549490344679737,0.8098918633265064,1.7980433340342996,0.5388756881352581,0.6688605687365842,0.797688437672508,2.2061350909643807
8192,0.09145000576972961,0.43314599990844727,cuda,0.1,1000000,spcauchy,0.5673692887261682,194.00418874731488,1.8306937535421839,-26.438289214588604,100.0,10.0,0.14125700667500496,100,0.03,0.999999399770981,0,reverse_kl,0.20100944862338568,2,600,0.049807000905275345,0.0,0.34169599413871765,-28.268982968130786,100.0,0.049807000905275345,0.5547953135261363,0.8531867074540651,1.7970043384750807,0.5388869425056892,0.6683907832302568,0.7962368764424942,2.2269952839706093
8192,0.03600198030471802,0.37745198607444763,cuda,0.1,1000000,vmf,99.92879868013921,99.92879868013921,6.079211829634065,-22.187697096897274,100.0,10.0,0.08586297929286957,100,0.03,0.9999993805676872,0,reverse_kl,0.10542086391043273,0,600,0.04986099898815155,0.0,0.3414500057697296,-28.266908926531343,100.0,0.04986099898815155,0.5548843887384907,0.8162572292955985,1.7980700711145885,0.5453221306355409,0.6382827903194129,0.7186065493510009,6.210054523020517
8192,0.03805899620056152,0.3791219890117645,cuda,0.1,1000000,vmf,99.97224013866605,99.97224013866605,6.0815808451668865,-22.183916513973767,100.0,10.0,0.08792899549007416,100,0.03,0.9999990678600703,0,reverse_kl,0.1054359003838139,1,600,0.049869999289512634,0.0,0.341062992811203,-28.26549735914065,100.0,0.049869999289512634,0.5549490344679737,0.8098918633265064,1.7980433340342996,0.5451380608518936,0.6380930244273195,0.7179444136771879,6.193820295971818
8192,0.03629001975059509,0.37798601388931274,cuda,0.1,1000000,vmf,99.90927793935232,99.90927793935232,6.077049594286317,-22.19193337384447,100.0,10.0,0.08609702065587044,100,0.03,0.9999992900524809,0,reverse_kl,0.10541332750916929,2,600,0.049807000905275345,0.0,0.34169599413871765,-28.268982968130786,100.0,0.049807000905275345,0.5547953135261363,0.8531867074540651,1.7970043384750807,0.5452094055252359,0.6380734264780892,0.7183763827488637,6.154479240998626
8192,0.30348798586055636,0.00018400000408291817,cuda,0.2,1000000,powerspherical,55.46554574263722,27.73277287131861,7.885108560779779,-18.119229218634693,100.0,10.0,0.4030039827339351,100,0.03,0.9999975928356759,0,forward_kl,6.350337556669873,0,600,0.09951599687337875,0.0,0.3036719858646393,-26.00433777941447,100.0,0.09951599687337875,0.5675976362206447,1.5696281026194523,1.8615345243102646,0.877777830286749,1.017044029817177,1.1336311044933274,5.216927236004267
8192,0.30333899341349024,0.0001630000042496249,cuda,0.2,1000000,powerspherical,55.44650507494125,27.723252537470625,7.876680979770186,-18.13289214211591,100.0,10.0,0.40272599093441386,100,0.03,0.9999981151251576,0,forward_kl,6.346868902239101,1,600,0.09938699752092361,0.0,0.30350199341773987,-26.009573121886095,100.0,0.09938699752092361,0.5675753203615523,1.5694070683879806,1.8608254658816277,0.8778762335813022,1.017420003687977,1.1329993245481293,5.183974476007279
8192,0.30308600919670425,0.00019500000053085387,cuda,0.2,1000000,powerspherical,55.4344174616021,27.71720873080105,7.8891112202047795,-18.098121172059095,100.0,10.0,0.4028100113791879,100,0.03,0.9999975446110803,0,forward_kl,6.346496402512368,2,600,0.09972400218248367,0.0,0.3032810091972351,-25.987232392263873,100.0,0.09972400218248367,0.5675433491802425,1.5701233816373292,1.8618964428934612,0.8775654917562821,1.017121264985194,1.1340951481250947,5.232280757976696
8192,0.21268898248672485,0.09098300337791443,cuda,0.2,1000000,spcauchy,0.49230752829949903,122.24046799299391,3.1497296072960057,-22.854608172118468,100.0,10.0,0.3122049793601036,100,0.03,0.9999991405193559,0,forward_kl,1.497571725218309,0,600,0.09951599687337875,0.0,0.3036719858646393,-26.00433777941447,100.0,0.09951599687337875,0.5675976362206447,1.5696281026194523,1.8615345243102646,0.655861979737923,0.8087436563707489,0.9560939604244147,4.489672488998622
8192,0.21326999366283417,0.0902319997549057,cuda,0.2,1000000,spcauchy,0.49196909626587615,121.99373667583245,3.1441999790236737,-22.86537314286242,100.0,10.0,0.3126569911837578,100,0.03,0.9999987058768257,0,forward_kl,1.5071166780227843,1,600,0.09938699752092361,0.0,0.30350199341773987,-26.009573121886095,100.0,0.09938699752092361,0.5675753203615523,1.5694070683879806,1.8608254658816277,0.6564174895970513,0.8096278160324835,0.9585176741944588,4.465255955001339
8192,0.21266500651836395,0.09061600267887115,cuda,0.2,1000000,spcauchy,0.49226289288265157,122.20789542773265,3.158241697807151,-22.828990694456728,100.0,10.0,0.3123890087008476,100,0.03,0.9999987117802667,0,forward_kl,1.5013302490128073,2,600,0.09972400218248367,0.0,0.3032810091972351,-25.987232392263873,100.0,0.09972400218248367,0.5675433491802425,1.5701233816373292,1.8618964428934612,0.6562087749054607,0.8088362829231004,0.9565542312153713,4.43056828097906
8192,0.3021459858864546,0.0015259999781847,cuda,0.2,1000000,vmf,41.22452822688068,41.22452822688068,6.094219233463923,-19.910118545950546,100.0,10.0,0.40166198275983334,100,0.03,0.9999988723931754,0,forward_kl,5.142392506516751,0,600,0.09951599687337875,0.0,0.3036719858646393,-26.00433777941447,100.0,0.09951599687337875,0.5675976362206447,1.5696281026194523,1.8615345243102646,0.8123702004066271,0.9540227229371812,1.0774910331218812,4.59524778596824
8192,0.30204099346883595,0.0014609999489039183,cuda,0.2,1000000,vmf,41.25917909343885,41.25917909343885,6.087510118089291,-19.922063003796808,100.0,10.0,0.40142799098975956,100,0.03,0.999998496817208,0,forward_kl,5.131253035698517,1,600,0.09938699752092361,0.0,0.30350199341773987,-26.009573121886095,100.0,0.09938699752092361,0.5675753203615523,1.5694070683879806,1.8608254658816277,0.8121185189044915,0.9540459674357618,1.0769736965279506,4.692709881986957
8192,0.30172800924628973,0.0015529999509453773,cuda,0.2,1000000,vmf,41.24650047291908,41.24650047291908,6.10051366253908,-19.886718729724794,100.0,10.0,0.4014520114287734,100,0.03,0.9999983193524689,0,forward_kl,5.1293223827954195,2,600,0.09972400218248367,0.0,0.3032810091972351,-25.987232392263873,100.0,0.09972400218248367,0.5675433491802425,1.5701233816373292,1.8618964428934612,0.8119256892688074,0.9534432678666808,1.0769623539988904,4.685803639993537
8192,0.06595700979232788,0.36962899565696716,cuda,0.2,1000000,powerspherical,184.2177048516625,92.10885242583124,18.527613691410327,-7.476724088004142,100.0,10.0,0.16547300666570663,100,0.03,0.9999990875472345,0,reverse_kl,0.22460358597660465,0,600,0.09951599687337875,0.0,0.3036719858646393,-26.00433777941447,100.0,0.09951599687337875,0.5675976362206447,1.5696281026194523,1.8615345243102646,0.5460809052313649,0.6349379472605118,0.7100940741273986,3.4107756090234034
8192,0.06705701351165771,0.3705590069293976,cuda,0.2,1000000,powerspherical,184.24447984752794,92.12223992376397,18.49088650342186,-7.518686618464237,100.0,10.0,0.16644401103258133,100,0.03,0.9999991988716457,0,reverse_kl,0.22456559320667166,1,600,0.09938699752092361,0.0,0.30350199341773987,-26.009573121886095,100.0,0.09938699752092361,0.5675753203615523,1.5694070683879806,1.8608254658816277,0.5460046425417827,0.6350311454763693,0.7097463745460584,3.3654736659955233
8192,0.06851500272750854,0.37179601192474365,cuda,0.2,1000000,powerspherical,184.40017874184286,92.20008937092143,18.603647048690238,-7.383585343573637,100.0,10.0,0.16823900490999222,100,0.03,0.999999274201377,0,reverse_kl,0.2245232915711358,2,600,0.09972400218248367,0.0,0.3032810091972351,-25.987232392263873,100.0,0.09972400218248367,0.5675433491802425,1.5701233816373292,1.8618964428934612,0.5455814309555825,0.6345611143037214,0.7101502125004954,3.4351794460089877
8192,0.12958002090454102,0.4332520067691803,cuda,0.2,1000000,spcauchy,0.5673177445097412,193.9403485143666,3.7372720957618757,-22.267065683652596,100.0,10.0,0.22909601777791977,100,0.03,0.9999990740816403,0,reverse_kl,0.31832274193254434,0,600,0.09951599687337875,0.0,0.3036719858646393,-26.00433777941447,100.0,0.09951599687337875,0.5675976362206447,1.5696281026194523,1.8615345243102646,0.538728227414081,0.6684896620689939,0.7960112478299993,2.161376030999236
8192,0.12850001454353333,0.4320020079612732,cuda,0.2,1000000,spcauchy,0.5671060620598555,193.67842970662753,3.726493112471819,-22.283080009414277,100.0,10.0,0.22788701206445694,100,0.03,0.9999993336173668,0,reverse_kl,0.31905228771498606,1,600,0.09938699752092361,0.0,0.30350199341773987,-26.009573121886095,100.0,0.09938699752092361,0.5675753203615523,1.5694070683879806,1.8608254658816277,0.5390534195804342,0.6690753529956477,0.7979361722473493,2.2208911539637484
8192,0.1291009783744812,0.4323819875717163,cuda,0.2,1000000,spcauchy,0.5672525805731937,193.85967519018243,3.7492337473828132,-22.237998644881063,100.0,10.0,0.22882498055696487,100,0.03,0.9999993987742206,0,reverse_kl,0.3177181454486912,2,600,0.09972400218248367,0.0,0.3032810091972351,-25.987232392263873,100.0,0.09972400218248367,0.5675433491802425,1.5701233816373292,1.8618964428934612,0.5390635969943336,0.6686040740874243,0.7964828928250391,2.1735876529710367
8192,0.07375901937484741,0.3774310052394867,cuda,0.2,1000000,vmf,99.92748029661414,99.92748029661414,12.289244067322326,-13.715093712092147,100.0,10.0,0.17327501624822617,100,0.03,0.9999993808736543,0,reverse_kl,0.2231986734245592,0,600,0.09951599687337875,0.0,0.3036719858646393,-26.00433777941447,100.0,0.09951599687337875,0.5675976362206447,1.5696281026194523,1.8615345243102646,0.5453263471903775,0.6382871963174575,0.718611229646576,6.064578744000755
8192,0.07560199499130249,0.37910398840904236,cuda,0.2,1000000,vmf,99.97099999213161,99.97099999213161,12.272959064836147,-13.73661405704995,100.0,10.0,0.1749889925122261,100,0.03,0.9999990685886859,0,reverse_kl,0.2232128751680475,1,600,0.09938699752092361,0.0,0.30350199341773987,-26.009573121886095,100.0,0.09938699752092361,0.5675753203615523,1.5694070683879806,1.8608254658816277,0.5451412871990837,0.6380964424528992,0.7179487866435721,6.147055578010622
8192,0.07469099760055542,0.3779720067977905,cuda,0.2,1000000,vmf,99.90835642747976,99.90835642747976,12.325540446843581,-13.66169194542029,100.0,10.0,0.1744149997830391,100,0.03,0.9999992898676473,0,reverse_kl,0.223189915248763,2,600,0.09972400218248367,0.0,0.3032810091972351,-25.987232392263873,100.0,0.09972400218248367,0.5675433491802425,1.5701233816373292,1.8618964428934612,0.545211714913845,0.6380761644472129,0.7183795436304815,6.112741210963577
8192,1.0000001111620804e-06,3.000000106112566e-06,cuda,0.0,1000000,powerspherical,28.80401675149042,14.40200837574521,0.010503585132233121,-13.871169759879967,20.0,10.0,0.0004089999927145982,20,0.03,0.9999949424422139,0,forward_kl,0.009169965628433814,0,600,0.0004079999926034361,7.599999662488699e-05,1.9999999949504854e-06,-13.881673345012201,20.0,0.0004839999892283231,1.0668665384995442,1.2539222053795498,1.4172371146295466,1.0715381081341817,1.2381988450818207,1.376479033293247,4.906125391018577
8192,0.0,4.999999873689376e-06,cuda,0.0,1000000,powerspherical,28.80618028928601,14.403090144643006,0.010625626734243044,-13.869802107923295,20.0,10.0,0.00047199998516589403,20,0.03,0.9999956296103546,0,forward_kl,0.009002716388796524,1,600,0.00047199998516589403,6.900000153109431e-05,4.999999873689376e-06,-13.88042773465754,20.0,0.0005409999866969883,1.0669538784215937,1.254070778195397,1.415430486551205,1.0714695567328922,1.2383435418217945,1.3757709153027227,5.067598489986267
8192,9.999999974752427e-07,0.0,cuda,0.0,1000000,powerspherical,28.828382955062143,14.414191477531071,0.01035868643336135,-13.876636000755955,20.0,10.0,0.00045500001544951374,20,0.03,0.9999974931663558,0,forward_kl,0.008922811024496696,2,600,0.0004540000154520385,5.999999848427251e-05,9.999999974752427e-07,-13.886994687189315,20.0,0.000514000013936311,1.066579951878742,1.253687420806306,1.4157965431545658,1.0708823874073166,1.2376697266114216,1.3761682910303517,5.639714346034452
8192,7.000000323387212e-06,9.000000318337698e-06,cuda,0.0,1000000,spcauchy,0.2582174432947511,30.03394061080793,0.00990376674470879,-13.871769578267491,20.0,10.0,0.001415999989831107,20,0.03,0.999995143243051,0,forward_kl,0.011497210865018415,0,600,0.0014089999895077199,0.001892999978736043,1.9999999949504854e-06,-13.881673345012201,20.0,0.0004839999892283231,1.0668665384995442,1.2539222053795498,1.4172371146295466,1.065428955227047,1.2762357061724852,1.463295767890425,4.392704728990793
8192,1.0000003385357559e-06,6.000000212225132e-06,cuda,0.0,1000000,spcauchy,0.25815826777668943,30.022267523970786,0.00970779291070577,-13.870719941746831,20.0,10.0,0.0013700000054086559,20,0.03,0.9999961702406898,0,forward_kl,0.01168030228270638,1,600,0.00136900000507012,0.0019099999917671084,4.999999873689376e-06,-13.88042773465754,20.0,0.0005409999866969883,1.0669538784215937,1.254070778195397,1.415430486551205,1.0655492708884122,1.276660575718258,1.4654749244723364,4.28079924400663
8192,1.300000019455183e-05,1.4000000192027073e-05,cuda,0.0,1000000,spcauchy,0.2583424768843967,30.0586159949582,0.00998642222280845,-13.877008264966506,20.0,10.0,0.001331999973785969,20,0.03,0.9999972002109858,0,forward_kl,0.011252758014636523,2,600,0.001318999973591417,0.001832999987527728,9.999999974752427e-07,-13.886994687189315,20.0,0.000514000013936311,1.066579951878742,1.253687420806306,1.4157965431545658,1.065595825763555,1.275960302500273,1.4634763231787526,4.411033599986695
8192,2.9999998787388904e-06,4.999999873689376e-06,cuda,0.0,1000000,vmf,20.03347451113629,20.03347451113629,6.84983780022697e-05,-13.881604846634199,20.0,10.0,4.299998431633867e-05,20,0.03,0.9999950651825262,0,forward_kl,6.030467788582743e-05,0,600,3.999998443759978e-05,0.0005239999736659229,1.9999999949504854e-06,-13.881673345012201,20.0,0.0004839999892283231,1.0668665384995442,1.2539222053795498,1.4172371146295466,1.066260844240647,1.2529217981252274,1.4152766194711965,4.666854886978399
8192,1.99999976757681e-06,3.000000106112566e-06,cuda,0.0,1000000,vmf,19.99985489720005,19.99985489720005,3.5068829585954406e-05,-13.880392665827952,20.0,10.0,2.09999698199681e-05,20,0.03,0.9999959222104999,0,forward_kl,4.153513356648539e-05,1,600,1.899997005239129e-05,0.000522000016644597,4.999999873689376e-06,-13.88042773465754,20.0,0.0005409999866969883,1.0669538784215937,1.254070778195397,1.415430486551205,1.0670288584722711,1.2540957099005854,1.4156577297089958,4.691473369020969
8192,9.999999974752427e-07,1.9999999949504854e-06,cuda,0.0,1000000,vmf,20.01749538870126,20.01749538870126,2.660841582871005e-05,-13.886968078773487,20.0,10.0,1.3999982570567227e-05,20,0.03,0.999997327462527,0,forward_kl,3.124365132550527e-05,2,600,1.2999982573091984e-05,0.000526999996509403,9.999999974752427e-07,-13.886994687189315,20.0,0.000514000013936311,1.066579951878742,1.253687420806306,1.4157965431545658,1.0662292465092875,1.2531421351985697,1.4146756879773552,4.758262426010333
8192,1.0000001111620804e-06,3.000000106112566e-06,cuda,0.0,1000000,powerspherical,28.91770243213165,14.458851216065826,0.010511948715960945,-13.871161396296241,20.0,10.0,0.0004129999867927836,20,0.03,0.9999972738642284,0,reverse_kl,0.009116726269942777,0,600,0.0004119999866816215,7.200000254670158e-05,1.9999999949504854e-06,-13.881673345012201,20.0,0.0004839999892283231,1.0668665384995442,1.2539222053795498,1.4172371146295466,1.070406406965832,1.2369136244030732,1.375035743734149,3.299294150026981
8192,0.0,4.999999873689376e-06,cuda,0.0,1000000,powerspherical,28.909741242180562,14.454870621090281,0.010693078999986262,-13.869734655657552,20.0,10.0,0.0004769999868585728,20,0.03,0.9999954217837796,0,reverse_kl,0.008982425820754729,1,600,0.0004769999868585728,6.399999983841553e-05,4.999999873689376e-06,-13.88042773465754,20.0,0.0005409999866969883,1.0669538784215937,1.254070778195397,1.415430486551205,1.0704826256387485,1.2371698657434709,1.3745394455545175,3.268442551023327
8192,9.999999974752427e-07,0.0,cuda,0.0,1000000,powerspherical,28.944665261102447,14.472332630551223,0.01041155517600774,-13.876583132013305,20.0,10.0,0.0004580000128271422,20,0.03,0.9999956841613594,0,reverse_kl,0.008929069676528801,2,600,0.00045700001282966696,5.700000110664405e-05,9.999999974752427e-07,-13.886994687189315,20.0,0.000514000013936311,1.066579951878742,1.253687420806306,1.4157965431545658,1.0697399682837239,1.2363821430539408,1.3748643701025007,3.259173074970022
8192,7.000000323387212e-06,9.000000318337698e-06,cuda,0.0,1000000,spcauchy,0.2586397118647429,30.117335308551684,0.009918338407338247,-13.871755006604861,20.0,10.0,0.0013900000246849231,20,0.03,0.9999964927440949,0,reverse_kl,0.011478616985239845,0,600,0.001383000024361536,0.001867000013589859,1.9999999949504854e-06,-13.881673345012201,20.0,0.0004839999892283231,1.0668665384995442,1.2539222053795498,1.4172371146295466,1.0646400414637882,1.2753707626805961,1.4623992834926076,2.144881774962414
8192,1.0000003385357559e-06,6.000000212225132e-06,cuda,0.0,1000000,spcauchy,0.2583734191184181,30.0647247512155,0.009706198167042272,-13.870721536490496,20.0,10.0,0.0013570000228355639,20,0.03,0.9999971202742923,0,reverse_kl,0.011659401106336776,1,600,0.0013560000224970281,0.0018970000091940165,4.999999873689376e-06,-13.88042773465754,20.0,0.0005409999866969883,1.0669538784215937,1.254070778195397,1.415430486551205,1.0651441044536116,1.2762192071953367,1.4650328426006285,2.0970471700420603
8192,1.3999999623592885e-05,1.4999999621068127e-05,cuda,0.0,1000000,spcauchy,0.2585816837010813,30.105865101003705,0.009992040367204223,-13.87700264682211,20.0,10.0,0.0013159999601839445,20,0.03,0.9999971979414738,0,reverse_kl,0.011237838389700622,2,600,0.0013019999605603516,0.0018159999744966626,9.999999974752427e-07,-13.886994687189315,20.0,0.000514000013936311,1.066579951878742,1.253687420806306,1.4157965431545658,1.065144213522796,1.2754714235876128,1.4629440191079484,2.1449584490037523
8192,2.9999998787388904e-06,4.999999873689376e-06,cuda,0.0,1000000,vmf,19.965877840303545,19.965877840303545,6.084985977368728e-05,-13.881612495152426,20.0,10.0,6.10000049618975e-05,20,0.03,0.9999950912230672,0,reverse_kl,6.65625880165154e-05,0,600,5.800000508315861e-05,0.0005419999943114817,1.9999999949504854e-06,-13.881673345012201,20.0,0.0004839999892283231,1.0668665384995442,1.2539222053795498,1.4172371146295466,1.0674356397539264,1.254291133731692,1.4167993311106177,6.128872387052979
8192,1.99999976757681e-06,3.000000106112566e-06,cuda,0.0,1000000,vmf,19.999885325761632,19.999885325761632,3.45734235199602e-05,-13.880393161234018,20.0,10.0,2.09999698199681e-05,20,0.03,0.9999959811327815,0,reverse_kl,4.094402407292557e-05,1,600,1.899997005239129e-05,0.000522000016644597,4.999999873689376e-06,-13.88042773465754,20.0,0.0005409999866969883,1.0669538784215937,1.254070778195397,1.415430486551205,1.0670288166027282,1.2540965771663404,1.4156639872669314,5.940971905947663
8192,9.999999974752427e-07,1.9999999949504854e-06,cuda,0.0,1000000,vmf,19.98175805364926,19.98175805364926,3.192014068687869e-05,-13.886962767048628,20.0,10.0,2.5000008122333384e-05,20,0.03,0.9999973694264588,0,reverse_kl,2.2050468728410412e-05,2,600,2.400000812485814e-05,0.0005380000220611691,9.999999974752427e-07,-13.886994687189315,20.0,0.000514000013936311,1.066579951878742,1.253687420806306,1.4157965431545658,1.066848920439274,1.2538474678248714,1.415512045647723,5.712186840013601
8192,2.000000108637323e-06,3.000000106112566e-06,cuda,0.01,1000000,powerspherical,28.155571448822116,14.077785724411058,0.043795093616884564,-13.758834133024113,20.0,10.0,0.005235999851151973,20,0.03,0.9999950555144197,0,forward_kl,0.017714032496259528,0,600,0.005233999851043336,9.699999645818025e-05,9.999999974752427e-07,-13.802629226640997,20.0,0.005330999847501516,1.0686100914786718,1.2616757022033733,1.480100307706966,1.0779930946916818,1.2455342106760239,1.38450539451259,4.967797984019853
8192,1.99999976757681e-06,3.000000106112566e-06,cuda,0.01,1000000,powerspherical,28.193957065863774,14.096978532931887,0.044640704278953176,-13.755804917332828,20.0,10.0,0.005473000229358149,20,0.03,0.999995845060959,0,forward_kl,0.017432049355820416,1,600,0.005471000229590572,9.40000027185306e-05,4.999999873689376e-06,-13.80044562161178,20.0,0.005565000232309103,1.0687215576786078,1.2618708041617883,1.482189745967296,1.0775653893301766,1.2452397476665336,1.383379877826315,5.127871914010029
8192,9.999999974752427e-07,0.0,cuda,0.01,1000000,powerspherical,28.136590019874827,14.068295009937414,0.04340890409647617,-13.764503960854753,20.0,10.0,0.005328000151735068,20,0.03,0.9999966126411357,0,forward_kl,0.017464802047546354,2,600,0.005327000151737593,7.500000356230885e-05,9.999999974752427e-07,-13.80791286495123,20.0,0.005402000155299902,1.0683334981925574,1.2611829959841037,1.479703352186875,1.0777715763590456,1.245512631327401,1.3847582228998407,5.178908354952
8192,6.999999982326699e-06,7.999999979801942e-06,cuda,0.01,1000000,spcauchy,0.2559529450169404,29.589614072887336,0.012528376054205665,-13.790100850586791,20.0,10.0,0.0032739999636532957,20,0.03,0.9999952336566194,0,forward_kl,0.010178451096287807,0,600,0.003266999963670969,0.0020639998838305473,9.999999974752427e-07,-13.802629226640997,20.0,0.005330999847501516,1.0686100914786718,1.2616757022033733,1.480100307706966,1.0696790561656213,1.2808800498355422,1.4681184898799053,4.324904465000145
8192,1.0000003385357559e-06,6.000000212225132e-06,cuda,0.01,1000000,spcauchy,0.25615952349006443,29.629946449700356,0.012511723425169262,-13.787933898186614,20.0,10.0,0.0034860002269851975,20,0.03,0.999996121022121,0,forward_kl,0.010136283691685708,1,600,0.0034850002266466618,0.0020800000056624413,4.999999873689376e-06,-13.80044562161178,20.0,0.005565000232309103,1.0687215576786078,1.2618708041617883,1.482189745967296,1.06929930140047,1.2807602134366827,1.4697291268209878,4.412350484984927
8192,1.1999999856016075e-05,1.2999999853491317e-05,cuda,0.01,1000000,spcauchy,0.2559068546105618,29.580620870797507,0.012506872014299501,-13.79540599293693,20.0,10.0,0.0034100002625336856,20,0.03,0.9999970325340635,0,forward_kl,0.01002263787688657,2,600,0.0033980002626776695,0.0020039998926222324,9.999999974752427e-07,-13.80791286495123,20.0,0.005402000155299902,1.0683334981925574,1.2611829959841037,1.479703352186875,1.0701659463248165,1.2809557961951663,1.468666812375014,4.557449676969554
8192,3.999999876214133e-06,4.999999873689376e-06,cuda,0.01,1000000,vmf,19.69570130351926,19.69570130351926,0.013725744981412293,-13.788903481659585,20.0,10.0,0.004716999856441362,20,0.03,0.999995141453438,0,forward_kl,0.004894760783618556,0,600,0.004712999856565148,0.0006179999909363687,9.999999974752427e-07,-13.802629226640997,20.0,0.005330999847501516,1.0686100914786718,1.2616757022033733,1.480100307706966,1.0721251331255062,1.2597780235815086,1.4229707751570484,4.594142629997805
8192,2.9999998787388904e-06,1.9999999949504854e-06,cuda,0.01,1000000,vmf,19.682641178793848,19.682641178793848,0.014069354018577644,-13.786376267593205,20.0,10.0,0.004954000213501786,20,0.03,0.9999959802062205,0,forward_kl,0.004945608969197711,1,600,0.004951000213623047,0.0006140000186860561,4.999999873689376e-06,-13.80044562161178,20.0,0.005565000232309103,1.0687215576786078,1.2618708041617883,1.482189745967296,1.0725497673294324,1.2605143086172026,1.422665838595386,4.648514905013144
8192,2.000000108637323e-06,3.000000106112566e-06,cuda,0.01,1000000,vmf,19.69367661904213,19.69367661904213,0.013590353812499893,-13.794322511138732,20.0,10.0,0.004780000176992871,20,0.03,0.9999968557223309,0,forward_kl,0.004829445737821521,2,600,0.004778000176884234,0.000623999978415668,9.999999974752427e-07,-13.80791286495123,20.0,0.005402000155299902,1.0683334981925574,1.2611829959841037,1.479703352186875,1.0718791357242243,1.2597065817889348,1.422063500289534,4.532064314989839
8192,2.000000108637323e-06,3.000000106112566e-06,cuda,0.01,1000000,powerspherical,28.803195471667937,14.401597735833969,0.04509537853406311,-13.757533848106934,20.0,10.0,0.005255999850646731,20,0.03,0.9999972498620784,0,reverse_kl,0.01661059297876326,0,600,0.005253999850538094,7.699999696342275e-05,9.999999974752427e-07,-13.802629226640997,20.0,0.005330999847501516,1.0686100914786718,1.2616757022033733,1.480100307706966,1.0715267793332597,1.2381964002045978,1.3764193561538207,3.4412657400243916
8192,9.99999883788405e-07,3.999999989900971e-06,cuda,0.01,1000000,powerspherical,28.794288159703996,14.397144079851998,0.04601997608826636,-13.754425645523515,20.0,10.0,0.005498000231000333,20,0.03,0.9999954561790162,0,reverse_kl,0.016500351030527584,1,600,0.0054970002311165445,6.800000119255856e-05,4.999999873689376e-06,-13.80044562161178,20.0,0.005565000232309103,1.0687215576786078,1.2618708041617883,1.482189745967296,1.0716149432060924,1.2384562358922588,1.3759871710760216,3.3475462700007483
8192,9.999999974752427e-07,0.0,cuda,0.01,1000000,powerspherical,28.829123040682216,14.414561520341108,0.044711153690808324,-13.763201711260423,20.0,10.0,0.005342000156474569,20,0.03,0.9999956441135767,0,reverse_kl,0.016422855185450533,2,600,0.005341000156477094,6.0999998822808266e-05,9.999999974752427e-07,-13.80791286495123,20.0,0.005402000155299902,1.0683334981925574,1.2611829959841037,1.479703352186875,1.0708819069290403,1.2376813887528664,1.3762795591645758,3.35376800596714
8192,8.000000320862455e-06,9.000000318337698e-06,cuda,0.01,1000000,spcauchy,0.2566566358023063,29.72716773389406,0.012567971831302264,-13.790061254809695,20.0,10.0,0.0033219998562117325,20,0.03,0.999996463847113,0,reverse_kl,0.010138193878107124,0,600,0.00331399985589087,0.0020169999916106462,9.999999974752427e-07,-13.802629226640997,20.0,0.005330999847501516,1.0686100914786718,1.2616757022033733,1.480100307706966,1.0683599798633603,1.27943800286113,1.466622118802404,2.076318895968143
8192,1.0000003385357559e-06,6.000000212225132e-06,cuda,0.01,1000000,spcauchy,0.25640280342197597,29.677496041618518,0.012520142928730332,-13.78792547868305,20.0,10.0,0.003498000318359118,20,0.03,0.9999970991327027,0,reverse_kl,0.010114456256988343,1,600,0.003497000318020582,0.002067999914288521,4.999999873689376e-06,-13.80044562161178,20.0,0.005565000232309103,1.0687215576786078,1.2618708041617883,1.482189745967296,1.0688410893794136,1.2802598164565175,1.4692313773050678,2.0958822580287233
8192,1.1999999856016075e-05,1.2999999853491317e-05,cuda,0.01,1000000,spcauchy,0.25660345024419057,29.71675496764934,0.01252523363931008,-13.79538763131192,20.0,10.0,0.0034480000862231464,20,0.03,0.9999971295463652,0,reverse_kl,0.009960049932201466,2,600,0.0034360000863671303,0.0019660000689327717,9.999999974752427e-07,-13.80791286495123,20.0,0.005402000155299902,1.0683334981925574,1.2611829959841037,1.479703352186875,1.068855662282088,1.2795280770616095,1.4671584368395134,2.1272202670224942
8192,3.999999876214133e-06,4.999999873689376e-06,cuda,0.01,1000000,vmf,19.85162527139482,19.85162527139482,0.013931852987890821,-13.788697373653106,20.0,10.0,0.004760999842233105,20,0.03,0.9999951535852383,0,reverse_kl,0.0046615200396654365,0,600,0.0047569998423568904,0.0005740000051446259,9.999999974752427e-07,-13.802629226640997,20.0,0.005330999847501516,1.0686100914786718,1.2616757022033733,1.480100307706966,1.069410277304258,1.2565991995592356,1.4194200889193604,6.155587679008022
8192,1.99999976757681e-06,3.000000106112566e-06,cuda,0.01,1000000,vmf,19.88419914986423,19.88419914986423,0.014390273783835056,-13.786055347827945,20.0,10.0,0.005017000235056912,20,0.03,0.9999960671539507,0,reverse_kl,0.00465483875395123,1,600,0.005015000235289335,0.0005499999970197678,4.999999873689376e-06,-13.80044562161178,20.0,0.005565000232309103,1.0687215576786078,1.2618708041617883,1.482189745967296,1.069027037743069,1.2564342210514468,1.4182585211541097,6.066938313015271
8192,9.999999974752427e-07,1.9999999949504854e-06,cuda,0.01,1000000,vmf,19.867269174487234,19.867269174487234,0.013786424010395043,-13.794126440940836,20.0,10.0,0.004837000152861037,20,0.03,0.9999972496347042,0,reverse_kl,0.004651420718550238,2,600,0.004836000152863562,0.0005660000024363399,9.999999974752427e-07,-13.80791286495123,20.0,0.005402000155299902,1.0683334981925574,1.2611829959841037,1.479703352186875,1.0688504967913572,1.2561628023979412,1.4180429557512788,6.106833359983284
8192,0.0,9.999999974752427e-07,cuda,0.05,1000000,powerspherical,25.68719716344623,12.843598581723114,0.19798000624700424,-13.329380513759252,20.0,10.0,0.025027999974554405,20,0.03,0.9999949371385384,0,forward_kl,0.06749256161030087,0,600,0.025027999974554405,0.0002570000069681555,9.999999974752427e-07,-13.527360520006255,20.0,0.02528499998152256,1.0760516253405616,1.3008500007584485,1.720201998513949,1.1037182937855188,1.274754805669065,1.4163729670752419,5.206286944972817
8192,1.99999976757681e-06,3.000000106112566e-06,cuda,0.05,1000000,powerspherical,25.676109231658106,12.838054615829053,0.19736027570674028,-13.329124329906048,20.0,10.0,0.025042999869583582,20,0.03,0.9999946840244414,0,forward_kl,0.06748268046113982,1,600,0.025040999869816005,0.0002589999930933118,4.999999873689376e-06,-13.526484605612788,20.0,0.025299999862909317,1.0761338685416413,1.3005115097679312,1.7190100889356337,1.1037905902113043,1.27505556209859,1.4159604028899413,5.280172023980413
8192,9.999999974752427e-07,0.0,cuda,0.05,1000000,powerspherical,25.636633303679304,12.818316651839652,0.19725253200359727,-13.33428234463039,20.0,10.0,0.025110000707741165,20,0.03,0.9999963668112246,0,forward_kl,0.0674666737976421,2,600,0.02510900070774369,0.0002410000015515834,9.999999974752427e-07,-13.531534876633987,20.0,0.025350000709295273,1.0757434221688602,1.3003201355869787,1.7188332145712915,1.1038364631502775,1.2750604577163043,1.417077789068674,5.162054532964248
8192,2.999999992425728e-06,3.999999989900971e-06,cuda,0.05,1000000,spcauchy,0.24680770899096405,27.8437010369605,0.0605473675781833,-13.466813152428072,20.0,10.0,0.022461999883375938,20,0.03,0.9999955094099491,0,forward_kl,0.02839865192512843,0,600,0.022458999883383512,0.0028260000981390476,9.999999974752427e-07,-13.527360520006255,20.0,0.02528499998152256,1.0760516253405616,1.3008500007584485,1.720201998513949,1.086879287766126,1.2996428528689703,1.487560813601309,4.299575737968553
8192,0.0,4.999999873689376e-06,cuda,0.05,1000000,spcauchy,0.2468939980968915,27.859818901037364,0.060123360784076346,-13.466361244828713,20.0,10.0,0.02243299991823733,20,0.03,0.9999957552627368,0,forward_kl,0.027971669436920116,1,600,0.02243299991823733,0.0028669999446719885,4.999999873689376e-06,-13.526484605612788,20.0,0.025299999862909317,1.0761338685416413,1.3005115097679312,1.7190100889356337,1.0867293259368003,1.299769699464088,1.4894266692021192,4.396914720011409
8192,1.0000000088439265e-05,1.1000000085914508e-05,cuda,0.05,1000000,spcauchy,0.24671633096500528,27.82663987193678,0.060293829291102045,-13.471241047342886,20.0,10.0,0.02256900064492129,20,0.03,0.9999967663584362,0,forward_kl,0.028437203787174906,2,600,0.02255900064483285,0.0027910000644624233,9.999999974752427e-07,-13.531534876633987,20.0,0.025350000709295273,1.0757434221688602,1.3003201355869787,1.7188332145712915,1.087460263086161,1.2998101000509803,1.4882012146042083,4.423723293002695
8192,2.000000108637323e-06,3.000000106112566e-06,cuda,0.05,1000000,vmf,18.49355937127597,18.49355937127597,0.09956989548951467,-13.42779062451674,20.0,10.0,0.02415299996152953,20,0.03,0.999995323345948,0,forward_kl,0.03827342294195327,0,600,0.024150999961420894,0.0011340000201016665,9.999999974752427e-07,-13.527360520006255,20.0,0.02528499998152256,1.0760516253405616,1.3008500007584485,1.720201998513949,1.0936653886186636,1.2847132328426132,1.450763204017556,4.683811555965804
8192,4.999999873689376e-06,0.0,cuda,0.05,1000000,vmf,18.495451457482645,18.495451457482645,0.09912189428466357,-13.427362711328126,20.0,10.0,0.024163999905795208,20,0.03,0.9999953295696195,0,forward_kl,0.038300401791747575,1,600,0.02415899990592152,0.0011409999569877982,4.999999873689376e-06,-13.526484605612788,20.0,0.025299999862909317,1.0761338685416413,1.3005115097679312,1.7190100889356337,1.0938381086227111,1.285155660526488,1.450227226410729,4.736015064991079
8192,9.999999974752427e-07,1.9999999949504854e-06,cuda,0.05,1000000,vmf,18.503506107297635,18.503506107297635,0.09922647285736864,-13.43230840377662,20.0,10.0,0.024254000738096693,20,0.03,0.999996562957403,0,forward_kl,0.037782295938223194,2,600,0.024253000738099217,0.0010969999711960554,9.999999974752427e-07,-13.531534876633987,20.0,0.025350000709295273,1.0757434221688602,1.3003201355869787,1.7188332145712915,1.0931891624369805,1.2845116107684242,1.449367649094812,4.744274600001518
8192,2.000000108637323e-06,3.000000106112566e-06,cuda,0.05,1000000,powerspherical,28.437802629987914,14.218901314993957,0.22305123841072488,-13.30430928159553,20.0,10.0,0.02519699998026681,20,0.03,0.9999972138519768,0,reverse_kl,0.048979798093604275,0,600,0.025194999980158173,9.000000136438757e-05,9.999999974752427e-07,-13.527360520006255,20.0,0.02528499998152256,1.0760516253405616,1.3008500007584485,1.720201998513949,1.0751516718278422,1.2423290390883621,1.3809760124050863,3.4274139250046574
8192,1.99999976757681e-06,3.000000106112566e-06,cuda,0.05,1000000,powerspherical,28.4295684608572,14.2147842304286,0.22235260052376526,-13.304132005089023,20.0,10.0,0.025218999863682257,20,0.03,0.9999954536762777,0,reverse_kl,0.04891708888829094,1,600,0.02521699986391468,8.299999899463728e-05,4.999999873689376e-06,-13.526484605612788,20.0,0.025299999862909317,1.0761338685416413,1.3005115097679312,1.7190100889356337,1.0752382151806188,1.2425828401363097,1.3805522609665417,3.199606867041439
8192,9.999999974752427e-07,0.0,cuda,0.05,1000000,powerspherical,28.464774568020893,14.232387284010446,0.22228069993953717,-13.309254176694449,20.0,10.0,0.025286000709115797,20,0.03,0.9999955554355341,0,reverse_kl,0.04873724583709885,2,600,0.02528500070911832,6.500000017695129e-05,9.999999974752427e-07,-13.531534876633987,20.0,0.025350000709295273,1.0757434221688602,1.3003201355869787,1.7188332145712915,1.0744917412024022,1.2417914957894933,1.3807252604735891,3.4324097459902987
8192,5.000000214749889e-06,6.000000212225132e-06,cuda,0.05,1000000,spcauchy,0.2525778480763668,28.936320253496913,0.06298884685493214,-13.464371673151321,20.0,10.0,0.022980000087386543,20,0.03,0.9999963765266943,0,reverse_kl,0.02598367142140031,0,600,0.022975000087171793,0.002309999894350767,9.999999974752427e-07,-13.527360520006255,20.0,0.02528499998152256,1.0760516253405616,1.3008500007584485,1.720201998513949,1.0760208040784889,1.2878034974782642,1.4753019038674926,2.2611810509697534
8192,1.0000003385357559e-06,6.000000212225132e-06,cuda,0.05,1000000,spcauchy,0.2523380412156121,28.890305418618915,0.062368352574559464,-13.464116253038227,20.0,10.0,0.022922999916772824,20,0.03,0.9999970467432512,0,reverse_kl,0.025638593592897,1,600,0.022921999916434288,0.002377999946475029,4.999999873689376e-06,-13.526484605612788,20.0,0.025299999862909317,1.0761338685416413,1.3005115097679312,1.7190100889356337,1.0764752067791532,1.2885976780349329,1.4778832372659116,2.164127245952841
8192,1.0000000088439265e-05,1.1000000085914508e-05,cuda,0.05,1000000,spcauchy,0.25254181305865997,28.92940235968519,0.06258204591084614,-13.46895283072314,20.0,10.0,0.023111000813855753,20,0.03,0.9999970256354854,0,reverse_kl,0.025809816488654644,2,600,0.023101000813767314,0.002248999895527959,9.999999974752427e-07,-13.531534876633987,20.0,0.025350000709295273,1.0757434221688602,1.3003201355869787,1.7188332145712915,1.0764868904523646,1.287858532162141,1.4758030330329575,2.240768702002242
8192,3.999999876214133e-06,4.999999873689376e-06,cuda,0.05,1000000,vmf,19.56235205356673,19.56235205356673,0.1087284428266352,-13.418632077179621,20.0,10.0,0.02463199998453547,20,0.03,0.9999951662940257,0,reverse_kl,0.03055924501134652,0,600,0.024627999984659255,0.0006569999968633056,9.999999974752427e-07,-13.527360520006255,20.0,0.02528499998152256,1.0760516253405616,1.3008500007584485,1.720201998513949,1.0744671328910465,1.2624960440383473,1.4260442032019043,6.16925518005155
8192,3.999999876214133e-06,9.999999974752427e-07,cuda,0.05,1000000,vmf,19.593546870133498,19.593546870133498,0.10883049035514623,-13.41765411525764,20.0,10.0,0.024649999888765706,20,0.03,0.9999961575753251,0,reverse_kl,0.03057770946634723,1,600,0.02464599988888949,0.0006539999740198255,4.999999873689376e-06,-13.526484605612788,20.0,0.025299999862909317,1.0761338685416413,1.3005115097679312,1.7190100889356337,1.0740958148520712,1.2623201085403415,1.4248240761359081,6.152138523990288
8192,2.000000108637323e-06,3.000000106112566e-06,cuda,0.05,1000000,vmf,19.573160312889915,19.573160312889915,0.10829441004517602,-13.42324046658881,20.0,10.0,0.02469700072776959,20,0.03,0.9999970916427482,0,reverse_kl,0.030600247099645168,2,600,0.024695000727660954,0.0006549999816343188,9.999999974752427e-07,-13.531534876633987,20.0,0.025350000709295273,1.0757434221688602,1.3003201355869787,1.7188332145712915,1.0740000610451017,1.2621727287175386,1.4247703167491463,6.148106706968974
8192,0.0,9.999999974752427e-07,cuda,0.1,1000000,powerspherical,22.90141007710232,11.45070503855116,0.37535298964862235,-12.843144870704856,20.0,10.0,0.049524001602549106,20,0.03,0.9999944456399741,0,forward_kl,0.15404849553359942,0,600,0.049524001602549106,0.0007740000146441162,9.999999974752427e-07,-13.218497860353477,20.0,0.05029800161719322,1.0864210751811814,1.3851547421203163,1.79807715927331,1.13509862330658,1.3102918644195378,1.4550842343577417,5.201679758960381
8192,3.999999876214133e-06,9.999999974752427e-07,cuda,0.1,1000000,powerspherical,22.899263235757083,11.449631617878541,0.3738520253470896,-12.841933395540678,20.0,10.0,0.049567998763791365,20,0.03,0.9999955923608528,0,forward_kl,0.1538628657286521,1,600,0.04956399876391515,0.000783999974373728,4.999999873689376e-06,-13.215785420887766,20.0,0.05034799873828888,1.0865736453942483,1.385376774138376,1.798050096422169,1.1350496925809268,1.3105114086476426,1.4546986092137237,5.340084377967287
8192,9.999999974752427e-07,0.0,cuda,0.1,1000000,powerspherical,22.862018156880985,11.431009078440493,0.3739897020705579,-12.84904421348422,20.0,10.0,0.04948999929877118,20,0.03,0.9999966880912387,0,forward_kl,0.15381346068663734,2,600,0.049488999298773706,0.000775999971665442,9.999999974752427e-07,-13.223033915554781,20.0,0.05026499927043915,1.0860171990518181,1.384615665634358,1.7970043384750807,1.1351213660566732,1.3105018534696304,1.4557497119265916,5.152251809020527
8192,0.0,9.999999974752427e-07,cuda,0.1,1000000,spcauchy,0.23499142942704246,25.69800419345513,0.14002687028160307,-13.078470990071875,20.0,10.0,0.046122001484036446,20,0.03,0.999995378032181,0,forward_kl,0.06720076060763967,0,600,0.046122001484036446,0.004176000133156776,9.999999974752427e-07,-13.218497860353477,20.0,0.05029800161719322,1.0864210751811814,1.3851547421203163,1.79807715927331,1.1092160663792912,1.323894911555241,1.512588823282351,4.681441241002176
8192,2.9999998787388904e-06,1.9999999949504854e-06,cuda,0.1,1000000,spcauchy,0.2349709125807172,25.69438230940431,0.13914222466892612,-13.076643196218841,20.0,10.0,0.046033998695520495,20,0.03,0.9999963529455234,0,forward_kl,0.06661187670614022,1,600,0.046030998695641756,0.004317000042647123,4.999999873689376e-06,-13.215785420887766,20.0,0.05034799873828888,1.0865736453942483,1.385376774138376,1.798050096422169,1.109264132321437,1.3242391258447967,1.5146969348518846,4.590203539992217
8192,6.999999982326699e-06,7.999999979801942e-06,cuda,0.1,1000000,spcauchy,0.23491750517798415,25.68495583156767,0.13951310244071496,-13.083520813114063,20.0,10.0,0.04608899931679389,20,0.03,0.9999972202155616,0,forward_kl,0.06746589568991644,2,600,0.04608199931681156,0.004182999953627586,9.999999974752427e-07,-13.223033915554781,20.0,0.05026499927043915,1.0860171990518181,1.384615665634358,1.7970043384750807,1.1097705448936597,1.3240250456618954,1.513191582288587,4.448854396992829
8192,9.999999974752427e-07,1.9999999949504854e-06,cuda,0.1,1000000,vmf,17.097523038806873,17.097523038806873,0.21278448159582813,-13.00571337875765,20.0,10.0,0.04807300166396544,20,0.03,0.999995087237874,0,forward_kl,0.09674081160191121,0,600,0.04807200166396797,0.002225999953225255,9.999999974752427e-07,-13.218497860353477,20.0,0.05029800161719322,1.0864210751811814,1.3851547421203163,1.79807715927331,1.1200751278910626,1.3152641032653494,1.4843177816544997,4.69131710199872
8192,4.999999873689376e-06,0.0,cuda,0.1,1000000,vmf,17.09358586346012,17.09358586346012,0.21175800302716039,-13.004027417860609,20.0,10.0,0.04813899864348059,20,0.03,0.999996007173106,0,forward_kl,0.0967566931049176,1,600,0.0481339986436069,0.0022140000946819782,4.999999873689376e-06,-13.215785420887766,20.0,0.05034799873828888,1.0865736453942483,1.385376774138376,1.798050096422169,1.1203145723451373,1.3157109087375354,1.4841380306532441,4.705112954019569
8192,0.0,9.999999974752427e-07,cuda,0.1,1000000,vmf,17.090406118142536,17.090406118142536,0.21206809632914866,-13.01096581922563,20.0,10.0,0.048113999189808965,20,0.03,0.9999969884159313,0,forward_kl,0.09620089748358598,2,600,0.048113999189808965,0.0021510000806301832,9.999999974752427e-07,-13.223033915554781,20.0,0.05026499927043915,1.0860171990518181,1.384615665634358,1.7970043384750807,1.1198603070426016,1.3152977765342277,1.4836429644911648,4.726314019993879
8192,2.000000108637323e-06,3.000000106112566e-06,cuda,0.1,1000000,powerspherical,28.01759404140606,14.00879702070303,0.4689815684250223,-12.749516291928455,20.0,10.0,0.050197001618812465,20,0.03,0.9999971805412987,0,reverse_kl,0.09239313015012539,0,600,0.05019500161870383,0.00010299999848939478,9.999999974752427e-07,-13.218497860353477,20.0,0.05029800161719322,1.0864210751811814,1.3851547421203163,1.79807715927331,1.079373206395267,1.2471167922938207,1.3861739140870915,3.4648515160079114
8192,1.99999976757681e-06,3.000000106112566e-06,cuda,0.1,1000000,powerspherical,28.01130232686327,14.005651163431635,0.4675935920503255,-12.748191828837443,20.0,10.0,0.050245998739228526,20,0.03,0.9999954034335111,0,reverse_kl,0.09235828283637948,1,600,0.05024399873946095,0.00010399999882793054,4.999999873689376e-06,-13.215785420887766,20.0,0.05034799873828888,1.0865736453942483,1.385376774138376,1.798050096422169,1.0794284630084334,1.2473453942124142,1.3857397229757535,3.351068313990254
8192,9.999999974752427e-07,0.0,cuda,0.1,1000000,powerspherical,28.04618664456264,14.02309332228132,0.467319690117387,-12.75571422543739,20.0,10.0,0.050187999273134665,20,0.03,0.9999954725121486,0,reverse_kl,0.09207893820151059,2,600,0.05018699927313719,7.79999973019585e-05,9.999999974752427e-07,-13.223033915554781,20.0,0.05026499927043915,1.0860171990518181,1.384615665634358,1.7970043384750807,1.0786899338558529,1.2465492784623389,1.3859531983825213,3.436386429006234
8192,2.999999992425728e-06,3.999999989900971e-06,cuda,0.1,1000000,spcauchy,0.248619127097228,28.18345553536992,0.15297940760067594,-13.065518452752803,20.0,10.0,0.04764600165697175,20,0.03,0.9999962826246204,0,reverse_kl,0.05512140683876001,0,600,0.04764300165697932,0.0026549999602138996,9.999999974752427e-07,-13.218497860353477,20.0,0.05029800161719322,1.0864210751811814,1.3851547421203163,1.79807715927331,1.083471206918876,1.2959246247362386,1.483715798841932,2.2342223420273513
8192,1.0000003385357559e-06,6.000000212225132e-06,cuda,0.1,1000000,spcauchy,0.24837322570870776,28.13716047890192,0.15174609033568046,-13.064039330552086,20.0,10.0,0.0476339987872052,20,0.03,0.9999969820648957,0,reverse_kl,0.054563079931275224,1,600,0.047632998786866665,0.0027149999514222145,4.999999873689376e-06,-13.215785420887766,20.0,0.05034799873828888,1.0865736453942483,1.385376774138376,1.798050096422169,1.0839366724173662,1.296732273417,1.4863111718714117,2.152416452008765
8192,1.0000000088439265e-05,1.1000000085914508e-05,cuda,0.1,1000000,spcauchy,0.24858650325522766,28.177310410693135,0.1520938917018203,-13.070940023852959,20.0,10.0,0.04765499934399031,20,0.03,0.9999969209470669,0,reverse_kl,0.05496182319589838,2,600,0.04764499934390187,0.0026199999265372753,9.999999974752427e-07,-13.223033915554781,20.0,0.05026499927043915,1.0860171990518181,1.384615665634358,1.7970043384750807,1.083931955578226,1.295973206224687,1.4842107646409861,2.1842955139582045
8192,3.999999876214133e-06,4.999999873689376e-06,cuda,0.1,1000000,vmf,19.256020102878683,19.256020102878683,0.25239644731197003,-12.966101413041505,20.0,10.0,0.04953000161765431,20,0.03,0.9999951093415097,0,reverse_kl,0.06789008807847939,0,600,0.04952600161777809,0.0007719999994151294,9.999999974752427e-07,-13.218497860353477,20.0,0.05029800161719322,1.0864210751811814,1.3851547421203163,1.79807715927331,1.0798849520043277,1.2687729635556806,1.4331271894356308,5.988518870959524
8192,4.999999873689376e-06,0.0,cuda,0.1,1000000,vmf,19.289931918989065,19.289931918989065,0.25281191071358877,-12.96297351017418,20.0,10.0,0.049597998751778505,20,0.03,0.9999961710013523,0,reverse_kl,0.06791155636528402,1,600,0.049592998751904815,0.000754999986384064,4.999999873689376e-06,-13.215785420887766,20.0,0.05034799873828888,1.0865736453942483,1.385376774138376,1.798050096422169,1.0794751535135507,1.2685282452015945,1.4317530429334093,6.126073069986887
8192,2.000000108637323e-06,3.000000106112566e-06,cuda,0.1,1000000,vmf,19.264985559639275,19.264985559639275,0.2513297827201444,-12.971704132834637,20.0,10.0,0.04949399926351816,20,0.03,0.999996946408808,0,reverse_kl,0.06793108058303587,2,600,0.049491999263409525,0.0007730000070296228,9.999999974752427e-07,-13.223033915554781,20.0,0.05026499927043915,1.0860171990518181,1.384615665634358,1.7970043384750807,1.0794452645407873,1.2685238387176652,1.4317886933915018,6.190279348986223
8192,0.0,0.0,cuda,0.2,1000000,powerspherical,18.216993486505096,9.108496743252548,0.6350399201429755,-12.026786690875708,20.0,10.0,0.09550500242039561,20,0.03,0.9999925623923348,0,forward_kl,0.3489267879510247,0,600,0.09550500242039561,0.004397999960929155,0.0,-12.661826611018686,20.0,0.09990300238132477,1.1114852693556094,1.5706076610994195,1.8615345243102646,1.1945456937680317,1.3775437825541867,1.528034108802475,5.182896913960576
8192,3.999999989900971e-06,0.0,cuda,0.2,1000000,powerspherical,18.219386410900718,9.109693205450359,0.6319706151750804,-12.028563397434773,20.0,10.0,0.09554400338538471,20,0.03,0.9999955059769254,0,forward_kl,0.3481235300443129,1,600,0.09554000338539481,0.004275000188499689,3.999999989900971e-06,-12.660534012609855,20.0,0.0998150035738945,1.111491567467176,1.5703841585382705,1.8608254658816277,1.1943779798063963,1.3777106829621433,1.5275811841289293,5.240985024021938
8192,9.999999974752427e-07,0.0,cuda,0.2,1000000,powerspherical,18.204411672827483,9.102205836413741,0.6349965661260787,-12.025450288287363,20.0,10.0,0.09567699790170536,20,0.03,0.9999941947597344,0,forward_kl,0.34749560773851357,2,600,0.09567599790170789,0.004441000055521727,9.999999974752427e-07,-12.660446854413442,20.0,0.10011699795722961,1.1112697020899818,1.571074151506081,1.8618964428934612,1.1943033853990364,1.3773315613364916,1.528693187325858,5.319574391003698
8192,9.999999974752427e-07,9.999999974752427e-07,cuda,0.2,1000000,spcauchy,0.21065023380041928,21.637294197966785,0.2979325792307385,-12.36389403178795,20.0,10.0,0.09085000282323108,20,0.03,0.9999945528691425,0,forward_kl,0.17286318391285588,0,600,0.0908490028232336,0.009053999558091164,0.0,-12.661826611018686,20.0,0.09990300238132477,1.1114852693556094,1.5706076610994195,1.8615345243102646,1.1555978768699862,1.3738622431663432,1.563779097128483,4.310389388992917
8192,3.999999989900971e-06,0.0,cuda,0.2,1000000,spcauchy,0.21046641885285328,21.608348342595338,0.29608131949842276,-12.364452693111431,20.0,10.0,0.09047200341456119,20,0.03,0.9999961782361255,0,forward_kl,0.17247395727341974,1,600,0.09046800341457129,0.009347000159323215,3.999999989900971e-06,-12.660534012609855,20.0,0.0998150035738945,1.111491567467176,1.5703841585382705,1.8608254658816277,1.1559547647591515,1.3745447145625456,1.566233273655111,4.4815206279745325
8192,9.999999974752427e-07,1.9999999949504854e-06,cuda,0.2,1000000,spcauchy,0.21069872286128646,21.64493401045429,0.29820906420164783,-12.362237790211795,20.0,10.0,0.09103499794548497,20,0.03,0.9999950678747554,0,forward_kl,0.1733316069876295,2,600,0.0910339979454875,0.009083000011742115,9.999999974752427e-07,-12.660446854413442,20.0,0.10011699795722961,1.1112697020899818,1.571074151506081,1.8618964428934612,1.1559276514770507,1.3737435470523425,1.5641178061814962,4.503411276033148
8192,0.0,0.0,cuda,0.2,1000000,vmf,14.543857199923625,14.543857199923625,0.4020231266829845,-12.259803484335702,20.0,10.0,0.09275200217962265,20,0.03,0.9999940534458222,0,forward_kl,0.23722253092110915,0,600,0.09275200217962265,0.007151000201702118,0.0,-12.661826611018686,20.0,0.09990300238132477,1.1114852693556094,1.5706076610994195,1.8615345243102646,1.1723180256965604,1.3751170685385603,1.5499361367941729,4.399740030989051
8192,3.999999989900971e-06,0.0,cuda,0.2,1000000,vmf,14.550175657869007,14.550175657869007,0.3998292827167894,-12.260704729893064,20.0,10.0,0.09265300349079553,20,0.03,0.999995817614287,0,forward_kl,0.23609922615625656,1,600,0.09264900349080563,0.007166000083088875,3.999999989900971e-06,-12.660534012609855,20.0,0.0998150035738945,1.111491567467176,1.5703841585382705,1.8608254658816277,1.1723095782069684,1.375212263360277,1.54969187851316,4.630056120979134
8192,9.999999974752427e-07,0.0,cuda,0.2,1000000,vmf,14.540948468734607,14.540948468734607,0.4022153168372881,-12.258231537576155,20.0,10.0,0.09317099791189776,20,0.03,0.9999945725693441,0,forward_kl,0.2360947430064614,2,600,0.09316999791190028,0.006947000045329332,9.999999974752427e-07,-12.660446854413442,20.0,0.10011699795722961,1.1112697020899818,1.571074151506081,1.8618964428934612,1.1720388018342645,1.3750694955341354,1.5481255638604738,4.738986692973413
8192,1.9999999949504854e-06,1.9999999949504854e-06,cuda,0.2,1000000,powerspherical,27.125643116141493,13.562821558070747,0.9649653443340909,-11.696861266684596,20.0,10.0,0.09976200238384081,20,0.03,0.9999971070595561,0,reverse_kl,0.187338795311109,0,600,0.09976000238384586,0.0001429999974789098,0.0,-12.661826611018686,20.0,0.09990300238132477,1.1114852693556094,1.5706076610994195,1.8615345243102646,1.0884929625305215,1.2574612969755012,1.3975611560405776,3.440901755995583
8192,9.99999883788405e-07,3.000000106112566e-06,cuda,0.2,1000000,powerspherical,27.12527766010126,13.56263883005063,0.9610777809853517,-11.699456231624502,20.0,10.0,0.0996650035735911,20,0.03,0.9999952644899965,0,reverse_kl,0.18730488275264653,1,600,0.0996640035737073,0.00015100000018719584,3.999999989900971e-06,-12.660534012609855,20.0,0.0998150035738945,1.111491567467176,1.5703841585382705,1.8608254658816277,1.0884708329628197,1.257653184786732,1.3969333816377119,3.3759759870008565
8192,9.999999974752427e-07,0.0,cuda,0.2,1000000,powerspherical,27.157482989810028,13.578741494905014,0.9678246500436395,-11.692622204369805,20.0,10.0,0.0999939979589044,20,0.03,0.9999953144619979,0,reverse_kl,0.1868846955400937,2,600,0.09999299795890693,0.00012399999832268804,9.999999974752427e-07,-12.660446854413442,20.0,0.10011699795722961,1.1112697020899818,1.571074151506081,1.8618964428934612,1.0877467354931913,1.256788576861294,1.3972463304189882,3.385208121035248
8192,3.000000106112566e-06,3.000000106112566e-06,cuda,0.2,1000000,spcauchy,0.24094879395840732,26.764712430062705,0.35936645426741115,-12.302460156751275,20.0,10.0,0.09644800236037554,20,0.03,0.9999960817589866,0,reverse_kl,0.1263007787048376,0,600,0.09644500236026943,0.0034580000210553408,0.0,-12.661826611018686,20.0,0.09990300238132477,1.1114852693556094,1.5706076610994195,1.8615345243102646,1.0979439296300746,1.3116651141708215,1.4999854998943587,2.2037172879790887
8192,9.99999883788405e-07,3.000000106112566e-06,cuda,0.2,1000000,spcauchy,0.24069173739389596,26.71805898016729,0.3564433570308973,-12.304090655578959,20.0,10.0,0.09622800349416138,20,0.03,0.9999968375638546,0,reverse_kl,0.12547373295907133,1,600,0.0962270034942776,0.0035880000796169043,3.999999989900971e-06,-12.660534012609855,20.0,0.0998150035738945,1.111491567467176,1.5703841585382705,1.8608254658816277,1.0984335819840099,1.3124963346319478,1.5026022667460484,2.165322556043975
8192,8.000000320862455e-06,9.000000318337698e-06,cuda,0.2,1000000,spcauchy,0.24092610797189704,26.760592832033574,0.3598024240648005,-12.300644430348642,20.0,10.0,0.09673999802669186,20,0.03,0.9999967034632407,0,reverse_kl,0.12622506014625287,2,600,0.096731998026371,0.003384999930858612,9.999999974752427e-07,-12.660446854413442,20.0,0.10011699795722961,1.1112697020899818,1.571074151506081,1.8618964428934612,1.0983907284529595,1.3116933615203525,1.500459817035657,2.2382375539746135
8192,3.999999989900971e-06,3.999999989900971e-06,cuda,0.2,1000000,vmf,18.644456487642575,18.644456487642575,0.5572736373851187,-12.104552973633567,20.0,10.0,0.0988480023502234,20,0.03,0.9999948538082605,0,reverse_kl,0.15199813281464664,0,600,0.0988440023502335,0.0010590000310912728,0.0,-12.661826611018686,20.0,0.09990300238132477,1.1114852693556094,1.5706076610994195,1.8615345243102646,1.0908930208435008,1.2815032800113897,1.4471773972896271,6.133129057008773
8192,2.999999992425728e-06,9.999999974752427e-07,cuda,0.2,1000000,vmf,18.680182171983887,18.680182171983887,0.5574633972766521,-12.1030706153332,20.0,10.0,0.0987790035786702,20,0.03,0.9999961234909112,0,reverse_kl,0.15189356613136257,1,600,0.09877600357867777,0.0010389999952167273,3.999999989900971e-06,-12.660534012609855,20.0,0.0998150035738945,1.111491567467176,1.5703841585382705,1.8608254658816277,1.0904502977367478,1.281267244864501,1.44583252109092,5.997634090017527
8192,9.999999974752427e-07,1.9999999949504854e-06,cuda,0.2,1000000,vmf,18.64338714807979,18.64338714807979,0.5578183593602278,-12.102628495053215,20.0,10.0,0.09908499800769732,20,0.03,0.9999966397718193,0,reverse_kl,0.15185436516647063,2,600,0.09908399800769985,0.001032999949529767,9.999999974752427e-07,-12.660446854413442,20.0,0.10011699795722961,1.1112697020899818,1.571074151506081,1.8618964428934612,1.090612421186976,1.2815341584055944,1.4460821973902158,6.210763573995791
8192,0.0,1.0,cuda,0.0,1000000,powerspherical,983.6695399589358,491.8347699794679,0.00012609062666460636,-54.5044566681188,500.0,10.0,0.0,500,0.03,0.9999998385396855,0,forward_kl,0.00013583638104017933,0,600,0.0,0.0,1.0,-54.504582758745464,500.0,0.0,0.2491283645557975,0.29060261068153526,0.3263006075883994,0.24914553323808702,0.29026878387618815,0.32518342435463543,4.931901776988525
8192,0.0,1.0,cuda,0.0,1000000,powerspherical,983.3347981215003,491.66739906075014,0.0001841796085241225,-54.50871754838422,500.0,10.0,0.0,500,0.03,0.9999997579483226,0,forward_kl,0.00017726378800454103,1,600,0.0,0.0,1.0,-54.50890172799274,500.0,0.0,0.24909984511327973,0.2906432871382032,0.3262869719532214,0.2491698721545909,0.2903541598483857,0.3250955420196621,5.034751594008412
8192,0.0,1.0,cuda,0.0,1000000,powerspherical,984.1302304276886,492.0651152138443,0.00014641613056570724,-54.517907767731906,500.0,10.0,0.0,500,0.03,0.9999997636235987,0,forward_kl,0.00018362586551936652,2,600,0.0,0.0,1.0,-54.51805418386246,500.0,0.0,0.24904253938123014,0.29055902797096034,0.325810569989695,0.24900381487285883,0.2901462463942025,0.32512270905999696,5.019075124000665
8192,1.901388168334961e-05,0.9999809861183167,cuda,0.0,1000000,spcauchy,0.7784727622600939,1015.2409604202624,0.09244231557679079,-54.41214044316867,500.0,10.0,1.901388168334961e-05,500,0.03,0.9999998482674473,0,forward_kl,0.16451480638718904,0,600,0.0,0.0,1.0,-54.504582758745464,500.0,0.0,0.2491283645557975,0.29060261068153526,0.3263006075883994,0.24785139607656304,0.3108545581144457,0.37494712973056404,4.227246152004227
8192,2.09808349609375e-05,0.9999790191650391,cuda,0.0,1000000,spcauchy,0.7784511638115393,1015.0148595654812,0.0915167306620981,-54.41738499733064,500.0,10.0,2.09808349609375e-05,500,0.03,0.9999997561634814,0,forward_kl,0.16604673340068607,1,600,0.0,0.0,1.0,-54.50890172799274,500.0,0.0,0.24909984511327973,0.2906432871382032,0.3262869719532214,0.24788357431318708,0.3109874117043482,0.37573972957749147,4.18181038898183
8192,1.800060272216797e-05,0.9999819993972778,cuda,0.0,1000000,spcauchy,0.7785111228958137,1015.642704137173,0.09247173444166464,-54.42558244942081,500.0,10.0,1.800060272216797e-05,500,0.03,0.9999997573769326,0,forward_kl,0.16378787414566626,2,600,0.0,0.0,1.0,-54.51805418386246,500.0,0.0,0.24904253938123014,0.29055902797096034,0.325810569989695,0.24791653959548882,0.31079374047970026,0.3750534305537076,4.183781080995686
8192,0.0,1.0,cuda,0.0,1000000,vmf,500.2119643006134,500.2119643006134,7.252435116714265e-05,-54.504510234394296,500.0,10.0,0.0,500,0.03,0.9999998390607922,0,forward_kl,8.163377773321696e-05,0,600,0.0,0.0,1.0,-54.504582758745464,500.0,0.0,0.2491283645557975,0.29060261068153526,0.3263006075883994,0.24905463722178095,0.29057488802074166,0.3259748497518043,4.47248826501891
8192,0.0,1.0,cuda,0.0,1000000,vmf,500.04239290990415,500.04239290990415,0.0001008977624643419,-54.50880083023028,500.0,10.0,0.0,500,0.03,0.9999997579692214,0,forward_kl,0.00011444629587090316,1,600,0.0,0.0,1.0,-54.50890172799274,500.0,0.0,0.24909984511327973,0.2906432871382032,0.3262869719532214,0.2490742973019242,0.29063020820238505,0.32607811310073626,4.469141028996091
8192,0.0,1.0,cuda,0.0,1000000,vmf,500.4417413251357,500.4417413251357,9.558142262890754e-05,-54.51795860243984,500.0,10.0,0.0,500,0.03,0.9999997635051737,0,forward_kl,0.00012479800859178635,2,600,0.0,0.0,1.0,-54.51805418386246,500.0,0.0,0.24904253938123014,0.29055902797096034,0.325810569989695,0.24895926615924682,0.2904122040509085,0.32600190905747745,4.650679215032142
8192,0.0,1.0,cuda,0.0,1000000,powerspherical,982.8234420564442,491.4117210282221,0.0001938581824063924,-54.50438890056305,500.0,10.0,0.0,500,0.03,0.9999997011940661,0,reverse_kl,0.00022118871637380198,0,600,0.0,0.0,1.0,-54.504582758745464,500.0,0.0,0.2491283645557975,0.29060261068153526,0.3263006075883994,0.24925440184769324,0.2903864608777004,0.325323868899438,3.3314992709783837
8192,0.0,1.0,cuda,0.0,1000000,powerspherical,982.5510919932577,491.27554599662886,0.00017928565738342092,-54.50872244233537,500.0,10.0,0.0,500,0.03,0.9999998079545882,0,reverse_kl,0.00018222591921547546,1,600,0.0,0.0,1.0,-54.50890172799274,500.0,0.0,0.24909984511327973,0.2906432871382032,0.3262869719532214,0.24927136377077974,0.29047034072329236,0.32522342741230964,3.2668273369781673
8192,0.0,1.0,cuda,0.0,1000000,powerspherical,983.6614594515953,491.83072972579765,0.00013372674043148959,-54.517920457122045,500.0,10.0,0.0,500,0.03,0.9999998171939061,0,reverse_kl,0.0001707223872715121,2,600,0.0,0.0,1.0,-54.51805418386246,500.0,0.0,0.24904253938123014,0.29055902797096034,0.325810569989695,0.2490618720553046,0.29021010538216097,0.3252306575240005,3.2597824210533872
8192,1.4007091522216797e-05,0.9999859929084778,cuda,0.0,1000000,spcauchy,0.7814016755590004,1046.5516207862565,0.09622117945555787,-54.4083615792899,500.0,10.0,1.4007091522216797e-05,500,0.03,0.999999639959845,0,reverse_kl,0.15764245831099682,0,600,0.0,0.0,1.0,-54.504582758745464,500.0,0.0,0.2491283645557975,0.29060261068153526,0.3263006075883994,0.24421058396426848,0.3063078658367128,0.369509098408604,2.0834153199684806
8192,1.5020370483398438e-05,0.9999849796295166,cuda,0.0,1000000,spcauchy,0.7813150767770007,1045.6070281369325,0.09485605389488037,-54.41404567409786,500.0,10.0,1.5020370483398438e-05,500,0.03,0.9999998145862974,0,reverse_kl,0.15882759263517346,1,600,0.0,0.0,1.0,-54.50890172799274,500.0,0.0,0.24909984511327973,0.2906432871382032,0.3262869719532214,0.24432552768639382,0.30654264431405864,0.3704271039534789,2.0677553380373865
8192,1.5020370483398438e-05,0.9999849796295166,cuda,0.0,1000000,spcauchy,0.7813765615857802,1046.2775650649107,0.09583910614731411,-54.42221507771515,500.0,10.0,1.5020370483398438e-05,500,0.03,0.9999998467493818,0,reverse_kl,0.156697713612922,2,600,0.0,0.0,1.0,-54.51805418386246,500.0,0.0,0.24904253938123014,0.29055902797096034,0.325810569989695,0.24434850301005623,0.30635240448428036,0.3697125458968379,2.0819564280100167
8192,0.0,1.0,cuda,0.0,1000000,vmf,499.67215864482347,499.67215864482347,6.537936255593735e-05,-54.50451737938291,500.0,10.0,0.0,500,0.03,0.9999998494967764,0,reverse_kl,8.076969995337748e-05,0,600,0.0,0.0,1.0,-54.504582758745464,500.0,0.0,0.2491283645557975,0.29060261068153526,0.3263006075883994,0.24918746458724028,0.29073026296429005,0.326148010918404,5.732545311038848
8192,0.0,1.0,cuda,0.0,1000000,vmf,499.9971679398813,499.9971679398813,9.604936844760084e-05,-54.50880567862429,500.0,10.0,0.0,500,0.03,0.999999770053876,0,reverse_kl,0.00010822616291795094,1,600,0.0,0.0,1.0,-54.50890172799274,500.0,0.0,0.24909984511327973,0.2906432871382032,0.3262869719532214,0.24908631673823667,0.29064336716112793,0.326090574372983,5.975682931020856
8192,0.0,1.0,cuda,0.0,1000000,vmf,499.56691089600054,499.56691089600054,0.00010695695369801018,-54.51794722690877,500.0,10.0,0.0,500,0.03,0.9999997753515941,0,reverse_kl,0.00010816596880256674,2,600,0.0,0.0,1.0,-54.51805418386246,500.0,0.0,0.24904253938123014,0.29055902797096034,0.325810569989695,0.24917477030005308,0.2906648162021951,0.32629034522326467,5.862463508034125
8192,0.009904026985168457,1.0,cuda,0.01,1000000,powerspherical,676.0933644842565,338.04668224212827,5.072302472912501,-48.93346535985659,500.0,10.0,0.01475102687254548,500,0.03,0.9999997090877998,0,forward_kl,1.1866781787277445,0,600,0.004846999887377024,0.0,0.9900959730148315,-54.00576783276909,500.0,0.004846999887377024,0.24951732819561673,0.2923598479473265,0.37634025662183007,0.2987739848896081,0.34802515574538284,0.38985192222325393,5.1436003189883195
8192,0.0099869966506958,1.0,cuda,0.01,1000000,powerspherical,680.312738323909,340.1563691619545,5.125504966471335,-48.880322054603816,500.0,10.0,0.015015996526926756,500,0.03,0.9999997446876389,0,forward_kl,1.145110343135396,1,600,0.005028999876230955,0.0,0.9900130033493042,-54.00582702107514,500.0,0.005028999876230955,0.24948849140069457,0.29243811979087636,0.3901064967146771,0.2978774823801663,0.3470152393521383,0.3884395064584704,5.179511770955287
8192,0.009943008422851562,1.0,cuda,0.01,1000000,powerspherical,677.0622643372305,338.5311321686153,5.081090454392072,-48.935704710715996,500.0,10.0,0.014834008645266294,500,0.03,0.9999996000821749,0,forward_kl,1.1741298359335606,2,600,0.004891000222414732,0.0,0.9900569915771484,-54.01679516510807,500.0,0.004891000222414732,0.249433211401056,0.29233294990421055,0.3798136631115198,0.29847024701877156,0.3476940644839361,0.3895009529313091,5.25115657702554
8192,0.009880006313323975,0.9999759793281555,cuda,0.01,1000000,spcauchy,0.776500691179441,994.8771398580541,0.4744214779778555,-53.53134635479124,500.0,10.0,0.014727006200700998,500,0.03,0.9999998354186849,0,forward_kl,0.18691820257505598,0,600,0.004846999887377024,0.0,0.9900959730148315,-54.00576783276909,500.0,0.004846999887377024,0.24951732819561673,0.2923598479473265,0.37634025662183007,0.25030909768778986,0.3139191485051182,0.37861204141979293,4.347807009995449
8192,0.009962975978851318,0.9999759793281555,cuda,0.01,1000000,spcauchy,0.776563674445123,995.5188417003546,0.4776071097458178,-53.52821991132934,500.0,10.0,0.014991975855082273,500,0.03,0.9999997569322886,0,forward_kl,0.18788699385454588,1,600,0.005028999876230955,0.0,0.9900130033493042,-54.00582702107514,500.0,0.005028999876230955,0.24948849140069457,0.29243811979087636,0.3901064967146771,0.250235613509993,0.31392168925293373,0.3792553993146412,4.310611923981924
8192,0.009921014308929443,0.9999780058860779,cuda,0.01,1000000,spcauchy,0.7765065869417259,994.9371845570037,0.47569670723843266,-53.54109845786963,500.0,10.0,0.014812014531344175,500,0.03,0.9999997567868111,0,forward_kl,0.18644564317608708,2,600,0.004891000222414732,0.0,0.9900569915771484,-54.01679516510807,500.0,0.004891000222414732,0.249433211401056,0.29233294990421055,0.3798136631115198,0.2504156373934221,0.31391058929765864,0.37878238757624894,4.420940474024974
8192,0.009904026985168457,1.0,cuda,0.01,1000000,vmf,380.09606360627515,380.09606360627515,3.670256523119576,-50.33551130964951,500.0,10.0,0.01475102687254548,500,0.03,0.9999998076553032,0,forward_kl,0.6472928691289832,0,600,0.004846999887377024,0.0,0.9900959730148315,-54.00576783276909,500.0,0.004846999887377024,0.24951732819561673,0.2923598479473265,0.37634025662183007,0.2852501651725076,0.3328819312490354,0.37358346343275234,4.681642693991307
8192,0.0099869966506958,1.0,cuda,0.01,1000000,vmf,381.97188075631374,381.97188075631374,3.7078597417737775,-50.29796727930137,500.0,10.0,0.015015996526926756,500,0.03,0.9999997670791136,0,forward_kl,0.6220234659118831,1,600,0.005028999876230955,0.0,0.9900130033493042,-54.00582702107514,500.0,0.005028999876230955,0.24948849140069457,0.29243811979087636,0.3901064967146771,0.2845452823837578,0.3321093554090946,0.3726523099934962,4.706923946039751
8192,0.009943008422851562,1.0,cuda,0.01,1000000,vmf,380.5293868134313,380.5293868134313,3.6812298970839437,-50.335565268024126,500.0,10.0,0.014834008645266294,500,0.03,0.9999996975071312,0,forward_kl,0.6391174863755325,2,600,0.004891000222414732,0.0,0.9900569915771484,-54.01679516510807,500.0,0.004891000222414732,0.249433211401056,0.29233294990421055,0.3798136631115198,0.2850400814448598,0.3326064169530331,0.3735414128665687,4.767818178981543
8192,0.009904026985168457,1.0,cuda,0.01,1000000,powerspherical,982.823442056452,491.411721028226,6.231791150387241,-47.773976682381836,500.0,10.0,0.01475102687254548,500,0.03,0.9999997011940661,0,reverse_kl,0.010271524571547152,0,600,0.004846999887377024,0.0,0.9900959730148315,-54.00576783276909,500.0,0.004846999887377024,0.24951732819561673,0.2923598479473265,0.37634025662183007,0.249254401847693,0.2903864608776988,0.32532386889943665,3.475916266965214
8192,0.0099869966506958,1.0,cuda,0.01,1000000,powerspherical,982.551091993262,491.275545996631,6.307060178965676,-47.69876684210947,500.0,10.0,0.015015996526926756,500,0.03,0.9999998079545882,0,reverse_kl,0.01023256177291188,1,600,0.005028999876230955,0.0,0.9900130033493042,-54.00582702107514,500.0,0.005028999876230955,0.24948849140069457,0.29243811979087636,0.3901064967146771,0.2492713637707793,0.29047034072329164,0.3252234274123086,3.419756460993085
8192,0.009943008422851562,1.0,cuda,0.01,1000000,powerspherical,983.6614594515884,491.8307297257942,6.2453777604103555,-47.7714174046977,500.0,10.0,0.014834008645266294,500,0.03,0.9999998171939062,0,reverse_kl,0.010221058240567342,2,600,0.004891000222414732,0.0,0.9900569915771484,-54.01679516510807,500.0,0.004891000222414732,0.249433211401056,0.29233294990421055,0.3798136631115198,0.24906187205540686,0.29021010538227404,0.32523065752399494,3.401217445032671
8192,0.00989001989364624,0.9999859929084778,cuda,0.01,1000000,spcauchy,0.7813967590943408,1046.4979622260441,0.48431483064073544,-53.521453002128354,500.0,10.0,0.014737019781023264,500,0.03,0.9999996398976272,0,reverse_kl,0.16761791256535047,0,600,0.004846999887377024,0.0,0.9900959730148315,-54.00576783276909,500.0,0.004846999887377024,0.24951732819561673,0.2923598479473265,0.37634025662183007,0.2442167494756785,0.30631555769014307,0.36951809039029626,2.1071257239673287
8192,0.009971976280212402,0.9999849796295166,cuda,0.01,1000000,spcauchy,0.781311314253974,1045.5660141782253,0.48693339615265896,-53.5188936249225,500.0,10.0,0.015000976156443357,500,0.03,0.9999998142363564,0,reverse_kl,0.16875639214977328,1,600,0.005028999876230955,0.0,0.9900130033493042,-54.00582702107514,500.0,0.005028999876230955,0.24948849140069457,0.29243811979087636,0.3901064967146771,0.24433006502682314,0.30654848673076307,0.3704338773258165,2.1765415919944644
8192,0.009927988052368164,0.9999849796295166,cuda,0.01,1000000,spcauchy,0.7813707696998718,1046.2143751776148,0.4850397631402127,-53.53175540196786,500.0,10.0,0.014818988274782896,500,0.03,0.9999998465795723,0,reverse_kl,0.1666225522836479,2,600,0.004891000222414732,0.0,0.9900569915771484,-54.01679516510807,500.0,0.004891000222414732,0.249433211401056,0.29233294990421055,0.3798136631115198,0.24435557032958866,0.306361414425207,0.3697232027517279,2.195592572039459
8192,0.009904026985168457,1.0,cuda,0.01,1000000,vmf,499.6721586448696,499.6721586448696,4.283875748269555,-49.72189208449953,500.0,10.0,0.01475102687254548,500,0.03,0.9999998494967763,0,reverse_kl,0.010131105553523494,0,600,0.004846999887377024,0.0,0.9900959730148315,-54.00576783276909,500.0,0.004846999887377024,0.24951732819561673,0.2923598479473265,0.37634025662183007,0.2491874645873805,0.2907302629642986,0.3261480109184744,6.190138015022967
8192,0.0099869966506958,1.0,cuda,0.01,1000000,vmf,499.9971679398778,499.9971679398778,4.336353040319372,-49.669473980755775,500.0,10.0,0.015015996526926756,500,0.03,0.999999770053876,0,reverse_kl,0.010158562016527806,1,600,0.005028999876230955,0.0,0.9900130033493042,-54.00582702107514,500.0,0.005028999876230955,0.24948849140069457,0.29243811979087636,0.3901064967146771,0.24908631673824025,0.29064336716112305,0.3260905743730091,6.171662266016938
8192,0.009943008422851562,1.0,cuda,0.01,1000000,vmf,499.5669108960316,499.5669108960316,4.293880153665618,-49.72291501144244,500.0,10.0,0.014834008645266294,500,0.03,0.9999997753515941,0,reverse_kl,0.010158501822348887,2,600,0.004891000222414732,0.0,0.9900569915771484,-54.01679516510807,500.0,0.004891000222414732,0.249433211401056,0.29233294990421055,0.3798136631115198,0.24917477030002333,0.2906648162021685,0.3262903452232464,5.970869017008226
8192,0.027917027473449707,0.9222869873046875,cuda,0.05,1000000,powerspherical,293.3918159365445,146.69590796827225,15.222145310243945,-36.85349517565166,500.0,10.0,0.05273902788758278,500,0.03,0.9999993407928074,0,forward_kl,14.884065620852278,0,600,0.024822000414133072,0.0,0.9502040147781372,-52.075640485895605,500.0,0.024822000414133072,0.25119363661737804,0.3018941668755631,1.72007552010517,0.442996585349984,0.515520302883511,0.5769979846975201,5.217631904000882
8192,0.029591023921966553,0.9208359718322754,cuda,0.05,1000000,powerspherical,292.68803623429847,146.34401811714923,15.198694828029408,-36.89116772502241,500.0,10.0,0.054378023371100426,500,0.03,0.9999992605515632,0,forward_kl,14.936556667808414,1,600,0.024786999449133873,0.0,0.9504269957542419,-52.08986255305183,500.0,0.024786999449133873,0.25116333262996354,0.30186086370352094,1.7188576114674594,0.443455753114227,0.5161790114218999,0.5773166874136808,5.1793272129725665
8192,0.031103014945983887,0.9187939763069153,cuda,0.05,1000000,powerspherical,291.59224877602486,145.79612438801243,15.249317747268456,-36.82533421011403,500.0,10.0,0.05596601404249668,500,0.03,0.9999993875602508,0,forward_kl,15.008566358832024,2,600,0.024862999096512794,0.0,0.9498969912528992,-52.074651957382486,500.0,0.024862999096512794,0.2511160106832008,0.30191788536692515,1.718619975293551,0.44408025736754364,0.5168836567825789,0.5788417860940582,5.112794368003961
8192,0.04973095655441284,0.99993497133255,cuda,0.05,1000000,spcauchy,0.7681526777368636,914.583483365498,2.0646484296345946,-50.01099205626101,500.0,10.0,0.07455295696854591,500,0.03,0.9999998321400965,0,forward_kl,0.34967676214639726,0,600,0.024822000414133072,0.0,0.9502040147781372,-52.075640485895605,500.0,0.024822000414133072,0.25119363661737804,0.3018941668755631,1.72007552010517,0.2607670547808407,0.32695347850677947,0.394207520373919,4.517373398994096
8192,0.04951000213623047,0.9999369978904724,cuda,0.05,1000000,spcauchy,0.7681197351473255,914.2844259197924,2.0563112836849435,-50.033551269366875,500.0,10.0,0.07429700158536434,500,0.03,0.9999997387358105,0,forward_kl,0.3522503465544734,1,600,0.024786999449133873,0.0,0.9504269957542419,-52.08986255305183,500.0,0.024786999449133873,0.25116333262996354,0.30186086370352094,1.7188576114674594,0.26081410441389563,0.32710716187440236,0.39505670117921343,4.5536738720256835
8192,0.050047993659973145,0.9999449849128723,cuda,0.05,1000000,spcauchy,0.7681101938462365,914.1978334938512,2.0746424002944748,-50.00000955708802,500.0,10.0,0.07491099275648594,500,0.03,0.9999997323269438,0,forward_kl,0.3509347338696667,2,600,0.024862999096512794,0.0,0.9498969912528992,-52.074651957382486,500.0,0.024862999096512794,0.2511160106832008,0.30191788536692515,1.718619975293551,0.26094090723340807,0.3270190366691665,0.39447050211055845,4.293024448968936
8192,0.04030197858810425,0.9905059933662415,cuda,0.05,1000000,vmf,192.62473240624448,192.62473240624448,12.043981596702992,-40.03165888919263,500.0,10.0,0.06512397900223732,500,0.03,0.9999997345200428,0,forward_kl,9.613048514029645,0,600,0.024822000414133072,0.0,0.9502040147781372,-52.075640485895605,500.0,0.024822000414133072,0.25119363661737804,0.3018941668755631,1.72007552010517,0.39801781912639056,0.4650171082009957,0.522548950145747,4.571058176981751
8192,0.03980302810668945,0.9902300238609314,cuda,0.05,1000000,vmf,192.05520530421754,192.05520530421754,12.021650148820589,-40.06821240423123,500.0,10.0,0.06459002755582333,500,0.03,0.9999995923460826,0,forward_kl,9.673083880898327,1,600,0.024786999449133873,0.0,0.9504269957542419,-52.08986255305183,500.0,0.024786999449133873,0.25116333262996354,0.30186086370352094,1.7188576114674594,0.3985906933956941,0.4656976630308685,0.5230585275925677,4.71822295000311
8192,0.040036022663116455,0.9899330139160156,cuda,0.05,1000000,vmf,191.6309794909952,191.6309794909952,12.076911136285986,-39.9977408210965,500.0,10.0,0.06489902175962925,500,0.03,0.999999678922751,0,forward_kl,9.710076313614794,2,600,0.024862999096512794,0.0,0.9498969912528992,-52.074651957382486,500.0,0.024862999096512794,0.2511160106832008,0.30191788536692515,1.718619975293551,0.3989211373261063,0.46596384719362954,0.5237388358955527,4.737486850994173
8192,0.04979598522186279,1.0,cuda,0.05,1000000,powerspherical,982.8234420564415,491.41172102822077,31.476258696846816,-20.599381789048795,500.0,10.0,0.07461798563599586,500,0.03,0.9999997011940661,0,reverse_kl,0.05151448310396759,0,600,0.024822000414133072,0.0,0.9502040147781372,-52.075640485895605,500.0,0.024822000414133072,0.25119363661737804,0.3018941668755631,1.72007552010517,0.2492544018476966,0.2903864608776962,0.32532386889943776,3.2728173959767446
8192,0.04957300424575806,1.0,cuda,0.05,1000000,powerspherical,982.5510919932586,491.2755459966293,31.354171195289272,-20.735691357762548,500.0,10.0,0.07436000369489193,500,0.03,0.9999998079545882,0,reverse_kl,0.05147552030737879,1,600,0.024786999449133873,0.0,0.9504269957542419,-52.08986255305183,500.0,0.024786999449133873,0.25116333262996354,0.30186086370352094,1.7188576114674594,0.24927136377077974,0.2904703407232921,0.32522342741230825,3.364983375009615
8192,0.05010300874710083,1.0,cuda,0.05,1000000,powerspherical,983.6614594515822,491.8307297257911,31.597586363672566,-20.477065593709924,500.0,10.0,0.07496600784361362,500,0.03,0.9999998171939061,0,reverse_kl,0.051464016775967306,2,600,0.024862999096512794,0.0,0.9498969912528992,-52.074651957382486,500.0,0.024862999096512794,0.2511160106832008,0.30191788536692515,1.718619975293551,0.24906187205530622,0.2902101053821624,0.32523065752400326,3.3645499760168605
8192,0.049781978130340576,0.9999859929084778,cuda,0.05,1000000,spcauchy,0.781393680200424,1046.4643609308418,2.1312542866145194,-49.9443861992811,500.0,10.0,0.07460397854447365,500,0.03,0.9999996398184471,0,reverse_kl,0.20882172129188814,0,600,0.024822000414133072,0.0,0.9502040147781372,-52.075640485895605,500.0,0.024822000414133072,0.25119363661737804,0.3018941668755631,1.72007552010517,0.2442205734019492,0.30632023437965117,0.3695237946237055,2.189772952988278
8192,0.04955798387527466,0.9999849796295166,cuda,0.05,1000000,spcauchy,0.7813092380208064,1045.5433828239468,2.1211004127843136,-49.96876214026751,500.0,10.0,0.07434498332440853,500,0.03,0.9999998142628502,0,reverse_kl,0.20996004913406258,1,600,0.024786999449133873,0.0,0.9504269957542419,-52.08986255305183,500.0,0.024786999449133873,0.25116333262996354,0.30186086370352094,1.7188576114674594,0.24433266399481887,0.306551686128533,0.3704377757226485,2.2472542780451477
8192,0.05008798837661743,0.9999849796295166,cuda,0.05,1000000,spcauchy,0.7813680003083062,1046.184162765917,2.1405282330129025,-49.934123724369584,500.0,10.0,0.07495098747313023,500,0.03,0.9999998466187212,0,reverse_kl,0.207829736058067,2,600,0.024862999096512794,0.0,0.9498969912528992,-52.074651957382486,500.0,0.024862999096512794,0.2511160106832008,0.30191788536692515,1.718619975293551,0.24435897331979395,0.3063657338890042,0.36972832773499364,2.206240608007647
8192,0.04979598522186279,1.0,cuda,0.05,1000000,vmf,499.6721586448039,499.6721586448039,21.6581910287477,-30.41744945714791,500.0,10.0,0.07461798563599586,500,0.03,0.9999998494967764,0,reverse_kl,0.05137406408749258,0,600,0.024822000414133072,0.0,0.9502040147781372,-52.075640485895605,500.0,0.024822000414133072,0.25119363661737804,0.3018941668755631,1.72007552010517,0.24918746458724617,0.29073026296430016,0.3261480109184092,6.122733675991185
8192,0.04957300424575806,1.0,cuda,0.05,1000000,vmf,499.99716793976097,499.99716793976097,21.592559078504593,-30.497303474547227,500.0,10.0,0.07436000369489193,500,0.03,0.9999997700538759,0,reverse_kl,0.05140152055061147,1,600,0.024786999449133873,0.0,0.9504269957542419,-52.08986255305183,500.0,0.024786999449133873,0.25116333262996354,0.30186086370352094,1.7188576114674594,0.24908631673825263,0.29064336716118255,0.3260905743730809,6.052713360986672
8192,0.05010300874710083,1.0,cuda,0.05,1000000,vmf,499.56691089623746,499.56691089623746,21.739806867671646,-30.334845089710843,500.0,10.0,0.07496600784361362,500,0.03,0.999999775351594,0,reverse_kl,0.051401460356445716,2,600,0.024862999096512794,0.0,0.9498969912528992,-52.074651957382486,500.0,0.024862999096512794,0.2511160106832008,0.30191788536692515,1.718619975293551,0.24917477029995402,0.29066481620208506,0.32629034522324674,6.069352184946183
8192,0.6602409780025482,0.23994800448417664,cuda,0.1,1000000,powerspherical,164.69901633462038,82.34950816731019,20.42375633159949,-29.284823492548384,500.0,10.0,0.7101019769906998,500,0.03,0.9999989044557692,0,forward_kl,20.478882693768398,0,600,0.04986099898815155,0.0,0.9001889824867249,-49.70857982414787,500.0,0.04986099898815155,0.25352831819564997,0.3681697300371342,1.7980700711145885,0.5733730409448694,0.666528030516645,0.745190395971711,5.207934857986402
8192,0.663537010550499,0.2366899996995926,cuda,0.1,1000000,powerspherical,164.23579760065877,82.11789880032939,20.422966843437827,-29.290322935900715,500.0,10.0,0.7134070098400116,500,0.03,0.9999989897521719,0,forward_kl,20.459093984462672,1,600,0.049869999289512634,0.0,0.9002270102500916,-49.71328977933854,500.0,0.049869999289512634,0.25350436114514113,0.36615817543149937,1.7980433340342996,0.5739925134824486,0.6674575690705372,0.7457367009555516,5.250164015975315
8192,0.6646689921617508,0.23535500466823578,cuda,0.1,1000000,powerspherical,163.8757187046747,81.93785935233736,20.425654783165818,-29.2879156285469,500.0,10.0,0.7144759930670261,500,0.03,0.9999990240853789,0,forward_kl,20.456020301227525,2,600,0.049807000905275345,0.0,0.9000239968299866,-49.713570411712716,500.0,0.049807000905275345,0.2534403796940967,0.3854973535551543,1.7970043384750807,0.5743027902596869,0.667793749321072,0.7472228083452839,5.313831758976448
8192,0.0996280312538147,0.9998170137405396,cuda,0.1,1000000,spcauchy,0.7561684730825561,813.9895393237567,4.030871555428317,-45.67770826871956,500.0,10.0,0.14948903024196625,500,0.03,0.9999997849998165,0,forward_kl,0.7695023984960611,0,600,0.04986099898815155,0.0,0.9001889824867249,-49.70857982414787,500.0,0.04986099898815155,0.25352831819564997,0.3681697300371342,1.7980700711145885,0.27592956252520984,0.3458286685778637,0.4167561034423377,4.330807072983589
8192,0.09958797693252563,0.9998149871826172,cuda,0.1,1000000,spcauchy,0.7559712800966746,812.4626165398024,4.029905471467334,-45.68338430787121,500.0,10.0,0.14945797622203827,500,0.03,0.9999997110871305,0,forward_kl,0.7798764391992025,1,600,0.049869999289512634,0.0,0.9002270102500916,-49.71328977933854,500.0,0.049869999289512634,0.25350436114514113,0.36615817543149937,1.7980433340342996,0.27618482150581414,0.3462492402114388,0.41796736271537505,4.359683225047775
8192,0.0997999906539917,0.9998239874839783,cuda,0.1,1000000,spcauchy,0.7560182321703227,812.8258287966404,4.035495382747546,-45.678075028965175,500.0,10.0,0.14960699155926704,500,0.03,0.999999757949976,0,forward_kl,0.7770277688167048,2,600,0.049807000905275345,0.0,0.9000239968299866,-49.713570411712716,500.0,0.049807000905275345,0.2534403796940967,0.3854973535551543,1.7970043384750807,0.276246562206229,0.3460664041281733,0.4172424212792062,4.408860480005387
8192,0.297016978263855,0.6031720042228699,cuda,0.1,1000000,vmf,116.79179967257856,116.79179967257856,16.889854974014327,-32.81872485013355,500.0,10.0,0.34687797725200653,500,0.03,0.999999519666662,0,forward_kl,19.730944644150085,0,600,0.04986099898815155,0.0,0.9001889824867249,-49.70857982414787,500.0,0.04986099898815155,0.25352831819564997,0.3681697300371342,1.7980700711145885,0.5064736231280678,0.5925256349181478,0.6667356105417724,4.523556086991448
8192,0.29974400997161865,0.6004830002784729,cuda,0.1,1000000,vmf,116.54422668134623,116.54422668134623,16.890829553608267,-32.82246022573027,500.0,10.0,0.3496140092611313,500,0.03,0.9999994244283691,0,forward_kl,19.740672810272258,1,600,0.049869999289512634,0.0,0.9002270102500916,-49.71328977933854,500.0,0.049869999289512634,0.25350436114514113,0.36615817543149937,1.7980433340342996,0.5069426752305175,0.5930793169743512,0.6668928979476721,4.76314562902553
8192,0.3018040060997009,0.5982199907302856,cuda,0.1,1000000,vmf,116.32800445394663,116.32800445394663,16.898099013985245,-32.815471397727464,500.0,10.0,0.3516110070049763,500,0.03,0.9999995002994617,0,forward_kl,19.75685470682382,2,600,0.049807000905275345,0.0,0.9000239968299866,-49.713570411712716,500.0,0.049807000905275345,0.2534403796940967,0.3854973535551543,1.7970043384750807,0.5072958652167774,0.5934033427340366,0.6678895756986329,4.842829746019561
8192,0.09981101751327515,1.0,cuda,0.1,1000000,powerspherical,982.8234420564468,491.4117210282234,63.20692268228856,13.498342858140692,500.0,10.0,0.1496720165014267,500,0.03,0.9999997011940661,0,reverse_kl,0.10558170437414835,0,600,0.04986099898815155,0.0,0.9001889824867249,-49.70857982414787,500.0,0.04986099898815155,0.25352831819564997,0.3681697300371342,1.7980700711145885,0.2492544018476991,0.2903864608776911,0.32532386889943693,3.404999452002812
8192,0.09977298974990845,1.0,cuda,0.1,1000000,powerspherical,982.5510919932577,491.27554599662886,63.15968609785404,13.446396318515509,500.0,10.0,0.14964298903942108,500,0.03,0.9999998079545882,0,reverse_kl,0.10554274157704216,1,600,0.049869999289512634,0.0,0.9002270102500916,-49.71328977933854,500.0,0.049869999289512634,0.25350436114514113,0.36615817543149937,1.7980433340342996,0.24927136377077996,0.2904703407232922,0.3252234274123072,3.4520281039876863
8192,0.09997600317001343,1.0,cuda,0.1,1000000,powerspherical,983.6614594515892,491.8307297257946,63.25045309042362,13.536882678710908,500.0,10.0,0.14978300407528877,500,0.03,0.9999998171939061,0,reverse_kl,0.10553123804548496,2,600,0.049807000905275345,0.0,0.9000239968299866,-49.713570411712716,500.0,0.049807000905275345,0.2534403796940967,0.3854973535551543,1.7970043384750807,0.24906187205530508,0.2902101053821615,0.3252306575240022,3.480369651049841
8192,0.09979701042175293,0.9999859929084778,cuda,0.1,1000000,spcauchy,0.7813921573631362,1046.4477420979522,4.2485394822051745,-45.46004034194271,500.0,10.0,0.14965800940990448,500,0.03,0.9999996397344314,0,reverse_kl,0.2628666758261402,0,600,0.04986099898815155,0.0,0.9001889824867249,-49.70857982414787,500.0,0.04986099898815155,0.25352831819564997,0.3681697300371342,1.7980700711145885,0.24422248529634702,0.30632253945866234,0.3695266248038497,2.2070641620084643
8192,0.09975796937942505,0.9999849796295166,cuda,0.1,1000000,spcauchy,0.7813079653312904,1045.5295105869077,4.245227672355957,-45.468062106982586,500.0,10.0,0.14962796866893768,500,0.03,0.9999998142591645,0,reverse_kl,0.2640056870366794,1,600,0.049869999289512634,0.0,0.9002270102500916,-49.71328977933854,500.0,0.049869999289512634,0.25350436114514113,0.36615817543149937,1.7980433340342996,0.24433423809060437,0.3065536187143042,0.37044018524766015,2.1879405159852467
8192,0.09996098279953003,0.9999849796295166,cuda,0.1,1000000,spcauchy,0.781366087881251,1046.1633000239274,4.251617032883449,-45.46195337882927,500.0,10.0,0.14976798370480537,500,0.03,0.999999846644133,0,reverse_kl,0.26187718443359154,2,600,0.049807000905275345,0.0,0.9000239968299866,-49.713570411712716,500.0,0.049807000905275345,0.2534403796940967,0.3854973535551543,1.7970043384750807,0.24436132895249474,0.30636873138925375,0.36973184351119376,2.206800972984638
8192,0.09981101751327515,1.0,cuda,0.1,1000000,vmf,499.67215864477197,499.67215864477197,43.50540741411601,-6.2031724100318675,500.0,10.0,0.1496720165014267,500,0.03,0.9999998494967763,0,reverse_kl,0.10544128535780685,0,600,0.04986099898815155,0.0,0.9001889824867249,-49.70857982414787,500.0,0.04986099898815155,0.25352831819564997,0.3681697300371342,1.7980700711145885,0.2491874645874064,0.29073026296433435,0.3261480109185031,6.027548107027542
8192,0.09977298974990845,1.0,cuda,0.1,1000000,vmf,499.997167939737,499.997167939737,43.52535211660711,-6.18793766273143,500.0,10.0,0.14964298903942108,500,0.03,0.999999770053876,0,reverse_kl,0.10546874182079775,1,600,0.049869999289512634,0.0,0.9002270102500916,-49.71328977933854,500.0,0.049869999289512634,0.25350436114514113,0.36615817543149937,1.7980433340342996,0.24908631673829948,0.290643367161099,0.32609057437329864,6.044514258974232
8192,0.09997600317001343,1.0,cuda,0.1,1000000,vmf,499.5669108964922,499.5669108964922,43.513758620928535,-6.199811790784182,500.0,10.0,0.14978300407528877,500,0.03,0.9999997753515937,0,reverse_kl,0.10546868162693084,2,600,0.049807000905275345,0.0,0.9000239968299866,-49.713570411712716,500.0,0.049807000905275345,0.2534403796940967,0.3854973535551543,1.7970043384750807,0.24917477029998103,0.29066481620204776,0.3262903452234211,5.944138624006882
8192,0.7976669825147837,0.0030400000978261232,cuda,0.2,1000000,powerspherical,80.34716872370268,40.17358436185134,23.680372517920862,-21.39555830281461,500.0,10.0,0.8971829793881625,500,0.03,0.9999981725925168,0,forward_kl,13.274377257355928,0,600,0.09951599687337875,0.0,0.8007069826126099,-45.07593082073548,500.0,0.09951599687337875,0.2592200949697777,1.5696281026194523,1.8615345243102646,0.7679945068274854,0.8910188079356969,0.9942183066106639,5.177667142008431
8192,0.7978669998701662,0.003160000080242753,cuda,0.2,1000000,powerspherical,80.25808723574657,40.129043617873286,23.675546614262828,-21.417953483194136,500.0,10.0,0.8972539973910898,500,0.03,0.9999985584636926,0,forward_kl,13.265154963329897,1,600,0.09938699752092361,0.0,0.8010269999504089,-45.093500097456975,500.0,0.09938699752092361,0.2591660890277611,1.5694070683879806,1.8608254658816277,0.7682669848642725,0.8915574381673732,0.9943053042492549,5.163359884987585
8192,0.796784026781097,0.0030690000858157873,cuda,0.2,1000000,powerspherical,80.2773233905817,40.13866169529085,23.68491288868462,-21.36060655696066,500.0,10.0,0.8965080289635807,500,0.03,0.9999981730317797,0,forward_kl,13.27251867165054,2,600,0.09972400218248367,0.0,0.7998530268669128,-45.04551944564529,500.0,0.09972400218248367,0.2591714504223096,1.5701233816373292,1.8618964428934612,0.7678305339845732,0.8912271010552363,0.9949931640384208,5.27492157695815
8192,0.19715601205825806,0.9978629946708679,cuda,0.2,1000000,spcauchy,0.7255424430781893,616.4422695601374,7.692837281642005,-37.383093539093466,500.0,10.0,0.2966720089316368,500,0.03,0.9999997560562972,0,forward_kl,2.799935625623475,0,600,0.09951599687337875,0.0,0.8007069826126099,-45.07593082073548,500.0,0.09951599687337875,0.2592200949697777,1.5696281026194523,1.8615345243102646,0.31547688621237857,0.39495376440112734,0.47531940186899424,4.487531440972816
8192,0.19676697254180908,0.997793972492218,cuda,0.2,1000000,spcauchy,0.7252943060623461,615.1186849024833,7.681521039340497,-37.411979058116465,500.0,10.0,0.2961539700627327,500,0.03,0.999999703863256,0,forward_kl,2.8243248235020544,1,600,0.09938699752092361,0.0,0.8010269999504089,-45.093500097456975,500.0,0.09938699752092361,0.2591660890277611,1.5694070683879806,1.8608254658816277,0.31580902669953465,0.39548275925688514,0.4767421334788291,4.456584564002696
8192,0.19806396961212158,0.9979169964790344,cuda,0.2,1000000,spcauchy,0.7255176801395605,616.3100120530224,7.720346377422246,-37.325173068223044,500.0,10.0,0.29778797179460526,500,0.03,0.9999997256904498,0,forward_kl,2.807221015364154,2,600,0.09972400218248367,0.0,0.7998530268669128,-45.04551944564529,500.0,0.09972400218248367,0.2591714504223096,1.5701233816373292,1.8618964428934612,0.3156538404552963,0.3949907786847329,0.47557968995204336,4.331952758016996
8192,0.76741898432374,0.03328799828886986,cuda,0.2,1000000,vmf,62.5941443576197,62.5941443576197,20.429142143743857,-24.64678867699162,500.0,10.0,0.8669349811971188,500,0.03,0.9999993053831105,0,forward_kl,16.411362559079013,0,600,0.09951599687337875,0.0,0.8007069826126099,-45.07593082073548,500.0,0.09951599687337875,0.2592200949697777,1.5696281026194523,1.8615345243102646,0.6769285822763069,0.7936675966757573,0.8951630623705862,4.532678951974958
8192,0.7676619999110699,0.033365000039339066,cuda,0.2,1000000,vmf,62.55785127610278,62.55785127610278,20.424769400043008,-24.66873069741396,500.0,10.0,0.8670489974319935,500,0.03,0.9999991094302145,0,forward_kl,16.41115599654909,1,600,0.09938699752092361,0.0,0.8010269999504089,-45.093500097456975,500.0,0.09938699752092361,0.2591660890277611,1.5694070683879806,1.8608254658816277,0.6770544330283039,0.7939429837662078,0.8950204783843663,4.7907112130196765
8192,0.7667220272123814,0.03313099965453148,cuda,0.2,1000000,vmf,62.5446889595543,62.5446889595543,20.44060425257712,-24.60491519306817,500.0,10.0,0.866446029394865,500,0.03,0.9999989394631765,0,forward_kl,16.413556892643243,2,600,0.09972400218248367,0.0,0.7998530268669128,-45.04551944564529,500.0,0.09972400218248367,0.2591714504223096,1.5701233816373292,1.8618964428934612,0.6769435555940683,0.7935700544532536,0.8952053769353259,4.76328213798115
8192,0.19929301738739014,1.0,cuda,0.2,1000000,powerspherical,982.8234420564615,491.4117210282308,126.3694916901896,81.29356086945413,500.0,10.0,0.2988090142607689,500,0.03,0.9999997011940661,0,reverse_kl,0.22336474003052612,0,600,0.09951599687337875,0.0,0.8007069826126099,-45.07593082073548,500.0,0.09951599687337875,0.2592200949697777,1.5696281026194523,1.8615345243102646,0.24925440184770492,0.29038646087767855,0.3253238688994341,3.4054869830142707
8192,0.19897300004959106,1.0,cuda,0.2,1000000,powerspherical,982.5510919932542,491.2755459966271,126.0750167776848,80.98151668022781,500.0,10.0,0.2983599975705147,500,0.03,0.9999998079545882,0,reverse_kl,0.22332577723376168,1,600,0.09938699752092361,0.0,0.8010269999504089,-45.093500097456975,500.0,0.09938699752092361,0.2591660890277611,1.5694070683879806,1.8608254658816277,0.24927136377078085,0.29047034072329253,0.3252234274123048,3.3438423220068216
8192,0.20014697313308716,1.0,cuda,0.2,1000000,powerspherical,983.6614594515945,491.83072972579726,126.88263593434259,81.83711648869732,500.0,10.0,0.29987097531557083,500,0.03,0.9999998171939062,0,reverse_kl,0.22331427370178625,2,600,0.09972400218248367,0.0,0.7998530268669128,-45.04551944564529,500.0,0.09972400218248367,0.2591714504223096,1.5701233816373292,1.8618964428934612,0.2490618720554051,0.2902101053822727,0.32523065752399427,3.4359168809605762
8192,0.19927901029586792,0.9999859929084778,cuda,0.2,1000000,spcauchy,0.781390456191355,1046.4291775153936,8.537014706421107,-36.53891611431436,500.0,10.0,0.2987950071692467,500,0.03,0.9999996396012533,0,reverse_kl,0.38062166192229824,0,600,0.09951599687337875,0.0,0.8007069826126099,-45.07593082073548,500.0,0.09951599687337875,0.2592200949697777,1.5696281026194523,1.8615345243102646,0.24422462476743473,0.30632512912934634,0.36952980219282927,2.207039742032066
8192,0.19895797967910767,0.9999849796295166,cuda,0.2,1000000,spcauchy,0.7813064011167432,1045.5124610903847,8.518923684357016,-36.57457641309995,500.0,10.0,0.2983449772000313,500,0.03,0.9999998142368403,0,reverse_kl,0.38176183447068396,1,600,0.09938699752092361,0.0,0.8010269999504089,-45.093500097456975,500.0,0.09938699752092361,0.2591660890277611,1.5694070683879806,1.8608254658816277,0.24433615316079776,0.3065560470065387,0.370443154551421,2.218703979975544
8192,0.20013195276260376,0.9999849796295166,cuda,0.2,1000000,spcauchy,0.7813637444799147,1046.1377365435087,8.568854828547954,-36.476664617097335,500.0,10.0,0.29985595494508743,500,0.03,0.9999998466712721,0,reverse_kl,0.37963526739569015,2,600,0.09972400218248367,0.0,0.7998530268669128,-45.04551944564529,500.0,0.09972400218248367,0.2591714504223096,1.5701233816373292,1.8618964428934612,0.24436423870582402,0.3063723948249796,0.3697361619800914,2.190071461023763
8192,0.19929301738739014,1.0,cuda,0.2,1000000,vmf,499.6721586447897,499.6721586447897,87.0276015300003,41.951670709264825,500.0,10.0,0.2988090142607689,500,0.03,0.9999998494967764,0,reverse_kl,0.2232243210141431,0,600,0.09951599687337875,0.0,0.8007069826126099,-45.07593082073548,500.0,0.09951599687337875,0.2592200949697777,1.5696281026194523,1.8615345243102646,0.24918746458725402,0.2907302629643188,0.32614801091840817,5.983237901004031
8192,0.19897300004959106,1.0,cuda,0.2,1000000,vmf,499.9971679395647,499.9971679395647,86.9323308821611,41.838830784704136,500.0,10.0,0.2983599975705147,500,0.03,0.9999997700538757,0,reverse_kl,0.2232517774773011,1,600,0.09938699752092361,0.0,0.8010269999504089,-45.093500097456975,500.0,0.09938699752092361,0.2591660890277611,1.5694070683879806,1.8608254658816277,0.24908631673832332,0.29064336716116773,0.3260905743735549,6.163453720975667
8192,0.20014697313308716,1.0,cuda,0.2,1000000,vmf,499.5669108972611,499.5669108972611,87.31095289872292,42.26543345307765,500.0,10.0,0.29987097531557083,500,0.03,0.9999997753515932,0,reverse_kl,0.22325171728350932,2,600,0.09972400218248367,0.0,0.7998530268669128,-45.04551944564529,500.0,0.09972400218248367,0.2591714504223096,1.5701233816373292,1.8618964428934612,0.24917477029978183,0.2906648162017776,0.3262903452234658,5.803538472973742
