backward_iqr_s,backward_max_s,backward_mean_s,backward_median_s,backward_min_s,backward_std_s,batch_size,benchmark,device,dim,direct_backend_requested,direct_backend_resolved,dtype,error_message,failure_type,family,forward_iqr_s,forward_max_s,forward_mean_s,forward_median_s,forward_min_s,forward_std_s,kappa,kl_autograd_route,kl_iqr_s,kl_mean_s,kl_median_s,kl_std_s,laplace_backend_requested,laplace_backend_resolved,loss_construction_iqr_s,loss_construction_mean_s,loss_construction_median_s,loss_construction_std_s,measure_iters,method,nan_or_inf_grad,nan_or_inf_loss,parameter_iqr_s,parameter_mean_s,parameter_median_s,parameter_std_s,peak_cuda_memory_bytes,power_exponent,repeat_total_medians_s,repeats,retained_correction_terms,rho,runtime_error,sampling_iqr_s,sampling_mean_s,sampling_median_s,sampling_std_s,seed,success,timeout_hit,timeout_s,total_iqr_s,total_max_s,total_mean_s,total_median_s,total_min_s,total_std_s,warmup_iters
6.149522960186005e-06,0.0003373810322955251,0.0003272107052616775,0.0003256634809076786,0.00032174994703382254,3.4504593987357647e-06,128,runtime,cpu,8,auto,vectorized,float32,,,spcauchy,6.800953997299075e-06,0.0010363119654357433,0.00055327287921682,0.0005515575176104903,0.000542887020856142,3.0965115425904104e-05,10.0,custom_single_node,2.6588095352053642e-06,0.0001833903039805591,0.0001802555052563548,3.034909376320505e-05,auto,,2.717715688049793e-07,1.5614802949130535e-05,1.554953632876277e-05,5.685066083988565e-07,50,spcauchy_direct,False,False,7.486960384994745e-07,4.851887607946992e-05,4.824798088520765e-05,1.3998448504037662e-06,,,0.00087867595721;0.000878237071447;0.000878139981069;0.000878273043782;0.000877730897628,5,3,0.325227291513248,False,5.833222530782223e-06,0.00030574889620766044,0.00030443700961768627,4.346735033438928e-06,0,True,False,5.0,4.574132617563009e-06,0.0013690979685634375,0.0008804835844784975,0.000878272985573858,0.0008657150901854038,3.128210255688732e-05,10
5.5604614317417145e-06,0.0006238340865820646,0.00033205768978223206,0.0003270154702477157,0.0003241610247641802,2.9010461687395148e-05,128,runtime,cpu,8,auto,vectorized,float32,,,spcauchy,5.213223630562425e-06,0.0010102608939632773,0.0006368806818500162,0.0006352064665406942,0.000625160988420248,2.4320933692095056e-05,10.0,custom_single_node,5.295471055433154e-06,0.00026631908351555466,0.0002640785533003509,1.5310049484980076e-05,auto,,2.5227200239896774e-07,1.561435963958502e-05,1.5514495316892862e-05,6.755721335756218e-07,50,spcauchy_direct_fixed,False,False,5.065812729299068e-07,4.857554333284497e-05,4.821951733902097e-05,1.7295883746917363e-06,,,0.000963098951615;0.000962767982855;0.000961632002145;0.000961688929237;0.000964974984527,5,3,0.325227291513248,False,5.819572834298015e-06,0.00030637169536203146,0.00030465598683804274,9.421233046981152e-06,0,True,False,5.0,4.7487556003034115e-06,0.001634094980545342,0.0009689383716322481,0.0009631519787944853,0.0009539939928799868,4.778781650321529e-05,10
6.87985448166728e-06,0.0004875150043517351,0.0003303447915241122,0.0003237950149923563,0.0003199760103598237,1.8703108220542896e-05,128,runtime,cpu,8,auto,,float32,,,spcauchy,6.586691597476602e-06,0.0007055690512061119,0.00036967557948082685,0.0003622220829129219,0.0003564140060916543,2.9497186877029506e-05,10.0,custom_single_node,1.0965450201183558e-06,0.00011387711763381958,0.00011084001744166017,1.1964528595729914e-05,auto,compiled,4.1667954064905643e-07,1.9479162991046906e-05,1.8860504496842623e-05,2.8170911181352977e-06,50,spcauchy_laplace,False,False,5.68310497328639e-07,4.831919306889176e-05,4.715798422694206e-05,5.505230266310002e-06,,,0.000689745997079;0.000694378977641;0.000689161941409;0.000688609085046;0.000687826075591,5,,0.325227291513248,False,3.5906850825995207e-06,0.0001880001057870686,0.0001842110068537295,1.7747322253922377e-05,0,True,False,5.0,9.822339052334428e-06,0.0010792900575324893,0.0007000203710049391,0.0006891930243000388,0.0006792850326746702,4.0777312277475755e-05,10
6.7173095885664225e-06,0.0004725279286503792,0.00038531527714803814,0.0003803520230576396,0.0003745859721675515,1.348415254379894e-05,128,runtime,cpu,8,auto,horner_reference,float32,,,spcauchy,6.625487003475428e-06,0.0004605470458045602,0.0003724377322942018,0.0003677344648167491,0.0003618909977376461,1.246643849253607e-05,10.0,reference_term_graph,1.4020479284226894e-06,0.00012444256572052836,0.00012256146874278784,7.137544136635334e-06,auto,,2.928136382251978e-07,1.3574091251939535e-05,1.3412965927273035e-05,1.140478455819841e-06,50,spcauchy_direct_autograd,False,False,5.541951395571232e-07,4.836037149652839e-05,4.768150392919779e-05,3.6096467050166027e-06,,,0.000750947045162;0.000751203042455;0.000750261009671;0.000751498970203;0.00075156299863,5,3,0.325227291513248,False,3.96501854993403e-06,0.00018606070382520557,0.00018327555153518915,8.075159526759329e-06,0,True,False,5.0,5.528010660782456e-06,0.0008580039720982313,0.00075775300944224,0.0007512769661843777,0.0007382140029221773,1.9026452999269708e-05,10
1.1908705346286297e-05,0.0017344369553029537,0.0016609326084144414,0.001659466011915356,0.0016449879622086883,8.994667248250448e-06,128,runtime,cpu,8,auto,,float32,,,vmf,1.2078438885509968e-05,0.002211507991887629,0.002102446688339114,0.002101304999087006,0.00208102201577276,1.2100342832258655e-05,10.0,native,9.773444617167115e-06,0.0006068452894687652,0.0006060189916752279,9.166244846822416e-06,auto,,3.827153705060482e-07,1.7564970068633555e-05,1.7419515643268824e-05,1.139271511517059e-06,50,vmf_official,False,False,9.092036634683609e-07,6.238971697166562e-05,6.21710205450654e-05,2.3264439950529356e-06,,,0.00374891795218;0.00375292310491;0.00377004407346;0.00376720610075;0.00377082196064,5,,,False,1.1002004612237215e-05,0.0014156467118300498,0.0014145724708214402,8.836561023876023e-06,0,True,False,5.0,1.9118800992146134e-05,0.00388058100361377,0.0037633792967535556,0.003762537962757051,0.003731301985681057,1.7019344329457383e-05,10
1.7862708773463964e-05,0.0016188969602808356,0.0014721504193730653,0.0014731299597769976,0.0014503640122711658,1.5123406824191452e-05,128,runtime,cpu,8,auto,,float32,,,vmf,2.142653102055192e-05,0.0025990440044552088,0.0025506389420479536,0.002548824471887201,0.0025191180175170302,1.4635045022368017e-05,10.0,native,2.137778210453689e-05,0.0010570040545426309,0.0010545970289967954,1.21348756138317e-05,auto,,2.952292561531067e-07,1.6893550287932157e-05,1.6802980098873377e-05,7.224259283822926e-07,50,vmf_robust,False,False,8.77276761457324e-07,6.830818532034755e-05,6.819301052019e-05,2.3575754108830357e-06,,,0.00402125623077;0.00402661692351;0.00401197373867;0.00402186112478;0.00401652697474,5,,,False,8.054921636357903e-06,0.001408433151897043,0.0014080569962970912,6.487916432702936e-06,0,True,False,5.0,2.4545268388465047e-05,0.004209305974654853,0.004022789361421019,0.004020710999611765,0.003978773020207882,2.2356146937303597e-05,10
7.018097676336765e-06,0.0006364490836858749,0.0005424500601366163,0.0005388180143199861,0.000530772958882153,1.5016010924003796e-05,128,runtime,cpu,8,auto,,float32,,,powerspherical,6.072194082662463e-06,0.0009129090467467904,0.0005803560349158943,0.0005751145072281361,0.0005646409699693322,2.599982512592403e-05,10.0,native,9.455252438783646e-07,0.00010580940451472997,0.00010507699334993958,3.511093415039462e-06,auto,,2.651941031217575e-07,1.2971614487469197e-05,1.2864999007433653e-05,1.373593809099852e-06,50,power_spherical,False,False,9.512295946478844e-07,5.153430486097932e-05,5.067145684733987e-05,4.290469706029477e-06,,20.0,0.00111733295489;0.00111048400868;0.00111160404049;0.00111169100273;0.00111076096073,5,,,False,5.725334631279111e-06,0.00041004071105271576,0.000404443999286741,2.4882131773181796e-05,0,True,False,5.0,1.2355187209323049e-05,0.0014943430433049798,0.0011228060950525104,0.0011119419941678643,0.0011023549595847726,3.1911550881440894e-05,10
5.762034561485052e-06,0.0003739789826795459,0.0003250449714250863,0.00032249651849269867,0.00031852605752646923,7.752886069285598e-06,128,runtime,cpu,16,auto,vectorized,float32,,,spcauchy,6.47880369797349e-06,0.0005163339665159583,0.0004360385192558169,0.0004334374680183828,0.00042635598219931126,1.0831646261345315e-05,10.0,custom_single_node,3.113702405244112e-06,0.00018221105448901654,0.00018073845421895385,6.9381298645911185e-06,auto,,4.932226147502661e-07,1.5160062350332737e-05,1.5011988580226898e-05,1.455798711968501e-06,50,spcauchy_direct,False,False,4.88973455503583e-07,5.0454524345695974e-05,5.0078495405614376e-05,2.1687910256952826e-06,,,0.000757074914873;0.000757058034651;0.000759098911658;0.000758797978051;0.000758570036851,5,7,0.20871215252208,False,1.554988557472825e-06,0.00018821287807077168,0.00018621148774400353,7.413796469855477e-06,0,True,False,5.0,5.134614184498787e-06,0.0008559650741517544,0.0007610834906809032,0.0007580560049973428,0.0007474700687453151,1.3268302821805133e-05,10
5.822454113513231e-06,0.00041076703928411007,0.0003278534756973386,0.0003232815070077777,0.00032035401090979576,1.2342965881950679e-05,128,runtime,cpu,16,auto,vectorized,float32,,,spcauchy,6.835820386186242e-06,0.0006215199828147888,0.0005224385876208544,0.0005187259521335363,0.0005104080773890018,1.450424012392765e-05,10.0,custom_single_node,5.86951500736177e-06,0.00026758931344375016,0.0002633419935591519,1.0729655823151058e-05,auto,,3.1953095458447933e-07,1.5210483688861131e-05,1.4957564417272806e-05,2.326563590624087e-06,50,spcauchy_direct_fixed,False,False,4.887115210294724e-07,5.100512458011508e-05,5.022645927965641e-05,3.65003640082253e-06,,,0.000842694076709;0.00084249896463;0.000842444947921;0.000842617009766;0.000845593982376,5,4,0.20871215252208,False,1.8110149540007114e-06,0.00018863366590812802,0.00018646946409717202,7.314918894157883e-06,0,True,False,5.0,4.847417585551739e-06,0.000962347025051713,0.0008502920633181929,0.0008428249857388437,0.0008344979723915458,1.9074526265119974e-05,10
5.821289960294962e-06,0.00036586401984095573,0.00032982247276231645,0.0003260115045122802,0.0003226709086447954,9.412060803176635e-06,128,runtime,cpu,16,auto,,float32,,,spcauchy,6.156711606308818e-06,0.0004597380757331848,0.0003728173212148249,0.00036781904054805636,0.00036355003248900175,1.316711051171067e-05,10.0,custom_single_node,1.0422663763165474e-06,0.00011368248332291842,0.00011127500329166651,7.938765856094238e-06,auto,compiled,3.1755189411342144e-07,1.939515955746174e-05,1.911900471895933e-05,1.8732498139929588e-06,50,spcauchy_laplace,False,False,4.649918992072344e-07,5.080670211464167e-05,5.023396806791425e-05,2.8301457328331015e-06,,,0.000696934992447;0.000697363982908;0.000697448966093;0.000697599956766;0.000696951057762,5,,0.20871215252208,False,1.7387792468070984e-06,0.0001889329762198031,0.00018653052393347025,7.763415214212014e-06,0,True,False,5.0,6.0027523431926966e-06,0.0007980139926075935,0.0007026397939771414,0.0006973400013521314,0.0006885470356792212,1.610861679729989e-05,10
7.736292900517583e-06,0.0007532660383731127,0.00042562612053006886,0.0004187949816696346,0.0004098470089957118,2.6578604207868354e-05,128,runtime,cpu,16,auto,horner_reference,float32,,,spcauchy,6.338930688798428e-06,0.0006623349618166685,0.000410439788363874,0.0004024124937132001,0.00039687403477728367,2.6429849340268307e-05,10.0,reference_term_graph,1.4265533536672592e-06,0.0001539949681609869,0.00015021453145891428,1.3221157555996513e-05,auto,,2.662418410181999e-07,1.4004858676344157e-05,1.3724027667194605e-05,2.7183779174145823e-06,50,spcauchy_direct_autograd,False,False,5.512556526809931e-07,5.182712152600288e-05,5.1195500418543816e-05,3.4169514092057463e-06,,,0.000824987073429;0.000822436064482;0.000822940957732;0.000821620924398;0.000821396009997,5,7,0.20871215252208,False,1.934211468324065e-06,0.00019061284000054002,0.00018640694906935096,1.3798236518688838e-05,0,True,False,5.0,2.951142960228026e-05,0.0014156010001897812,0.0008360659088939428,0.000822363537736237,0.0008123728912323713,4.6956830072881404e-05,10
7.16632348485291e-06,0.0018285110127180815,0.0016507355798967183,0.001649775542318821,0.0016375980339944363,1.2765224602518373e-05,128,runtime,cpu,16,auto,,float32,,,vmf,8.330738637596369e-06,0.0021526149939745665,0.002095383422449231,0.002094244002364576,0.0020799239864572883,7.326872034473764e-06,10.0,native,6.645190296694636e-06,0.0006011113282293081,0.0006018584244884551,3.935114334148212e-06,auto,,3.019522409886122e-07,1.7614531796425582e-05,1.751497620716691e-05,7.509783509583103e-07,50,vmf_official,False,False,7.256749086081982e-07,6.592088099569082e-05,6.567401578649879e-05,1.881981993526325e-06,,,0.00374353816733;0.00374219706282;0.00374924717471;0.00374039309099;0.00374933099374,5,,,False,8.29232158139348e-06,0.0014107366814278067,0.001409841061104089,6.844100614609506e-06,0,True,False,5.0,1.244820305146277e-05,0.003981126006692648,0.0037461190023459494,0.003744097542949021,0.0037289028987288475,1.7597366061270534e-05,10
1.751701347529888e-05,0.0015290549490600824,0.0014745958806015552,0.0014764859806746244,0.0014528630999848247,1.093959128571192e-05,128,runtime,cpu,16,auto,,float32,,,vmf,2.0314037101343274e-05,0.0027483029989525676,0.0025594941759482025,0.002558867505285889,0.0025237289955839515,1.86504892861621e-05,10.0,native,2.0677747670561075e-05,0.0010590430363081396,0.0010585480486042798,1.2056500278637367e-05,auto,,3.084714990109205e-07,1.7010353971272708e-05,1.6952515579760075e-05,6.362429291403968e-07,50,vmf_robust,False,False,8.992792572826147e-07,7.169464975595474e-05,7.20059615559876e-05,2.988696320931998e-06,,,0.0040325820446;0.00402409676462;0.00403066817671;0.00404035393149;0.00403290195391,5,,,False,7.308524800464511e-06,0.0014117461359128356,0.001410536002367735,1.4261111804945684e-05,0,True,False,5.0,2.6072229957208037e-05,0.004214350017718971,0.004034090056549758,0.004032741999253631,0.0039906200254336,2.110942543162766e-05,10
7.0872483775019646e-06,0.0006896969862282276,0.0005450520846061409,0.0005400190129876137,0.0005320890340954065,1.7201288666521266e-05,128,runtime,cpu,16,auto,,float32,,,powerspherical,6.284972187131643e-06,0.0006521400064229965,0.0005867513171397149,0.0005828460562042892,0.0005721210036426783,1.4151338581418235e-05,10.0,native,1.1197116691619158e-06,0.00010705838073045015,0.00010530499275773764,6.27490494317677e-06,auto,,4.0011946111917496e-07,1.3197828084230422e-05,1.3118493370711803e-05,5.262391811709465e-07,50,power_spherical,False,False,5.203473847359419e-07,5.399731546640396e-05,5.327601684257388e-05,3.5117025992886802e-06,,20.0,0.00112100190017;0.00112092902418;0.00112100702245;0.00112179899588;0.00111977406777,5,,,False,6.007961928844452e-06,0.0004124977928586304,0.0004081500228494406,1.1903976095573134e-05,0,True,False,5.0,3.1042087357491255e-05,0.0012675529578700662,0.0011318034017458558,0.0011210875236429274,0.0011129409540444613,2.3203442465348274e-05,10
6.573682185262442e-06,0.0005814899923279881,0.000344155493658036,0.0003367679310031235,0.0003326890291646123,2.28965084538008e-05,128,runtime,cpu,32,auto,vectorized,float32,,,spcauchy,1.1922791600227356e-05,0.0007922019576653838,0.000472438502125442,0.0004643445136025548,0.00045596598647534847,2.848849302035016e-05,10.0,custom_single_node,4.841451300308108e-06,0.00019786614226177334,0.00019258854445070028,1.4346708803153028e-05,auto,,4.1376915760338306e-07,1.5457442961633205e-05,1.537799835205078e-05,1.0320673205790242e-06,50,spcauchy_direct,False,False,5.389447323977947e-07,5.8147977571934464e-05,5.648902151733637e-05,6.648440220108723e-06,,,0.000833571073599;0.000800849986263;0.000802355003543;0.000802772003226;0.00079919397831,5,15,0.1238209295857914,False,5.360430805012584e-06,0.00020096693933010102,0.0001960964873433113,1.6806989027906873e-05,0,True,False,5.0,3.3429794711992145e-05,0.001129691954702139,0.000816593995783478,0.0008019999950192869,0.000790306949056685,3.814011643073456e-05,10
6.4202467910945415e-06,0.00040919799357652664,0.00034135392773896456,0.00033642101334407926,0.00033306796103715897,1.276221788981803e-05,128,runtime,cpu,32,auto,vectorized,float32,,,spcauchy,6.676826160401106e-06,0.0006379600381478667,0.000539795434102416,0.0005360575160011649,0.0005274750292301178,1.447519423830081e-05,10.0,custom_single_node,5.603767931461334e-06,0.00026784949610009787,0.00026477902429178357,8.620198566536573e-06,auto,,3.387685865163803e-07,1.5376552008092404e-05,1.5195982996374369e-05,1.4097544710004976e-06,50,spcauchy_direct_fixed,False,False,4.59462171420455e-07,5.7529419660568236e-05,5.652999971061945e-05,4.177621192975239e-06,,,0.000872934004292;0.000872162985615;0.00087218102999;0.000873700948432;0.000872706063092,5,4,0.1238209295857914,False,5.2241375669837e-06,0.0001990399663336575,0.0001957674976438284,9.801162005949644e-06,0,True,False,5.0,5.416659405454993e-06,0.0010398110607638955,0.0008811493618413806,0.0008726714877411723,0.0008627509232610464,2.1369005932835066e-05,10
6.279558874666691e-06,0.0004317190032452345,0.0003446738817729056,0.00033945200266316533,0.0003352719359099865,1.3117443340034211e-05,128,runtime,cpu,32,auto,,float32,,,spcauchy,6.1180617194622755e-06,0.0004685820313170552,0.00038826257176697253,0.0003832089714705944,0.00037772394716739655,1.395843842869061e-05,10.0,custom_single_node,9.245413821190596e-07,0.00011308724852278828,0.00011097645619884133,7.916345855140468e-06,auto,compiled,3.0547380447387695e-07,1.946307485923171e-05,1.9243452697992325e-05,1.8016923557545888e-06,50,spcauchy_laplace,False,False,4.334724508225918e-07,5.713367275893688e-05,5.637097638100386e-05,3.836219702397567e-06,,,0.000726054073311;0.000724824029021;0.000725487014279;0.000726114958525;0.000725977937691,5,,0.1238209295857914,False,1.8954742699861526e-06,0.00019857857562601567,0.0001955354819074273,9.648093245324817e-06,0,True,False,5.0,5.458539817482233e-06,0.0008552660001441836,0.0007329364535398782,0.0007258205441758037,0.0007152869366109371,1.9934246553659717e-05,10
7.598719093948603e-06,0.0007289390778169036,0.0005109710874967277,0.0005045125726610422,0.0004957839846611023,2.633937836561566e-05,128,runtime,cpu,32,auto,horner_reference,float32,,,spcauchy,6.596790626645088e-06,0.0010267079342156649,0.00048185281921178105,0.0004746285849250853,0.00046743894927203655,3.895570909734186e-05,10.0,reference_term_graph,4.619738319888711e-06,0.00020811794186010956,0.00020315253641456366,2.604199848635649e-05,auto,,2.765154931694269e-07,1.428393553942442e-05,1.3910001143813133e-05,2.240998549440856e-06,50,spcauchy_direct_autograd,False,False,8.227070793509483e-07,5.912140058353543e-05,5.8404519222676754e-05,5.014840831479362e-06,,,0.000977730960585;0.000976306037046;0.000976032926701;0.000975381000899;0.000978403957561,5,15,0.1238209295857914,False,4.035973688587546e-06,0.0002003295412287116,0.0001962335081771016,1.4792408454079416e-05,0,True,False,5.0,2.9808026738464832e-05,0.0015494129620492458,0.0009928239067085087,0.0009769164607860148,0.0009695240296423435,4.9556502071639103e-05,10
6.841437425464392e-06,0.0018694399623200297,0.0017550137406215072,0.0017543285503052175,0.00174066296312958,9.495078867215343e-06,128,runtime,cpu,32,auto,,float32,,,vmf,1.0146992281079292e-05,0.0022826249478384852,0.0021658560568466783,0.00216483703115955,0.0021487849298864603,1.0920425052425246e-05,10.0,native,6.515037966892123e-06,0.0006468294761143625,0.0006469520158134401,6.5026146161220234e-06,auto,,3.5928678698837757e-07,1.808650093153119e-05,1.7951999325305223e-05,1.0672002005988716e-06,50,vmf_official,False,False,9.835930541157722e-07,7.357040559872984e-05,7.351156091317534e-05,2.0318195444446143e-06,,,0.00392135977745;0.00391509290785;0.00391791388392;0.00391999818385;0.00392035394907,5,,,False,1.0543764801695943e-05,0.0014273696742020548,0.0014266319340094924,8.114763380043325e-06,0,True,False,5.0,1.4391669537872076e-05,0.0040844460017979145,0.003920869797468186,0.003918631991837174,0.003896102076396346,1.647748836819007e-05,10
1.6100762877613306e-05,0.0014073950005695224,0.0013827413041144609,0.0013844569330103695,0.0013616590294986963,1.0039011578118598e-05,128,runtime,cpu,32,auto,,float32,,,vmf,2.1139741875231266e-05,0.002506052958779037,0.0024656433230265977,0.002464214456267655,0.002429795917123556,1.4264330970321419e-05,10.0,native,2.0504696294665337e-05,0.0009438464804552495,0.000942168990150094,1.1525116968444285e-05,auto,,2.8155045583844185e-07,1.740356255322695e-05,1.7273472622036934e-05,8.438023898097294e-07,50,vmf_robust,False,False,5.667359801009297e-06,7.593902293592691e-05,7.406150689348578e-05,3.780733733947277e-06,,,0.00384677201509;0.00384517014027;0.00384348700754;0.00384629610926;0.00385425006971,5,,,False,8.957053069025278e-06,0.001428454257082194,0.0014283410273492336,6.598884780448563e-06,0,True,False,5.0,2.5544577511027455e-05,0.00388839200604707,0.0038483846271410585,0.0038485429831780493,0.0038053980097174644,1.712461516857877e-05,10
7.242750143632293e-06,0.0006434529786929488,0.0005585601292550564,0.000553214515093714,0.000544448965229094,1.5485965907704892e-05,128,runtime,cpu,32,auto,,float32,,,powerspherical,6.259768269956112e-06,0.0006910189986228943,0.0006044755126349628,0.0006008739583194256,0.0005895979702472687,1.4112351996572882e-05,10.0,native,1.0695075616240501e-06,0.0001072307163849473,0.00010555790504440665,5.865660172390237e-06,auto,,3.154564183205366e-07,1.370560983195901e-05,1.3518030755221844e-05,1.7445159749786772e-06,50,power_spherical,False,False,7.345806807279587e-07,5.941484309732914e-05,5.88555121794343e-05,2.4814552414140416e-06,,20.0,0.00114815996494;0.00115005008411;0.00115300901234;0.0011552979704;0.00115442997776,5,,,False,5.91450952924788e-06,0.0004241243433207273,0.0004197640810161829,1.2099521571513288e-05,0,True,False,5.0,3.17595258820802e-05,0.0012660250067710876,0.0011630356418900192,0.001153033459559083,0.0011416049674153328,2.1244367739025614e-05,10
6.589834811165929e-06,0.0006124129286035895,0.00037322116550058125,0.0003678745124489069,0.00036284199450165033,1.9472050071416322e-05,128,runtime,cpu,64,auto,vectorized,float32,,,spcauchy,6.084999768063426e-06,0.0009690520819276571,0.0005451136231422424,0.0005402034730650485,0.0005330069689080119,2.9587542026244017e-05,10.0,custom_single_node,5.385983968153596e-06,0.00024004039354622364,0.00023690250236541033,8.058600091487711e-06,auto,,4.7171488404273987e-07,1.5866632573306562e-05,1.5693018212914467e-05,1.724622647907807e-06,50,spcauchy_direct,False,False,5.537294782698154e-07,7.007201202213764e-05,6.884854519739747e-05,6.239554727863643e-06,,,0.000907415058464;0.000906481989659;0.000908812973648;0.000907381996512;0.000907371984795,5,31,0.0688175240836302,False,4.01597935706377e-06,0.0002191345850005746,0.0002151599619537592,2.1747846149844985e-05,0,True,False,5.0,4.405243089422584e-06,0.0013369760708883405,0.0009183347886428237,0.0009075534762814641,0.0008992060320451856,3.619034678648162e-05,10
5.8310688473284245e-06,0.00042560300789773464,0.00037073946837335825,0.0003672344610095024,0.0003633649321272969,9.593562497818158e-06,128,runtime,cpu,64,auto,vectorized,float32,,,spcauchy,6.288290023803711e-06,0.000652396003715694,0.0005693845837377012,0.0005643764743581414,0.0005566190229728818,1.4881431672191082e-05,10.0,custom_single_node,5.746202077716589e-06,0.0002642920818179846,0.00026057404465973377,8.71522308597122e-06,auto,,2.9319198802113533e-07,1.630082353949547e-05,1.5644473023712635e-05,3.4751595828372848e-06,50,spcauchy_direct_fixed,False,False,5.560577847063541e-07,7.009171368554235e-05,6.894796388223767e-05,4.615451769466006e-06,,,0.000931142945774;0.00093142001424;0.000930999987759;0.000931472051889;0.000932082068175,5,3,0.0688175240836302,False,5.086709279567003e-06,0.00021869996469467878,0.00021512992680072784,9.3091685136059e-06,0,True,False,5.0,1.0666291927918792e-05,0.0010190029861405492,0.0009401240521110595,0.0009315144852735102,0.000924600986763835,1.8095945283772175e-05,10
7.009250111877918e-06,0.0004368969239294529,0.0003789276359602809,0.000372416980098933,0.00036755797918885946,1.4567458668543558e-05,128,runtime,cpu,64,auto,,float32,,,spcauchy,5.765730747953057e-06,0.0004755639238283038,0.00042121218610554934,0.0004174030036665499,0.00041247601620852947,1.122224674191561e-05,10.0,custom_single_node,8.998322300612926e-07,0.00011257411586120725,0.00011153850937262177,4.172967583248479e-06,auto,compiled,3.172608558088541e-07,2.0188499707728623e-05,1.9970000721514225e-05,1.8009792584767907e-06,50,spcauchy_laplace,False,False,5.268375389277935e-07,7.037087809294462e-05,6.903603207319975e-05,5.4107861561326234e-06,,,0.000790133024566;0.000792664010078;0.000796449021436;0.000792129081674;0.000791111029685,5,,0.0688175240836302,False,2.4820619728416204e-06,0.00021807869244366883,0.00021562998881563544,8.002668469261048e-06,0,True,False,5.0,1.659669214859605e-05,0.0008765250677242875,0.0008001398220658302,0.0007922420045360923,0.0007827749941498041,1.8060235556032138e-05,10
7.375696441158652e-06,0.0012032679514959455,0.0006919355201534927,0.000684173486661166,0.0006732880137860775,3.6418363326988784e-05,128,runtime,cpu,64,auto,horner_reference,float32,,,spcauchy,6.4592750277370214e-06,0.0009091910906136036,0.0006242411490529775,0.0006167884566821158,0.0006076530553400517,3.118378204984736e-05,10.0,reference_term_graph,5.954294465482235e-06,0.00031621460663154723,0.00031185848638415337,1.762286005035627e-05,auto,,2.8050271794199944e-07,1.4770907815545797e-05,1.4574965462088585e-05,1.534597273345178e-06,50,spcauchy_direct_autograd,False,False,5.196488928049803e-07,7.2745474986732e-05,7.117702625691891e-05,9.343971674514841e-06,,,0.00130065309349;0.00130052003078;0.00129748391919;0.001302874065;0.00129980302881,5,31,0.0688175240836302,False,5.261448677629232e-06,0.00022051015961915255,0.00021633744472637773,1.0333323828294975e-05,0,True,False,5.0,3.206977271474898e-05,0.0020953440107405186,0.0013161766692064703,0.0013004460488446057,0.0012875850079581141,5.9463081736390933e-05,10
7.899478077888489e-06,0.0014277170412242413,0.0013950724485330284,0.0013945685350336134,0.0013834680430591106,6.026830830243442e-06,128,runtime,cpu,64,auto,,float32,,,vmf,6.793794455006719e-06,0.002040400984697044,0.002018033400643617,0.002017728518694639,0.002001147950068116,5.927914263130756e-06,10.0,native,7.449969416484237e-06,0.00045753089152276516,0.0004571694880723953,3.995740721572376e-06,auto,,3.179593477398157e-07,1.837319042533636e-05,1.833349233493209e-05,5.996210063943501e-07,50,vmf_official,False,False,7.312046363949776e-07,8.74811108224094e-05,8.706498192623258e-05,1.7903330261811282e-06,,,0.00341172982007;0.0034192870371;0.00341235497035;0.00341269606724;0.00340861687437,5,,,False,7.650436600670218e-06,0.001454648207873106,0.0014544744626618922,5.858760287608494e-06,0,True,False,5.0,1.1149997590109706e-05,0.0034427130594849586,0.0034131058491766453,0.003412369464058429,0.0033911330392584205,8.992453150016462e-06,10
1.7513957573100924e-05,0.0015138010494410992,0.0013700694655999542,0.0013710730127058923,0.0013480739435181022,1.436200355650486e-05,128,runtime,cpu,64,auto,,float32,,,vmf,2.211003447882831e-05,0.0026089720195159316,0.0024510917346924543,0.002449986001010984,0.0024193839635699987,1.835880326584196e-05,10.0,native,2.1765183191746473e-05,0.0008883432266302407,0.0008876139763742685,1.2393817393805585e-05,auto,,3.0166120268404484e-07,1.7963940277695654e-05,1.7869460862129927e-05,8.080757397051224e-07,50,vmf_robust,False,False,1.4575489331036806e-06,8.931396994739771e-05,8.859398076310754e-05,2.6621791954178855e-06,,,0.00381191913038;0.00383129692636;0.0038175447844;0.00381699809805;0.00381518201903,5,,,False,7.605267455801368e-06,0.0014554705978371202,0.0014541439595632255,1.1725974202935059e-05,0,True,False,5.0,2.3429194698110223e-05,0.004009630996733904,0.0038211612002924085,0.003818414523266256,0.0037831170484423637,2.4642249401211474e-05,10
6.99970405548811e-06,0.0006663680542260408,0.0005847968384623528,0.0005808630376122892,0.0005705900257453322,1.4032903886556166e-05,128,runtime,cpu,64,auto,,float32,,,powerspherical,6.045156624168158e-06,0.0007403130875900388,0.0006410437170416116,0.000635734002571553,0.0006242010276764631,1.6325725532872927e-05,10.0,native,1.1157244443893433e-06,0.00010797946993261576,0.00010650348849594593,5.714268054378944e-06,auto,,3.165623638778925e-07,1.4162585604935884e-05,1.4050980098545551e-05,1.0263458893031634e-06,50,power_spherical,False,False,6.126647349447012e-07,7.257972285151482e-05,7.184402784332633e-05,3.6399894651711346e-06,,20.0,0.00121546699665;0.00121475791093;0.00121463497635;0.00121648691129;0.00121520494577,5,,,False,6.339076207950711e-06,0.0004463219386525452,0.0004411404952406883,1.4087656169200964e-05,0,True,False,5.0,3.219227073714137e-05,0.0013172900071367621,0.0012258405555039644,0.0012158695026300848,0.0012046790216118097,2.0106298427264302e-05,10
5.843729013577104e-06,0.0004839160246774554,0.0004311583111993968,0.00042754499008879066,0.0004220979753881693,1.1161320837151983e-05,128,runtime,cpu,128,auto,compiled_horner_direct,float32,,,spcauchy,5.83208748139441e-06,0.0005361790535971522,0.0004995382279157638,0.0004971800372004509,0.00049094099085778,9.484789615817748e-06,10.0,custom_single_node,1.1452939361333847e-06,0.00012578593101352452,0.00012454448733478785,5.074436980656277e-06,auto,,2.899614628404379e-07,1.9927507732063533e-05,1.9760511349886656e-05,1.3593853851196325e-06,50,spcauchy_direct,False,False,6.329792086035013e-07,9.576268587261438e-05,9.466544725000858e-05,4.177409440566055e-06,,,0.000923436949961;0.000923310988583;0.000925390981138;0.000926462002099;0.000926701002754,5,63,0.036545092839805476,False,3.23730637319386e-06,0.0002580621032975614,0.00025588145945221186,6.879369019225145e-06,0,True,False,5.0,3.939901944249868e-06,0.0009920549346134067,0.0009306965391151607,0.0009254034957848489,0.000916423974558711,1.4093633385221748e-05,10
6.307731382548809e-06,0.0005331310676410794,0.00043063198775053024,0.00042560399742797017,0.00041999993845820427,1.3586179928602542e-05,128,runtime,cpu,128,auto,vectorized,float32,,,spcauchy,6.1170721892267466e-06,0.0010549749713391066,0.0006373944347724318,0.000631364993751049,0.0006234169704839587,3.0137453557175876e-05,10.0,custom_single_node,5.800218787044287e-06,0.00026572690065950155,0.00026097154477611184,2.0515442772393425e-05,auto,,4.569592420011759e-07,1.617422653362155e-05,1.591601176187396e-05,1.971284868385123e-06,50,spcauchy_direct_fixed,False,False,5.847250577062368e-07,9.599164733663201e-05,9.467249037697911e-05,4.786861186369138e-06,,,0.00105565506965;0.00105687300675;0.00105717009865;0.00105736404657;0.00105632399209,5,3,0.036545092839805476,False,5.037029040977359e-06,0.00025950166024267676,0.0002561309956945479,1.0692575943513676e-05,0,True,False,5.0,1.5689030988141894e-05,0.001588106038980186,0.001068026422522962,0.0010568795260041952,0.0010515640024095774,3.772511674991535e-05,10
6.28348789177835e-06,0.0005321910139173269,0.0004337549936026335,0.0004279519780538976,0.0004234460648149252,1.5045994505561698e-05,128,runtime,cpu,128,auto,,float32,,,spcauchy,6.334797944873571e-06,0.0007186729926615953,0.0004912834675051272,0.00048663251800462604,0.0004790449747815728,2.116324340092715e-05,10.0,custom_single_node,9.662180673331022e-07,0.00011420311732217669,0.00011231901589781046,7.660763953740481e-06,auto,compiled,3.657187335193157e-07,2.0621939096599818e-05,2.0239967852830887e-05,2.0858947371749797e-06,50,spcauchy_laplace,False,False,5.892361514270306e-07,9.693996841087937e-05,9.461597073823214e-05,1.5841585347463025e-05,,,0.000916213029996;0.000913242110983;0.000913729076274;0.000912338029593;0.000914667034522,5,,0.036545092839805476,False,5.660549504682422e-06,0.0002595184426754713,0.00025585154071450233,9.261142865222838e-06,0,True,False,5.0,2.1007785107940435e-05,0.0011526390444487333,0.0009250384611077607,0.0009143364732153714,0.0009057949064299464,2.5235789798495e-05,10
3.0059280106797814e-05,0.001259470940567553,0.0010316173559986055,0.0010207294835709035,0.0010074799647554755,2.8839072574784015e-05,128,runtime,cpu,128,auto,horner_reference,float32,,,spcauchy,1.1717493180185556e-05,0.001285145990550518,0.0009140797057189047,0.0009026465122587979,0.0008917450904846191,3.300020548260446e-05,10.0,reference_term_graph,7.449270924553275e-06,0.0005374970575794578,0.0005303169600665569,2.7026853605323702e-05,auto,,3.1996751204133034e-07,1.5881677623838185e-05,1.5603494830429554e-05,1.8234670953315742e-06,50,spcauchy_direct_autograd,False,False,7.659546099603176e-07,0.00010009436774998904,9.842496365308762e-05,6.970707807880721e-06,,,0.00192648102529;0.00192346202675;0.00192251801491;0.00192652700935;0.00192980701104,5,63,0.036545092839805476,False,5.4790289141237736e-06,0.00026060660276561973,0.00025614554760977626,1.1789074589988688e-05,0,True,False,5.0,3.630018909461796e-05,0.002366584027186036,0.0019456970617175101,0.0019262720015831292,0.0019039600156247616,5.0558235896834563e-05,10
,,,,,,128,runtime,cpu,128,auto,,float32,Encountered NaN/Inf in loss or gradients.,non_finite,vmf,,,,,,,10.0,native,,,,,auto,,,,,,50,vmf_official,True,True,,,,,,,,5,,,False,,,,,0,False,False,5.0,,,,,,,10
1.706136390566826e-05,0.002102539991028607,0.0013837359794415533,0.0013700004783459008,0.0013448690297082067,9.893115196225774e-05,128,runtime,cpu,128,auto,,float32,,,vmf,2.1983723854646087e-05,0.0036583609180524945,0.0024987115222029387,0.002477500995155424,0.00244596297852695,0.00014147600576244353,10.0,native,2.1522078895941377e-05,0.0008447134103626013,0.000836142513435334,5.0827043330994744e-05,auto,,3.707828000187874e-07,1.9098401069641114e-05,1.8783437553793192e-05,1.5759148627114828e-06,50,vmf_robust,False,False,9.453506208956242e-07,0.00012131937826052308,0.00011983455624431372,8.832479657271038e-06,,,0.00384886702523;0.00384213915095;0.00384057220072;0.00384853687137;0.00384107604623,5,,,False,7.5417920015752316e-06,0.0015135803325101733,0.001500432554166764,8.558750596420268e-05,0,True,False,5.0,2.4965760530903935e-05,0.005760900909081101,0.0038824475016444922,0.003845748957246542,0.003807840053923428,0.00023426857940957545,10
1.4360441127792e-05,0.0008161480072885752,0.0006463211951777339,0.0006382269784808159,0.0006290439050644636,2.1320065949924547e-05,128,runtime,cpu,128,auto,,float32,,,powerspherical,2.0838750060647726e-05,0.0008383389795199037,0.0007161568286828696,0.0007073750020936131,0.0006949779344722629,2.2692074393799283e-05,10.0,native,1.2886885087937117e-06,0.00011001830594614148,0.0001071080332621932,9.014521879017749e-06,auto,,2.767774276435375e-07,1.5121817588806152e-05,1.4739518519490957e-05,2.5182546205606776e-06,50,power_spherical,False,False,5.864421837031841e-07,9.882606053724884e-05,9.747152216732502e-05,5.4772495490559464e-06,,20.0,0.00134919502307;0.00134489999618;0.00134343397804;0.00134756509215;0.00134691293351,5,,,False,7.70771293900907e-06,0.0004921906446106732,0.00048672844422981143,1.8966325385476465e-05,0,True,False,5.0,3.572186687961221e-05,0.0015220929635688663,0.0013624780238606035,0.0013465729425661266,0.0013316699769347906,3.4601436066932844e-05,10
6.656016921624541e-06,0.0006599720800295472,0.0006481712893582881,0.0006493055261671543,0.0006401720456779003,3.750929507026039e-06,128,runtime,cpu,256,auto,compiled_horner_direct,float32,,,spcauchy,4.727713530883193e-06,0.0008205639896914363,0.0007767185498960316,0.000777065462898463,0.0007657440146431327,4.753084959461612e-06,10.0,custom_single_node,1.7627316992729902e-06,0.0001626174421980977,0.0001616189838387072,2.7380958141467764e-06,auto,,4.181929398328066e-07,3.5235915798693895e-05,3.504997584968805e-05,1.0296238843304588e-06,50,spcauchy_direct,False,False,1.4550168998539448e-06,0.00017640288826078178,0.0001754635013639927,3.0824757598680736e-06,,,0.00142738106661;0.00142376299482;0.00142347696237;0.00142444903031;0.00142227497417,5,127,0.018874646269279063,False,6.012734957039356e-06,0.00040246230363845826,0.0004011404816992581,3.538816686248277e-06,0,True,False,5.0,6.55703479424119e-06,0.0014781220816075802,0.0014248898392543196,0.0014240385498851538,0.0014128899201750755,5.740074333503113e-06,10
6.123795174062252e-06,0.0007327659986913204,0.0006470023058354854,0.0006475995178334415,0.0006386509630829096,6.612617580634117e-06,128,runtime,cpu,256,auto,vectorized,float32,,,spcauchy,4.1844905354082584e-06,0.001106315990909934,0.0009141565365716815,0.0009126415243372321,0.0009020469151437283,1.740066249806456e-05,10.0,custom_single_node,5.8840669225901365e-06,0.00030680523766204716,0.00030500401044264436,8.329974419340646e-06,auto,,4.6548666432499886e-07,2.9375295620411633e-05,2.904451685026288e-05,1.5691535644883825e-06,50,spcauchy_direct_fixed,False,False,8.632196113467216e-07,0.0001752249035052955,0.00017435947665944695,2.3591651386452267e-06,,,0.0015607799869;0.00155866204295;0.00155955902301;0.0015583030181;0.00155722803902,5,2,0.018874646269279063,False,5.983514711260796e-06,0.0004027510997839272,0.00040086451917886734,1.3601610736744126e-05,0,True,False,5.0,6.073154509067535e-06,0.001829099957831204,0.001561158842407167,0.00155911804176867,0.001548414002172649,2.161928299954384e-05,10
6.083369953557849e-06,0.0006922000320628285,0.0006492605707608164,0.0006499410374090075,0.0006408850895240903,4.7295012816104804e-06,128,runtime,cpu,256,auto,,float32,,,spcauchy,4.096480552107096e-06,0.0008569259662181139,0.0007476462027989328,0.0007475685561075807,0.0007371499668806791,8.459004215871394e-06,10.0,custom_single_node,1.2742821127176285e-06,0.00013472290709614753,0.00013399595627561212,2.2464201092761944e-06,auto,compiled,4.174362402409315e-07,3.595056151971221e-05,3.575696609914303e-05,1.1084560135336433e-06,50,spcauchy_laplace,False,False,7.819617167115211e-07,0.0001752717182971537,0.00017434294568374753,2.5662032184672036e-06,,,0.0013948379783;0.00139540596865;0.00139465194661;0.00139671901707;0.00139569095336,5,,0.018874646269279063,False,5.773938028141856e-06,0.00040170101588591934,0.0003997725434601307,7.110708703191914e-06,0,True,False,5.0,5.8300793170928955e-06,0.0015212169382721186,0.001396906773559749,0.0013953809975646436,0.0013870869297534227,1.0121636912469703e-05,10
1.0254676453769207e-05,0.0021554050035774708,0.002025408965069801,0.0020233489922247827,0.0020041130483150482,1.5097146016413827e-05,128,runtime,cpu,256,auto,horner_reference,float32,,,spcauchy,1.0555784683674574e-05,0.0019471480045467615,0.0017729072966612875,0.0017724590725265443,0.0017505040159448981,1.3489347761170845e-05,10.0,reference_term_graph,8.086062734946609e-06,0.0011552694300189614,0.0011542905122041702,1.1769669111484881e-05,auto,,4.050089046359062e-07,2.842383272945881e-05,2.8271053452044725e-05,8.375935290583372e-07,50,spcauchy_direct_autograd,False,False,8.63510649651289e-07,0.00018509778007864952,0.00018459302373230457,2.8601047731511016e-06,,,0.00379428407177;0.00379721214995;0.00379317486659;0.00379375182092;0.00379927316681,5,127,0.018874646269279063,False,3.1947565730661154e-06,0.0004041162538342178,0.00040362897561863065,3.4989181289731157e-06,0,True,False,5.0,1.4706689398735762e-05,0.0040853500831872225,0.003798316261731088,0.0037957109743729234,0.003761491971090436,2.404281993298116e-05,10
,,,,,,128,runtime,cpu,256,auto,,float32,Encountered NaN/Inf in loss or gradients.,non_finite,vmf,,,,,,,10.0,native,,,,,auto,,,,,,50,vmf_official,True,True,,,,,,,,5,,,False,,,,,0,False,False,5.0,,,,,,,10
1.8168793758377433e-05,0.0015958789736032486,0.0014295642278157174,0.0014256780268624425,0.001408663927577436,1.777182408874065e-05,128,runtime,cpu,256,auto,,float32,,,vmf,1.529167639091611e-05,0.0028638410149142146,0.0025960562280379234,0.002592344011645764,0.002573531004600227,2.4605499294089847e-05,10.0,native,1.5730445738881826e-05,0.0007596135344356299,0.000755882472731173,1.1371191383389115e-05,auto,,5.88101102039218e-07,2.9251179192215203e-05,2.909451723098755e-05,1.0945264078282841e-06,50,vmf_robust,False,False,1.326581696048379e-06,0.00018250033259391784,0.00018194445874541998,2.5228786736739287e-06,,,0.00402243807912;0.00401833700016;0.00402066903189;0.00402113888413;0.00402032770216,5,,,False,7.855036528781056e-06,0.0016246911818161606,0.0016221560072153807,1.9439583065449243e-05,0,True,False,5.0,2.0279927412047982e-05,0.004459719988517463,0.004025620455853641,0.00402036594459787,0.003985779942013323,3.65668046470476e-05,10
4.0755257941782475e-06,0.0009611389832571149,0.0008901838245801627,0.0008882180554792285,0.0008767959661781788,1.1800403528918299e-05,128,runtime,cpu,256,auto,,float32,,,powerspherical,3.7857680581510067e-06,0.0012296700151637197,0.0010269341245293618,0.0010240019764751196,0.001017040922306478,1.850429394090192e-05,10.0,native,1.3185199350118637e-06,0.00012973980465903878,0.0001288435305468738,4.105091449868351e-06,auto,,4.230532795190811e-07,2.828948851674795e-05,2.8113950975239277e-05,9.841814220018465e-07,50,power_spherical,False,False,9.745126590132713e-07,0.00017900233576074242,0.00017765449592843652,6.762680174576361e-06,,20.0,0.00191245297901;0.00191041396465;0.00191300304141;0.00191280804574;0.00191279407591,5,,,False,5.208334187045693e-06,0.0006899024955928326,0.0006888504722155631,1.3283932376774701e-05,0,True,False,5.0,6.612652214244008e-06,0.00218757800757885,0.0019171179491095246,0.0019123100209981203,0.001897530979476869,2.5903814492158505e-05,10
7.758440915495157e-06,0.000798900960944593,0.0007005515675991774,0.0006991775589995086,0.0006883150199428201,8.500393002190827e-06,128,runtime,cpu,512,auto,compiled_horner_direct,float32,,,spcauchy,1.223426079377532e-05,0.001342535950243473,0.0010652021337300538,0.001063780509866774,0.0010381679749116302,2.385487654187069e-05,10.0,custom_single_node,2.180575393140316e-06,0.000178391276858747,0.00017753755673766136,2.8392468572969146e-06,auto,,5.037582013756037e-07,3.862266940996051e-05,3.8539059460163116e-05,8.956743477180483e-07,50,spcauchy_direct,False,False,5.1685492508113384e-06,0.0002932633035816252,0.0002921614795923233,1.8469684315616646e-05,,,0.00177548499778;0.00177255203016;0.00175934401341;0.00175516190939;0.00175418902654,5,255,0.009597813032773628,False,1.541775418445468e-05,0.0005549248838797212,0.0005547680775634944,1.641267544124112e-05,0,True,False,5.0,1.8238992197439075e-05,0.002141436911188066,0.0017657537013292313,0.0017633644747547805,0.0017340329941362143,3.0290387159993785e-05,10
6.482470780611038e-06,0.0007137540960684419,0.0006945620873011649,0.0006955295102670789,0.0006854600505903363,3.9587587040045564e-06,128,runtime,cpu,512,auto,vectorized,float32,,,spcauchy,9.67280357144773e-06,0.0013869570102542639,0.0011793646668083965,0.001178353966679424,0.0011572259245440364,1.5442755979695984e-05,10.0,custom_single_node,6.098794983699918e-06,0.00030709507362917064,0.0003056789864785969,3.7399446626855728e-06,auto,,5.469191819429398e-07,3.1780297867953777e-05,3.163644578307867e-05,1.059994434785355e-06,50,spcauchy_direct_fixed,False,False,5.487061571329832e-06,0.00029034164547920226,0.00028876197757199407,5.289481615054677e-06,,,0.00187731406186;0.0018722419627;0.00187060399912;0.00187075405847;0.00186877301894,5,2,0.009597813032773628,False,1.577299553900957e-05,0.0005501476498320698,0.0005476859514601529,1.6174075489866038e-05,0,True,False,5.0,1.1682655895128846e-05,0.002084529958665371,0.0018739267541095614,0.0018717509810812771,0.0018522919854149222,1.6348252041613373e-05,10
6.266171112656593e-06,0.000718986033461988,0.0006977518717758358,0.000698412477504462,0.0006894540274515748,4.242125176118825e-06,128,runtime,cpu,512,auto,,float32,,,spcauchy,1.0358169674873352e-05,0.0010319390567019582,0.001015829517506063,0.0010151725145988166,0.0009953640401363373,6.814972473674296e-06,10.0,custom_single_node,1.21706398203969e-06,0.0001358674974180758,0.00013529445277526975,2.2724326336731e-06,auto,compiled,4.461617209017277e-07,3.925454104319215e-05,3.9042497519403696e-05,1.227695441027765e-06,50,spcauchy_laplace,False,False,5.039764801040292e-06,0.0002900615376420319,0.00028886948712170124,2.684566508701563e-06,,,0.0017115320079;0.00171379500534;0.00171100301668;0.00171363097616;0.00171372608747,5,,0.009597813032773628,False,1.5702185919508338e-05,0.0005506459414027631,0.0005487870657816529,8.456456475213975e-06,0,True,False,5.0,1.150931348092854e-05,0.0017442930256947875,0.0017135813892818986,0.001713121950160712,0.0016885349759832025,8.340756625184513e-06,10
2.0550709450617433e-05,0.0035816599847748876,0.0034129914697259667,0.0034112849389202893,0.003376523032784462,2.1640615589402024e-05,128,runtime,cpu,512,auto,horner_reference,float32,,,spcauchy,2.0009843865409493e-05,0.003408052958548069,0.0030504482057876884,0.003048464481253177,0.0030043369624763727,2.796359441777596e-05,10.0,reference_term_graph,1.703828456811607e-05,0.002173304363619536,0.0021731930319219828,1.5631195112366957e-05,auto,,5.364418029785156e-07,3.104922454804182e-05,3.099150490015745e-05,5.974564902590357e-07,50,spcauchy_direct_autograd,False,False,4.702043952420354e-06,0.00030702017107978464,0.00030605855863541365,3.863840171283081e-06,,,0.00645879516378;0.00646227505058;0.00645083701238;0.0064605968073;0.00646310392767,5,255,0.009597813032773628,False,5.652225809171796e-06,0.0005390744465403258,0.0005381689989008009,1.9433732672276648e-05,0,True,False,5.0,2.6594236260280013e-05,0.006823978968895972,0.006463439675513655,0.0064585835207253695,0.0064106209902092814,3.694052306971297e-05,10
,,,,,,128,runtime,cpu,512,auto,,float32,Encountered NaN/Inf in loss or gradients.,non_finite,vmf,,,,,,,10.0,native,,,,,auto,,,,,,50,vmf_official,True,True,,,,,,,,5,,,False,,,,,0,False,False,5.0,,,,,,,10
1.7464248230680823e-05,0.0014774319715797901,0.0014138876143842936,0.0014122790307737887,0.0013928880216553807,1.1841964914476718e-05,128,runtime,cpu,512,auto,,float32,,,vmf,2.2530730348080397e-05,0.0030023830477148294,0.0028231249591335653,0.0028214564663358033,0.0027903489535674453,2.1936132612676335e-05,10.0,native,1.5945261111482978e-05,0.0007078254409134388,0.0007049705600365996,9.50015234325358e-06,auto,,5.140318535268307e-07,3.2193925697356464e-05,3.201898653060198e-05,9.515972322572994e-07,50,vmf_robust,False,False,4.744506441056728e-06,0.00030056294053792953,0.0003000550204887986,1.2182323061835753e-05,,,0.0042497930117;0.00425358908251;0.00422262400389;0.00422182306647;0.00422619469464,5,,,False,2.188907819800079e-05,0.0017825426519848407,0.0017788330442272127,1.280115589750286e-05,0,True,False,5.0,2.7826259611174464e-05,0.0044798150192946196,0.004237012573517859,0.004234060936141759,0.004195100045762956,2.744124513644547e-05,10
4.909496055915952e-06,0.0011529750190675259,0.0009373328178189695,0.0009339544922113419,0.000923819956369698,1.5455485904899196e-05,128,runtime,cpu,512,auto,,float32,,,powerspherical,9.063718607649207e-06,0.0013284990563988686,0.0012801923444494606,0.0012748354929499328,0.0012652960140258074,1.2437441328424522e-05,10.0,native,1.1986121535301208e-06,0.00012917164294049143,0.00012841547140851617,2.327427459073905e-06,auto,,4.164758138358593e-07,3.0352460220456122e-05,3.0214025173336267e-05,9.087782733252294e-07,50,power_spherical,False,False,5.219742888584733e-06,0.0002943798769265413,0.0002926074666902423,4.040807852326856e-06,,20.0,0.00220789201558;0.00220721401274;0.00220514601097;0.00220624008216;0.00225224718451,5,,,False,5.298148607835174e-06,0.0008262883643619716,0.0008226200006902218,9.997398550125624e-06,0,True,False,5.0,1.1847238056361675e-05,0.002422402030788362,0.00221752516226843,0.0022086999379098415,0.0021971719106659293,2.2727347986338036e-05,10
4.219220136292279e-05,0.0012443449813872576,0.0009990008482709527,0.0009934019763022661,0.0009511549724265933,3.359083335626641e-05,128,runtime,cpu,1024,auto,compiled_horner_direct,float32,,,spcauchy,2.7190078981220722e-05,0.002359320060350001,0.0020163709786720574,0.0020170955103822052,0.0019771300721913576,2.9096190847855125e-05,10.0,custom_single_node,6.182730430737138e-06,0.00024518856685608624,0.00024458306143060327,5.774667586904199e-06,auto,,1.3938406482338905e-06,4.129957128316164e-05,4.094751784577966e-05,2.46672693960547e-06,50,spcauchy_direct,False,False,6.4207997638732195e-06,0.0005330432681366801,0.0005298794130794704,1.975250610674278e-05,,,0.00296880397946;0.00297371391207;0.00301108392887;0.00304773310199;0.00303575908765,5,511,0.004840384459446832,False,2.5781657313928008e-05,0.0011968395723961293,0.0012009114725515246,1.440275422822556e-05,0,True,False,5.0,7.165671559050679e-05,0.003560714074410498,0.00301537182694301,0.003013061999808997,0.002932706964202225,5.5100991249277306e-05,10
3.015901893377304e-05,0.0014049690216779709,0.0010234067989513278,0.0010132835595868528,0.0009691669838503003,5.6974992454508454e-05,128,runtime,cpu,1024,auto,vectorized,float32,,,spcauchy,2.824614057317376e-05,0.00331590895075351,0.0021739549515768885,0.0021467830520123243,0.0021119040902704,0.00014643305502143398,10.0,custom_single_node,1.4428660506382585e-05,0.0003680058587342501,0.0003632709267549217,2.551856956416037e-05,auto,,9.991636034101248e-07,3.566292533650994e-05,3.3977499697357416e-05,1.3672946720482618e-05,50,spcauchy_direct_fixed,False,False,1.875520683825016e-05,0.0005470291306264698,0.0005371664883568883,4.84038199830338e-05,,,0.00315297907218;0.0031641270034;0.003170639975;0.00315354997292;0.00317636202089,5,2,0.004840384459446832,False,1.3333192327991128e-05,0.0012232570368796588,0.0012113625416532159,7.598974466046646e-05,0,True,False,5.0,4.455255111679435e-05,0.004720877972431481,0.0031973617505282165,0.0031613275059498847,0.0030827770242467523,0.00019619999175327226,10
3.280502278357744e-05,0.0012740300735458732,0.0010077753346413375,0.001004993508104235,0.0009705689735710621,2.7356208914587947e-05,128,runtime,cpu,1024,auto,,float32,,,spcauchy,1.6396690625697374e-05,0.0021144190104678273,0.001966864704620093,0.0019670125329867005,0.0019279690459370613,1.6259322491178437e-05,10.0,custom_single_node,6.092508556321263e-06,0.00017174758529290557,0.00017111556371673942,5.509846938830506e-06,auto,compiled,6.962509360164404e-07,4.219680372625589e-05,4.207401070743799e-05,1.1278374025740774e-06,50,spcauchy_laplace,False,False,7.406692020595074e-06,0.0005465097855776548,0.0005476165097206831,9.12567065566331e-06,,,0.00297111901455;0.00296759605408;0.00296990713105;0.00297063309699;0.00297029898502,5,,0.004840384459446832,False,9.91721753962338e-06,0.0012064105300232768,0.001205281587317586,9.840230701983639e-06,0,True,False,5.0,3.4254277125000954e-05,0.003244366031140089,0.0029746400392614307,0.002970465982798487,0.0028985380195081234,3.399290704973468e-05,10
4.8636458814144135e-05,0.007632195018231869,0.006504563058260828,0.006493793509434909,0.006388655048795044,8.879249134837196e-05,128,runtime,cpu,1024,auto,horner_reference,float32,,,spcauchy,0.00019601627718657255,0.0063814830500632524,0.006025519886054099,0.00602832151344046,0.005857351003214717,0.00010890984703843014,10.0,reference_term_graph,4.02207369916141e-05,0.004303132844623178,0.004298930987715721,3.415180461989019e-05,auto,,5.466572474688292e-07,3.265008190646768e-05,3.240595106035471e-05,1.2151262867856731e-06,50,spcauchy_direct_autograd,False,False,6.483227480202913e-06,0.0005677987760864198,0.0005687165539711714,8.746916369548833e-06,,,0.0124422293156;0.0124863609672;0.0125166429207;0.0125658791512;0.0125860432163,5,511,0.004840384459446832,False,0.00019028331735171378,0.0011219381834380328,0.0010625069844536483,9.64719367124046e-05,0,True,False,5.0,0.00020028059952892363,0.013840129016898572,0.012530082944314926,0.012536518974229693,0.012313605984672904,0.00015231554445636726,10
,,,,,,128,runtime,cpu,1024,auto,,float32,Encountered NaN/Inf in loss or gradients.,non_finite,vmf,,,,,,,10.0,native,,,,,auto,,,,,,50,vmf_official,True,True,,,,,,,,5,,,False,,,,,0,False,False,5.0,,,,,,,10
3.9161910535767674e-05,0.0017553960205987096,0.0016716963732615114,0.00166683504357934,0.0016243780264630914,2.622917641072714e-05,128,runtime,cpu,1024,auto,,float32,,,vmf,1.8950231606140733e-05,0.0037288590101525187,0.003612904232926667,0.003608989471103996,0.0035596690140664577,2.1655274892415893e-05,10.0,native,7.201975677162409e-06,0.0006755118113942444,0.0006749749882146716,7.211309874206052e-06,auto,,6.735208444297314e-07,3.350715897977352e-05,3.3096468541771173e-05,2.003000774347497e-06,50,vmf_robust,False,False,5.7875586207956076e-06,0.0005454242816194892,0.0005441535031422973,8.561664010520169e-06,,,0.00528124906123;0.00527578499168;0.0052741849795;0.00527546182275;0.00528376176953,5,,,False,1.558498479425907e-05,0.0023584609809331595,0.0023566565359942615,1.6264870917870372e-05,0,True,False,5.0,4.5212480472400784e-05,0.005439157015644014,0.005284600606188178,0.005278980068396777,0.005225074011832476,3.523491419224436e-05,10
3.118498716503382e-05,0.001466555055230856,0.0013207771186716855,0.001313894463237375,0.001280670054256916,2.3575415117269742e-05,128,runtime,cpu,1024,auto,,float32,,,powerspherical,2.038973616436124e-05,0.0025159629294648767,0.0023285614266060294,0.0023254805128090084,0.0022936559980735183,2.5516304270352208e-05,10.0,native,2.5717599783092737e-06,0.00014768080366775392,0.00014644797192886472,3.916680680209133e-06,auto,,5.540496204048395e-07,3.330893581733108e-05,3.312644548714161e-05,1.086398639222953e-06,50,power_spherical,False,False,1.960329245775938e-05,0.0005526680168695748,0.0005563534796237946,1.1309197391200392e-05,,20.0,0.00364064797759;0.00364013388753;0.00363449007273;0.00365151907317;0.00365092093125,5,,,False,1.1960568372160196e-05,0.0015949036702513695,0.0015913689858280122,1.9084600775152698e-05,0,True,False,5.0,3.468894283287227e-05,0.003962378017604351,0.0036493385452777147,0.0036451309570111334,0.003595195012167096,4.119070591703208e-05,10
5.705241346731782e-05,0.00152882793918252,0.0014378088931553065,0.0014375270693562925,0.0013547129929065704,3.849998820309197e-05,128,runtime,cpu,2048,auto,compiled_horner_direct,float32,,,spcauchy,4.045554669573903e-05,0.0033319740323349833,0.0031977982046082617,0.0031928889802657068,0.003139439970254898,3.075846897057531e-05,10.0,custom_single_node,7.075199391692877e-06,0.00036046400386840105,0.0003590980195440352,5.960155554193517e-06,auto,,1.2567616067826748e-06,4.6359144151210785e-05,4.588195588439703e-05,2.3265426474973166e-06,50,spcauchy_direct,False,False,1.9452301785349846e-05,0.0010124682704918087,0.0010073695448227227,1.2722371018590736e-05,,,0.00471092388034;0.00465100305155;0.00462563009933;0.00459603313357;0.00459500774741,5,1023,0.00243073871777033,False,2.440551179461181e-05,0.001778506786096841,0.0017758940230123699,2.07196597324e-05,0,True,False,5.0,8.472002809867263e-05,0.004783482989296317,0.004635607097763568,0.00463121454231441,0.004512525978498161,5.920736077849186e-05,10
2.264627255499363e-05,0.0016781840240582824,0.0014576728316023945,0.0014512775815092027,0.0014098079409450293,3.58108023154266e-05,128,runtime,cpu,2048,auto,vectorized,float32,,,spcauchy,3.7779565900564194e-05,0.003673536004498601,0.0032664389116689565,0.0032572789932601154,0.0032049850560724735,5.105141970138868e-05,10.0,custom_single_node,8.551462087780237e-06,0.00043831308651715516,0.000436010945122689,1.5433020333301306e-05,auto,,7.929629646241665e-07,3.702880023047328e-05,3.650051075965166e-05,2.8782627235588736e-06,50,spcauchy_direct_fixed,False,False,2.005175338126719e-05,0.0010123515678569675,0.001004586461931467,2.133832098448047e-05,,,0.00468835420907;0.00469756312668;0.00473363418132;0.00472970306873;0.00471553299576,5,2,0.00243073871777033,False,2.7311296435073018e-05,0.0017787454570643603,0.00177475850796327,3.025904840888187e-05,0,True,False,5.0,4.3844920583069324e-05,0.005189685034565628,0.004724111743271351,0.0047069930005818605,0.00463997304905206,7.105685936138918e-05,10
1.8783932318910956e-05,0.0016629029996693134,0.0013944414248690008,0.0013910530251450837,0.0013560530496761203,2.8155806969078806e-05,128,runtime,cpu,2048,auto,,float32,,,spcauchy,3.250202280469239e-05,0.0032280939631164074,0.0030703850430436434,0.0030681369826197624,0.003025511046871543,2.588426587779207e-05,10.0,custom_single_node,5.144538590684533e-06,0.00023386514512822033,0.00023234396940097213,5.446921956389253e-06,auto,compiled,9.910145308822393e-07,4.680766211822629e-05,4.66269557364285e-05,1.405720484760455e-06,50,spcauchy_laplace,False,False,1.943498500622809e-05,0.0010103008272126317,0.0010040435590781271,1.392889296798637e-05,,,0.00446399394423;0.00446343515068;0.00446454202756;0.00445152213797;0.00445891683921,5,,0.00243073871777033,False,2.0759965991601348e-05,0.001779411408584565,0.0017786685493774712,1.8439454839380577e-05,0,True,False,5.0,3.926007775589824e-05,0.004745105979964137,0.004464826467912644,0.004461909527890384,0.0043971489649266005,3.846466913185018e-05,10
0.00018196567543782294,0.01818763604387641,0.012673392982222139,0.012601518945302814,0.012381400913000107,0.00038456751521173286,128,runtime,cpu,2048,auto,horner_reference,float32,,,spcauchy,9.664500248618424e-05,0.014758490957319736,0.01168350022053346,0.01166278449818492,0.011481228051707149,0.00021095299886365662,10.0,reference_term_graph,8.330543641932309e-05,0.008763365279417484,0.008749088447075337,0.00011469881302512118,auto,,1.1657539289444685e-06,3.72683284804225e-05,3.637257032096386e-05,4.7276137591949445e-06,50,spcauchy_direct_autograd,False,False,1.9867962691932917e-05,0.0011029328517615795,0.0010949460556730628,4.86541463171575e-05,,,0.0242611896247;0.0241885501891;0.024225383997;0.0243188831955;0.024368589744,5,1023,0.00243073871777033,False,2.8117181500419974e-05,0.0017799337608739735,0.0017739834729582071,6.030291969382427e-05,0,True,False,5.0,0.00023466968559660017,0.030079668969847262,0.0243568932027556,0.024280038487631828,0.023947405046783388,0.00047830301685369294,10
,,,,,,128,runtime,cpu,2048,auto,,float32,Encountered NaN/Inf in loss or gradients.,non_finite,vmf,,,,,,,10.0,native,,,,,auto,,,,,,50,vmf_official,True,True,,,,,,,,5,,,False,,,,,0,False,False,5.0,,,,,,,10
3.648473648354411e-05,0.0020203610183671117,0.0018710196553729476,0.001868166495114565,0.0017969900509342551,2.9542805264562597e-05,128,runtime,cpu,2048,auto,,float32,,,vmf,2.6708788936957717e-05,0.0050448799738660455,0.0046342804110609,0.00463085895171389,0.004563667927868664,3.646801626970344e-05,10.0,native,6.666290573775768e-06,0.000689474314916879,0.0006896004779264331,6.54620780687259e-06,auto,,1.4211691450327635e-06,3.9202979300171136e-05,3.9068982005119324e-05,1.4819996821988362e-06,50,vmf_robust,False,False,1.697000698186457e-05,0.0010460753128863872,0.00104236148763448,1.60728979542469e-05,,,0.00649980083108;0.00650768727064;0.00650247186422;0.00650423578918;0.00648687127978,5,,,False,1.824606442824006e-05,0.0028595278039574624,0.002855942992027849,2.972545235072868e-05,0,True,False,5.0,4.4508458813652396e-05,0.007018635980784893,0.006505300066433847,0.006499737035483122,0.006400997051969171,5.142951217718621e-05,10
2.2410269593819976e-05,0.002087317989207804,0.001856161052826792,0.0018555764690972865,0.0018064950127154589,2.5081498628373894e-05,128,runtime,cpu,2048,auto,,float32,,,powerspherical,2.362125087529421e-05,0.0038584519643336535,0.0036786466338671743,0.0036759775248356164,0.00363135093357414,2.5751532171788334e-05,10.0,native,2.763321390375495e-06,0.00016547399060800672,0.0001643591094762087,4.010334367261121e-06,auto,,7.551279850304127e-07,3.6164744291454554e-05,3.5899458453059196e-05,1.3105716365547467e-06,50,power_spherical,False,False,1.9839993910863996e-05,0.0010522029302082955,0.0010444444487802684,1.7597909313718995e-05,,20.0,0.00553555600345;0.00553922588006;0.00553162675351;0.00552746886387;0.00552055193111,5,,,False,2.9121525585651398e-05,0.0024248049687594173,0.0024242495419457555,2.154274974491152e-05,0,True,False,5.0,3.3596239518374205e-05,0.005757984006777406,0.0055348076866939665,0.005530548514798284,0.00545813306234777,3.7154701342282004e-05,10
6.466230843216181e-06,0.00041804497595876455,0.00034184229653328656,0.00033905496820807457,0.0003337470116093755,7.613477070485977e-06,128,runtime,cpu,9,auto,vectorized,float32,,,spcauchy,8.488219464197755e-06,0.0004882229259237647,0.00042635694146156314,0.0004249410121701658,0.0004162000259384513,7.632201182272695e-06,10.0,custom_single_node,4.234723746776581e-06,0.00016745008062571287,0.00016634247731417418,3.56902610091385e-06,auto,,4.4476473703980446e-07,1.5613244380801915e-05,1.5296449419111013e-05,1.6703516708201582e-06,50,spcauchy_neighbor,False,False,6.56727934256196e-07,4.989105323329568e-05,4.939100472256541e-05,2.195344201817136e-06,,,0.000768715981394;0.000764605938457;0.000761742936447;0.000765128061175;0.00076253595762,5,4,0.3033370452904235,False,5.013280315324664e-06,0.00019340256322175265,0.0001913810265250504,5.51019852210538e-06,0,True,False,5.0,7.322028977796435e-06,0.0009062679018825293,0.0007681992379948496,0.0007648844621144235,0.0007522570667788386,1.3204554639237469e-05,10
5.934271030128002e-06,0.00036141101736575365,0.00034467781055718663,0.0003431675140745938,0.00033900095149874687,3.491303750742748e-06,128,runtime,cpu,17,auto,vectorized,float32,,,spcauchy,6.194692105054855e-06,0.0005856789648532867,0.00043840638361871244,0.00043626001570373774,0.0004307590425014496,1.1947674419382556e-05,10.0,custom_single_node,1.7036800272762775e-06,0.00017303490964695812,0.0001718355342745781,9.773952198574113e-06,auto,,3.630993887782097e-07,1.5738584101200103e-05,1.561403041705489e-05,8.740682360266126e-07,50,spcauchy_neighbor,False,False,4.1350722312927246e-07,5.293486127629876e-05,5.239399615675211e-05,3.326959513714796e-06,,,0.000782201997936;0.000782849965617;0.000781562994234;0.000781588954851;0.000783442053944,5,8,0.2,False,1.7680577002465725e-06,0.00019669802859425544,0.00019519950728863478,5.31448670776791e-06,0,True,False,5.0,4.010798875242472e-06,0.0009290589950978756,0.0007830841941758991,0.0007823295309208333,0.0007720600115135312,1.1856793769683586e-05,10
5.8051664382219315e-06,0.0006010520737618208,0.00036177005618810655,0.0003591420245356858,0.000354924937710166,1.635833688820851e-05,128,runtime,cpu,33,auto,vectorized,float32,,,spcauchy,5.973735824227333e-06,0.0004871329292654991,0.0004698867704719305,0.00046917295549064875,0.0004631140036508441,3.7997758297546508e-06,10.0,custom_single_node,1.760781742632389e-06,0.00018600183259695767,0.00018490198999643326,2.9632533160407793e-06,auto,,4.075118340551853e-07,1.5942389611154795e-05,1.575401984155178e-05,9.704868117121755e-07,50,spcauchy_neighbor,False,False,5.099282134324312e-07,6.0062438249588016e-05,5.981052527204156e-05,1.3759078069374437e-06,,,0.000831595971249;0.000830586999655;0.000828528078273;0.0008310880512;0.000829959986731,5,16,0.12078438912577213,False,1.911481376737356e-06,0.00020788011001423,0.00020696152932941914,2.6513433222457143e-06,0,True,False,5.0,4.417524905875325e-06,0.001066607073880732,0.000831656826660037,0.0008303345530293882,0.0008216589922085404,1.6435007030329838e-05,10
1.3896002201363444e-05,0.0004826020449399948,0.00039909833809360863,0.0003964014467783272,0.00038817909080535173,1.0861015042102314e-05,128,runtime,cpu,65,auto,compiled_horner_neighbor,float32,,,spcauchy,7.689610356464982e-06,0.0004773109685629606,0.0004362037614919245,0.00043583306251093745,0.0004277570405974984,5.990225438358117e-06,10.0,custom_single_node,1.2481468729674816e-06,0.00011077987123280764,0.00011019303929060698,2.326922380824719e-06,auto,,3.688910510390997e-07,2.0146364346146582e-05,2.001202665269375e-05,7.963298477878283e-07,50,spcauchy_neighbor,False,False,1.4507968444377184e-06,7.306051533669233e-05,7.260398706421256e-05,1.4874349200348232e-06,,,0.000855308957398;0.000829920987599;0.000827654032037;0.000828086980619;0.000828230986372,5,32,0.067878888070656,False,6.535265129059553e-06,0.00023221701057627797,0.00023000699002295732,4.777046505507093e-06,0,True,False,5.0,2.1399493562057614e-05,0.0009286820422858,0.0008353020995855332,0.0008292639977298677,0.0008185640908777714,1.450230404533777e-05,10
6.075453711673617e-06,0.0010234239744022489,0.00046147932717576623,0.0004575864877551794,0.00045188504736870527,3.657237873477264e-05,128,runtime,cpu,129,auto,compiled_horner_neighbor,float32,,,spcauchy,6.265705451369286e-06,0.0007592539768666029,0.0005132376020774245,0.0005105555173940957,0.0005024350248277187,2.1998916294919126e-05,10.0,custom_single_node,1.4714605640619993e-06,0.00011720139067620039,0.00011500803520902991,1.781341810650606e-05,auto,,3.5096309147775173e-07,2.1478377282619476e-05,2.1109473891556263e-05,3.0902073760980383e-06,50,spcauchy_neighbor,False,False,6.925256457179785e-07,0.00010033565619960428,9.964895434677601e-05,2.409600262440024e-06,,,0.000971875037067;0.000969263957813;0.000969114946201;0.000967458938248;0.000965734943748,5,64,0.03627957273179717,False,4.97081782668829e-06,0.0002742221779190004,0.0002727760002017021,4.942239844283475e-06,0,True,False,5.0,4.1447055991739035e-06,0.0017501909751445055,0.0009747169292531907,0.0009687659912742674,0.0009570950642228127,5.340685493431067e-05,10
6.95345806889236e-06,0.0008039389504119754,0.0005946687175892294,0.00058938650181517,0.0005798509810119867,1.879457777518517e-05,128,runtime,cpu,257,auto,compiled_horner_neighbor,float32,,,spcauchy,4.934787284582853e-06,0.0007849610410630703,0.0007520312932319939,0.0007500519859604537,0.0007418809691444039,7.808766032935154e-06,10.0,custom_single_node,1.6412814147770405e-06,0.0001436945232562721,0.00014289451064541936,2.9600339823043646e-06,auto,,5.077454261481762e-07,3.634064458310604e-05,3.616203321143985e-05,1.0408640669862326e-06,50,spcauchy_neighbor,False,False,2.5613990146666765e-06,0.00017527637351304293,0.00017415249021723866,2.3362485413779503e-06,,,0.00138452195097;0.00133601902053;0.00133376894519;0.00133534590714;0.00133534404449,5,128,0.018803638662160473,False,6.634334567934275e-06,0.0003967197518795729,0.0003953360137529671,6.306372806210784e-06,0,True,False,5.0,9.117939043790102e-06,0.0015703779645264149,0.0013467000108212232,0.0013373499969020486,0.0013274679658934474,2.4600151970789348e-05,10
6.091257091611624e-06,0.0016404790803790092,0.0006574408011510969,0.0006459014257416129,0.0006368180038407445,7.106124243471232e-05,128,runtime,cpu,513,auto,compiled_horner_neighbor,float32,,,spcauchy,1.2173433788120747e-05,0.0019096441101282835,0.0010421540387906135,0.0010290489881299436,0.001012295950204134,7.809520201151611e-05,10.0,custom_single_node,2.1852320060133934e-06,0.00016609498066827655,0.00016105204122141004,3.333757244681712e-05,auto,,4.412722773849964e-07,3.819920402020216e-05,3.7417514249682426e-05,8.316526723034502e-06,50,spcauchy_neighbor,False,False,5.166919436305761e-06,0.000290714256465435,0.0002880134270526469,1.3049103587284788e-05,,,0.00167649192736;0.00168112909887;0.0016750569921;0.00167267303914;0.00167331600096,5,256,0.009579423039710476,False,1.707844785414636e-05,0.0005471455976366996,0.0005390725564211607,4.466730616175328e-05,0,True,False,5.0,1.365947537124157e-05,0.002730911015532911,0.0016995948399417102,0.0016753499512560666,0.0016508380649611354,0.00012430515063865407,10
6.560236215591431e-06,0.0008511680644005537,0.0007299908078275621,0.0007263784646056592,0.0007150470046326518,1.584083228438414e-05,128,runtime,cpu,1025,auto,compiled_horner_neighbor,float32,,,spcauchy,7.874012226238847e-06,0.0017697319854050875,0.0015767718376591801,0.001573182933498174,0.001559401978738606,2.035440302727809e-05,10.0,custom_single_node,3.013818059116602e-06,0.0002010268750600517,0.0001997745712287724,3.965629199124956e-06,auto,,6.162154022604227e-07,3.977162064984441e-05,3.9467529859393835e-05,1.4838614963549347e-06,50,spcauchy_neighbor,False,False,6.387504981830716e-06,0.0005456570461392403,0.0005461715045385063,6.145850930265316e-06,,,0.00230560684577;0.00229549803771;0.00229571713135;0.00229968503118;0.00229571387172,5,512,0.0048357030175226,False,4.048779373988509e-06,0.0007903162958100438,0.000788166478741914,1.538754273616214e-05,0,True,False,5.0,1.1018826626241207e-05,0.002531321020796895,0.002306762645486742,0.002298322506248951,0.0022821809398010373,3.116757780458699e-05,10
1.1458672815933824e-05,0.001408036914654076,0.00103155214805156,0.0010245904559269547,0.0010103390086442232,3.290282619510153e-05,128,runtime,cpu,2049,auto,compiled_horner_neighbor,float32,,,spcauchy,2.0647072233259678e-05,0.00314095092471689,0.0027507427660748364,0.0027462345315143466,0.002709000022150576,3.242726312806624e-05,10.0,custom_single_node,4.236469976603985e-06,0.00029623237624764443,0.0002946349559351802,5.3533364624828685e-06,auto,,8.218630682677031e-07,4.4006912503391504e-05,4.364352207630873e-05,1.639768352437731e-06,50,spcauchy_neighbor,False,False,5.745474481955171e-06,0.0010412516738288104,0.0010380909661762416,1.0792375199569428e-05,,,0.0037866809871;0.00377489603125;0.00376782100648;0.00376338185742;0.00376578397118,5,1024,0.002429557586856336,False,1.749573857523501e-05,0.0013692518034949899,0.0013664985308423638,2.6349820210282913e-05,0,True,False,5.0,2.6852911105379462e-05,0.004357326892204583,0.0037822949141263964,0.003771537449210882,0.0037283230340108275,5.7489334692163495e-05,10
5.057576345279813e-05,0.0009160100016742945,0.0008642064328305423,0.000866210029926151,0.0008181720040738583,2.593389805500972e-05,1024,runtime,cuda,8,auto,triton,float32,,,spcauchy,8.102477295324206e-06,0.0007519739447161555,0.0006969709158875048,0.000695113034453243,0.000675637973472476,1.2415389071853262e-05,10.0,custom_single_node,4.963483661413193e-06,0.00018597913067787885,0.00018407095922157168,5.236829081754641e-06,auto,,6.869377102702856e-07,5.5871918331831695e-05,5.540245911106467e-05,1.5153391915808635e-06,50,spcauchy_direct,False,False,1.1664524208754301e-06,0.00010094135394319892,0.00010027398820966482,2.677361629367294e-06,444416,,0.00160625996068;0.0015599479666;0.001554516959;0.00155081506819;0.00155572697986,5,3,0.325227291513248,False,7.90695776231587e-06,0.0003541785129345953,0.00035151897463947535,7.1447068708196815e-06,0,True,False,5.0,5.594652611762285e-05,0.001636834000237286,0.0015611773487180472,0.0015605810331180692,0.0014996889512985945,3.2327774118487286e-05,10
3.875483525916934e-05,0.0009410260245203972,0.0008615013733506203,0.0008644809713587165,0.0008085060399025679,2.528528252448854e-05,1024,runtime,cuda,8,auto,triton,float32,,,spcauchy,6.252725142985582e-06,0.0012240450596436858,0.0008062271233648062,0.0008008659933693707,0.000781114911660552,4.215633066189345e-05,10.0,custom_single_node,2.5246699806302786e-06,0.0002952527794986963,0.00029030698351562023,3.853559374447584e-05,auto,,6.024492904543877e-07,5.574864614754915e-05,5.522998981177807e-05,2.818442563197637e-06,50,spcauchy_direct_fixed,False,False,8.437200449407101e-07,0.00010103099793195724,0.00010026647942140698,6.230927461499448e-06,445440,,0.00164688297082;0.00167101901025;0.00166796299163;0.00166644598357;0.00166431395337,5,3,0.325227291513248,False,7.217517122626305e-06,0.00035419469978660345,0.0003512214752845466,1.1878387957392837e-05,0,True,False,5.0,3.980021574534476e-05,0.002050554030574858,0.0016677284967154264,0.0016665570437908173,0.001604566932655871,4.885245825416553e-05,10
4.2449741158634424e-05,0.0010434100404381752,0.0008621926209889352,0.0008651664829812944,0.0008191349916160107,2.8397378023649146e-05,1024,runtime,cuda,8,auto,,float32,,,spcauchy,7.144990377128124e-06,0.0011616949923336506,0.0006813661102205515,0.0006693699979223311,0.0006504069315269589,7.178606449447261e-05,10.0,custom_single_node,1.562526449561119e-06,0.0001721219103783369,0.00015945755876600742,6.967950485947577e-05,auto,triton,6.247719284147024e-07,5.5061955470591786e-05,5.465804133564234e-05,1.6840351257286778e-06,50,spcauchy_laplace,False,False,9.082432370632887e-07,0.00010129788657650351,0.00010035844752565026,9.691445743497616e-06,446464,,0.00153298990335;0.00153539096937;0.00153372995555;0.0015340220416;0.00153450493235,5,,0.325227291513248,False,6.14894088357687e-06,0.0003528843577951193,0.00035078549990430474,8.360067974128674e-06,0,True,False,5.0,4.469245322979987e-05,0.0020596589893102646,0.0015435587312094866,0.001533998001832515,0.0014799090567976236,7.820525368363978e-05,10
1.500404323451221e-05,0.0011223270557820797,0.0010376807139255107,0.0010369110386818647,0.0009657880291342735,2.179776000845964e-05,1024,runtime,cuda,8,auto,horner_reference,float32,,,spcauchy,6.7400396801531315e-06,0.0012060189619660378,0.0008002790929749608,0.000794744526501745,0.0007693460211157799,5.180230185859652e-05,10.0,reference_term_graph,2.9137299861758947e-06,0.0002910737693309784,0.0002900820691138506,5.413331090729005e-06,auto,,6.975024007260799e-07,5.0634431187063454e-05,4.994054324924946e-05,2.867233179009955e-06,50,spcauchy_direct_autograd,False,False,1.205917214974761e-06,0.00010116066830232739,0.000100196513812989,3.4811379624021444e-06,446464,,0.00183266296517;0.00183108309284;0.00183001800906;0.00183110998478;0.00183193490375,5,3,0.325227291513248,False,7.544062100350857e-06,0.00035741022415459154,0.00034994003362953663,5.1574540731488805e-05,0,True,False,5.0,1.945698750205338e-05,0.002255817991681397,0.0018379598069004715,0.0018315994529984891,0.001756433048285544,5.513350841022129e-05,10
6.91959576215595e-05,0.006270114914514124,0.005105124451220035,0.005076342495158315,0.004979538032785058,0.00013259201748036102,1024,runtime,cuda,8,auto,,float32,,,vmf,1.6462261555716395e-05,0.004810089012607932,0.0041761697963811455,0.004148842999711633,0.004119821940548718,0.00010840562826412649,10.0,native,9.410519851371646e-06,0.0020071477121673524,0.0019985560211353004,4.789719402922278e-05,auto,,5.814945325255394e-07,5.157778784632683e-05,5.1030481699854136e-05,3.7058268102310657e-06,50,vmf_official,False,False,9.636569302529097e-07,0.00010225291782990099,0.00010103953536599874,4.606738472508891e-06,927744,,0.00921790860593;0.0092180268839;0.00926138926297;0.00922382064164;0.00921205524355,5,,,False,9.173090802505612e-06,0.0020151913785375654,0.0019978079944849014,8.10446488647834e-05,0,True,False,5.0,7.674630614928901e-05,0.010595900937914848,0.009281294247601182,0.009225504996720701,0.00912724994122982,0.00021043199658355612,10
7.587121217511594e-05,0.0035575459478423,0.0032710066153667865,0.0032563050044700503,0.0032004870008677244,5.528918127068219e-05,1024,runtime,cuda,8,auto,,float32,,,vmf,2.3564789444208145e-05,0.005062190000899136,0.0043878029771149156,0.004354284435976297,0.004320463049225509,0.0001218958086594875,10.0,native,8.69319774210453e-06,0.0022265268224291503,0.0021981839672662318,0.00010596721933306904,auto,,5.502370186150074e-07,4.939278261736035e-05,4.918599734082818e-05,1.2233540922847394e-06,50,vmf_robust,False,False,1.044943928718567e-06,0.00010091655328869819,9.920453885570168e-05,8.494909467399892e-06,3051008,,0.00763439992443;0.00761681096628;0.00762103591114;0.00759734585881;0.00763090979308,5,,,False,1.62537326104939e-05,0.002010966818779707,0.002005820977501571,4.775994433466281e-05,0,True,False,5.0,7.200290565378964e-05,0.008471049019135535,0.0076588095924817025,0.007621807511895895,0.007532360963523388,0.0001369217875136689,10
3.0127499485388398e-05,0.0016198509838432074,0.0013074016906321048,0.0012993314885534346,0.0012650969438254833,3.348925976875482e-05,1024,runtime,cuda,8,auto,,float32,,,powerspherical,5.3310650400817394e-06,0.0015515629202127457,0.0011206166669726371,0.001110322482418269,0.0010976250050589442,6.151027338289282e-05,10.0,native,7.5470597948879e-06,0.0002687834273092449,0.00025974749587476254,5.390822868216296e-05,auto,,6.024783942848444e-07,4.9800054635852575e-05,4.916702164337039e-05,2.6406208345092664e-06,50,power_spherical,False,False,2.124288585036993e-06,0.00010125050041824579,0.00010074098827317357,3.245188621318135e-06,460288,20.0,0.00240831100382;0.00240739108995;0.0024130709935;0.00241476902738;0.00241388799623,5,,,False,8.465285645797849e-06,0.0007007826846092939,0.0006996209849603474,2.795370724672207e-05,0,True,False,5.0,3.1345407478511333e-05,0.0028400130104273558,0.002428018357604742,0.0024114485131576657,0.002373951021581888,6.914248175294554e-05,10
3.878751886077225e-05,0.0009281450184062123,0.0008607055679894983,0.0008646614733152092,0.0008197280112653971,2.4067619161203433e-05,1024,runtime,cuda,16,auto,triton,float32,,,spcauchy,7.420312613248825e-06,0.0012004459276795387,0.000717675132676959,0.0006978105520829558,0.0006791790947318077,9.584110257787701e-05,10.0,custom_single_node,1.8846767488867044e-06,0.00020638964232057332,0.0001848325482569635,9.459642152735046e-05,auto,,6.676709745079279e-07,5.5611563380807636e-05,5.5119453463703394e-05,3.285896714288163e-06,50,spcauchy_direct,False,False,9.142386261373758e-07,0.00010115900775417686,0.00010067096445709467,2.4383017176860046e-06,840704,,0.00156030606013;0.00155912293121;0.00156344997231;0.00156311399769;0.00156575499568,5,7,0.20871215252208,False,6.3242914620786905e-06,0.0003545149192214012,0.0003530859830789268,5.3171060395742645e-06,0,True,False,5.0,4.086844273842871e-05,0.0020624889293685555,0.0015783807006664575,0.0015626034582965076,0.0015069710789248347,9.771766755238975e-05,10
4.066363908350468e-05,0.0009301319951191545,0.0008537076078355312,0.0008596729603596032,0.0008017009822651744,2.592626761832432e-05,1024,runtime,cuda,16,auto,triton,float32,,,spcauchy,7.573835318908095e-06,0.0012852760264649987,0.0008306644340045751,0.000810555531643331,0.0007904199883341789,9.562968024963951e-05,10.0,custom_single_node,5.064299330115318e-06,0.00031963388714939355,0.0002995445393025875,9.139435702888896e-05,auto,,8.955248631536961e-07,5.6185831781476736e-05,5.529396003112197e-05,2.1856297024260362e-06,50,spcauchy_direct_fixed,False,False,9.677605703473091e-07,0.00010096580442041158,0.00010042398935183883,4.630697871495743e-06,841728,,0.00164361100178;0.00166395399719;0.0016701950226;0.00165204901714;0.00167948694434,5,4,0.20871215252208,False,2.674118150025606e-06,0.00035387891065329313,0.00035103742266073823,2.799706728728492e-05,0,True,False,5.0,4.500604700297117e-05,0.0021703779930248857,0.0016843720418401062,0.0016619699890725315,0.0016051639104261994,0.00010439113261663684,10
4.6413595555350184e-05,0.000946950982324779,0.0008625475857406854,0.0008653660188429058,0.0008185580372810364,2.6048311147776447e-05,1024,runtime,cuda,16,auto,,float32,,,spcauchy,7.412745617330074e-06,0.0007136140484362841,0.0006699811494909227,0.000671747955493629,0.0006535020656883717,5.95789063054869e-06,10.0,custom_single_node,1.5201803762465715e-06,0.0001605370924808085,0.0001600024988874793,2.577437647097669e-06,auto,triton,6.479094736278057e-07,5.524892872199416e-05,5.4989533964544535e-05,1.3584997998385743e-06,50,spcauchy_laplace,False,False,8.581846486777067e-07,0.00010083416942507029,0.00010053749429062009,2.265551144283372e-06,842752,,0.00153675803449;0.00153370609041;0.00153562100604;0.00153783906717;0.00153513695113,5,,0.20871215252208,False,6.6242937464267015e-06,0.00035336095886304977,0.0003519284655340016,4.930939701477621e-06,0,True,False,5.0,4.122543032281101e-05,0.0016215520445257425,0.0015325287352316082,0.0015359150129370391,0.0014817819464951754,2.683483269231133e-05,10
3.152652061544359e-05,0.0015859949635341763,0.0011538508678786456,0.0011432409519329667,0.0010972729651257396,3.632650734693528e-05,1024,runtime,cuda,16,auto,horner_reference,float32,,,spcauchy,5.1625247579067945e-06,0.0013954190071672201,0.0008895316375419497,0.0008796584443189204,0.0008600709261372685,6.501045389839566e-05,10.0,reference_term_graph,6.946473149582744e-06,0.0003739602519199252,0.0003722315304912627,5.791299052030059e-06,auto,,5.504407454282045e-07,5.0484634004533294e-05,5.018443334847689e-05,1.6152985775961725e-06,50,spcauchy_direct_autograd,False,False,9.284995030611753e-07,0.0001010920749977231,0.00010044599184766412,3.909280520897151e-06,842752,,0.00202242610976;0.00204735109583;0.00201999815181;0.00202463613823;0.00202173693106,5,7,0.20871215252208,False,7.204507710412145e-06,0.00036399467661976816,0.00035239249700680375,6.479898853044877e-05,0,True,False,5.0,3.449094947427511e-05,0.002532336045987904,0.0020433825054205954,0.002024494926445186,0.001969423028640449,7.44942405216691e-05,10
4.990285378880799e-05,0.005557087017223239,0.005071869179606438,0.005046246573328972,0.004992390051484108,7.001784074711649e-05,1024,runtime,cuda,16,auto,,float32,,,vmf,1.4015415217727423e-05,0.005183379049412906,0.0041962033528834585,0.004168686980847269,0.004138168063946068,0.00012299185448449786,10.0,native,5.040055839344859e-06,0.001989615071564913,0.0019843330373987556,5.428787956556098e-05,auto,,5.1083043217659e-07,5.1088410429656505e-05,5.06815267726779e-05,1.5610438316653245e-06,50,vmf_official,False,False,8.884526323527098e-07,0.0001019258345477283,0.00010120199294760823,2.3128219042631176e-06,1144320,,0.00921925436705;0.00921937264502;0.00923112221062;0.00922082271427;0.00922377966344,5,,,False,1.1429772712290287e-05,0.0020535740363411604,0.002030576521065086,0.00010280308765069086,0,True,False,5.0,6.19618222117424e-05,0.010295741027221084,0.009268072532489896,0.00922274449840188,0.009132273029536009,0.00014587765051222895,10
6.0360966017469764e-05,0.003646453027613461,0.003271146764513105,0.0032557654194533825,0.003198517020791769,5.4319587552343095e-05,1024,runtime,cuda,16,auto,,float32,,,vmf,2.1626532543450594e-05,0.005116569926030934,0.004414850978180766,0.004389076493680477,0.004353643977083266,0.00011131786816433269,10.0,native,8.75352998264134e-06,0.0021973425233736636,0.002193972992245108,4.4268686597950346e-05,auto,,5.007605068385601e-07,4.9370382446795705e-05,4.9058988224714994e-05,1.3285993440730956e-06,50,vmf_robust,False,False,1.1500960681587458e-06,0.0001010083551518619,9.972695261240005e-05,3.966583175434941e-06,3283456,,0.00764584494755;0.00765256583691;0.00764939188957;0.0076655051671;0.00763786491007,5,,,False,1.5793222701177e-05,0.002067129717208445,0.002042790991254151,0.00010216580186989666,0,True,False,5.0,7.395105785690248e-05,0.008551371982321143,0.007685997742693872,0.007652606931515038,0.007573334034532309,0.0001320080749701416,10
3.438509884290397e-05,0.001404453068971634,0.0013058954598382116,0.0012950709788128734,0.0012700218940153718,2.472897767749252e-05,1024,runtime,cuda,16,auto,,float32,,,powerspherical,5.061068804934621e-06,0.0017337319441139698,0.0011354206730611622,0.0011102204443886876,0.0011028830194845796,0.00010291166996787215,10.0,native,6.086716894060373e-06,0.0002810251396149397,0.00025845348136499524,9.47298912718847e-05,auto,,6.142945494502783e-07,4.94807492941618e-05,4.872551653534174e-05,3.606289722960559e-06,50,power_spherical,False,False,8.757924661040306e-07,0.00010256921360269189,0.00010095647303387523,1.2598211386897148e-05,856576,20.0,0.00241254083812;0.00241252314299;0.00241205189377;0.002411454916;0.00240304297768,5,,,False,5.424430128186941e-06,0.0007023455705493689,0.000701143522746861,2.4352308083956407e-05,0,True,False,5.0,3.511249087750912e-05,0.003075963002629578,0.0024413161328993736,0.002411515510175377,0.0023807069519534707,0.00010783550957351843,10
2.983654849231243e-05,0.0012376640224829316,0.0008710874617099762,0.0008659620070829988,0.000819828943349421,4.2849512246878056e-05,1024,runtime,cuda,32,auto,triton,float32,,,spcauchy,6.958784069865942e-06,0.001381971058435738,0.0007146246680058539,0.0006975429714657366,0.0006762580014765263,8.919582397628572e-05,10.0,custom_single_node,1.940265065059066e-06,0.00020174636505544187,0.0001847439561970532,8.566374292330028e-05,auto,,6.792834028601646e-07,5.585600668564439e-05,5.504151340574026e-05,6.097866257747847e-06,50,spcauchy_direct,False,False,1.1243391782045364e-06,0.0001011567716486752,0.00010058650514110923,3.1033905894167384e-06,1630208,,0.00156694208272;0.00156259199139;0.00156074098777;0.00157540803775;0.00155817600898,5,15,0.1238209295857914,False,6.8400404416024685e-06,0.00035586552461609245,0.0003526994842104614,1.1952849105934058e-05,0,True,False,5.0,3.3399061067029834e-05,0.002290829084813595,0.00158571212971583,0.0015635605086572468,0.0015043040039017797,0.00010071920933574117,10
4.014422302134335e-05,0.0010274300584569573,0.0008558813510462642,0.0008633015095256269,0.0007987719727680087,2.9144458165926958e-05,1024,runtime,cuda,32,auto,triton,float32,,,spcauchy,7.576047210022807e-06,0.001319287926889956,0.0008292682459577918,0.0008113960502669215,0.0007895419839769602,9.213434351149961e-05,10.0,custom_single_node,5.622598109766841e-06,0.0003164019491523504,0.00029994099168106914,8.201000865643411e-05,auto,,6.814952939748764e-07,5.576448328793049e-05,5.534704541787505e-05,1.5051951951518138e-06,50,spcauchy_direct_fixed,False,False,8.896749932318926e-07,0.00010048473346978425,0.0001003975048661232,2.7864335780635827e-06,1631232,,0.00166233605705;0.00167807005346;0.00166519207414;0.00167508097365;0.00164955109358,5,4,0.1238209295857914,False,6.315996870398521e-06,0.00035661708004772663,0.00035144202411174774,4.190048605238962e-05,0,True,False,5.0,4.5191438402980566e-05,0.002180189942009747,0.001685149597004056,0.0016720739658921957,0.0015932630049064755,9.810421920434209e-05,10
7.56896915845573e-05,0.001227931003086269,0.0008207730553112924,0.0007900324417278171,0.0007723000599071383,5.570109150694362e-05,1024,runtime,cuda,32,auto,,float32,,,spcauchy,1.4287244994193316e-05,0.00156240607611835,0.0006868260218761862,0.0006652115262113512,0.0006526220822706819,8.171486088365871e-05,10.0,custom_single_node,3.7015415728092194e-06,0.00016210062522441148,0.00015836796956136823,1.3263948832373297e-05,auto,triton,7.049529813230038e-07,5.621805740520358e-05,5.463353591039777e-05,7.95425175680381e-06,50,spcauchy_laplace,False,False,2.6799971237778664e-06,0.00010123305115848779,9.83129721134901e-05,1.078413234662099e-05,1632256,,0.0015397130046;0.0015132590197;0.00144257408101;0.00144188397098;0.00150693790056,5,,0.1238209295857914,False,1.106024137698114e-05,0.0003672742880880833,0.00035190850030630827,7.291480905079102e-05,0,True,False,5.0,9.754396160133183e-05,0.002354577067308128,0.0015075990771874785,0.0014721019542776048,0.0014327450189739466,0.00010608351910319053,10
7.278315024450421e-06,0.0013757430715486407,0.0012847300977446138,0.0012819385156035423,0.0012677980121225119,1.2594401133848257e-05,1024,runtime,cuda,32,auto,horner_reference,float32,,,spcauchy,6.015936378389597e-06,0.0015110740205273032,0.001044303184840828,0.0010346599738113582,0.0010213250061497092,5.670244444410696e-05,10.0,reference_term_graph,8.014700142666698e-06,0.0005361596457660198,0.000535576487891376,7.804306536259787e-06,auto,,6.569898687303066e-07,5.081565072759986e-05,5.0220987759530544e-05,3.8507607436715566e-06,50,spcauchy_direct_autograd,False,False,1.1325464583933353e-06,9.919606940820813e-05,9.820202831178904e-05,4.079194533867456e-06,1632256,,0.00232092593797;0.002316378057;0.00231876689941;0.00231535406783;0.00231611100025,5,15,0.1238209295857914,False,7.032766006886959e-06,0.00035813181893900036,0.0003486130735836923,5.60679423579288e-05,0,True,False,5.0,1.0568997822701931e-05,0.002841253997758031,0.002329033282585442,0.0023171320208348334,0.002292481018230319,6.079542163463774e-05,10
2.81987595371902e-05,0.006189918029122055,0.005829753680154681,0.005821920000016689,0.0057740670163184404,3.909686345833236e-05,1024,runtime,cuda,32,auto,,float32,,,vmf,3.07392911054194e-05,0.005190943018533289,0.0045839512799866495,0.004552407481241971,0.004502046969719231,0.00011531153608933257,10.0,native,1.6096048057079315e-05,0.0022958489167504014,0.002287319512106478,3.8740755070071665e-05,auto,,1.0715157259255648e-06,5.211748741567135e-05,5.137152038514614e-05,2.8189202690604845e-06,50,vmf_official,False,False,2.7142814360558987e-06,0.00010203493991866707,9.962799958884716e-05,6.1524677598568225e-06,1868288,,0.0103808231652;0.0103899315;0.010377083905;0.0103608230129;0.0103779481724,5,,,False,1.7102487618103623e-05,0.0021339499359019102,0.0021066530025564134,0.00010908771310727338,0,True,False,5.0,5.0175178330391645e-05,0.011012550094164908,0.01041370496014133,0.01037736696889624,0.01031078607775271,0.0001246399043875015,10
1.674325903877616e-05,0.00388746103271842,0.002984683919232339,0.002970480010844767,0.0029490869492292404,6.896063467383743e-05,1024,runtime,cuda,32,auto,,float32,,,vmf,2.8292997740209103e-05,0.005260213045403361,0.0042056990070268516,0.004165862512309104,0.0041361909825354815,0.00013504732644987246,10.0,native,1.0510499123483896e-05,0.001922696501482278,0.0019148204592056572,3.619850225084408e-05,auto,,6.284390110522509e-07,4.995068302378058e-05,4.9427966587245464e-05,3.0074706699841496e-06,50,vmf_robust,False,False,1.1071970220655203e-06,0.00010063690273091197,9.898049756884575e-05,8.98911105710312e-06,3696128,,0.00712656183168;0.00712698698044;0.00716246385127;0.0071278209798;0.00715900119394,5,,,False,1.4517310773953795e-05,0.0021324149197898806,0.0021019509877078235,0.00011065546623424054,0,True,False,5.0,4.353121039457619e-05,0.009147674078121781,0.0071903829262591895,0.007136421569157392,0.007100702030584216,0.0001864517587369766,10
5.922600394114852e-06,0.0016900920309126377,0.0012310976055450737,0.0012266215053386986,0.0012152090203016996,4.1475168936814284e-05,1024,runtime,cuda,32,auto,,float32,,,powerspherical,5.301233613863587e-06,0.0016343500465154648,0.0011229427619837225,0.0011033135233446956,0.0010923059890046716,9.206566097994906e-05,10.0,native,5.210778908804059e-06,0.00027832893189042805,0.00025880394969135523,9.03948972437785e-05,auto,,5.877809599041939e-07,4.951659077778459e-05,4.891096614301205e-05,1.9456140185539548e-06,50,power_spherical,False,False,8.317583706229925e-07,0.00010003864578902721,9.890703950077295e-05,5.014506571389968e-06,1646080,20.0,0.00232240417972;0.00233399216086;0.00233193603344;0.00232651201077;0.00233176210895,5,,,False,6.220478098839521e-06,0.0006950585935264825,0.0006952050025574863,7.361041836063288e-06,0,True,False,5.0,9.091803804039955e-06,0.0028650449821725488,0.0023540403675287964,0.0023311260156333447,0.0023085750872269273,0.00010226325553066239,10
5.058216629549861e-06,0.0008651389507576823,0.0007855201894417406,0.0007854090072214603,0.0007725950563326478,6.585058724951206e-06,1024,runtime,cuda,64,auto,triton,float32,,,spcauchy,7.037888281047344e-06,0.0012344879796728492,0.0006939978851005435,0.0006863765302114189,0.0006755449576303363,6.033070088390646e-05,10.0,custom_single_node,1.812266418710351e-06,0.00018424635566771031,0.0001812395639717579,2.8737380968254315e-05,auto,,5.607435014098883e-07,5.5023816879838706e-05,5.476002115756273e-05,2.4800362462096775e-06,50,spcauchy_direct,False,False,9.787618182599545e-07,0.00010093131521716713,9.803700959309936e-05,3.406837685166836e-05,3206144,,0.0014726370573;0.00147324602585;0.00146704900544;0.00146922003478;0.00146970001515,5,31,0.0688175240836302,False,7.173803169280291e-06,0.00035379639733582735,0.0003480069572106004,4.0081648067007344e-05,0,True,False,5.0,9.54369897954166e-06,0.002018381957896054,0.001479518074542284,0.001470357005018741,0.0014580070273950696,6.070612286509382e-05,10
5.062785930931568e-06,0.0008242640178650618,0.0007848567380569875,0.0007843690109439194,0.0007749069482088089,4.952588117041494e-06,1024,runtime,cuda,64,auto,triton,float32,,,spcauchy,5.077687092125416e-06,0.0012508429354056716,0.0008025658130645752,0.0007973210304044187,0.0007867750246077776,4.826484285339502e-05,10.0,custom_single_node,5.270208930596709e-06,0.00029500074358657005,0.0002919289981946349,2.8364448299252458e-05,auto,,5.842885002493858e-07,5.557469697669148e-05,5.506799789145589e-05,3.860149495371441e-06,50,spcauchy_direct_fixed,False,False,1.0099902283400297e-06,9.887666068971157e-05,9.809847688302398e-05,2.364498952294539e-06,3207168,,0.00158403499518;0.00158163695596;0.0015779719688;0.00158115907107;0.00158336397726,5,3,0.0688175240836302,False,6.268761353567243e-06,0.0003531137118116021,0.00034838501596823335,3.903900020330386e-05,0,True,False,5.0,8.251081453636289e-06,0.0020344279473647475,0.0015874225511215627,0.001582730037625879,0.0015674899332225323,4.863600654785283e-05,10
6.684509571641684e-06,0.0009807950118556619,0.0007857878399081528,0.0007852090056985617,0.0007736569968983531,1.3234998238371591e-05,1024,runtime,cuda,64,auto,,float32,,,spcauchy,7.368013029918075e-06,0.001108529046177864,0.0006712967772036791,0.0006617479957640171,0.0006509730592370033,6.265654027590361e-05,10.0,custom_single_node,1.8284772522747517e-06,0.00016050689667463302,0.00015735195484012365,2.8863524183900144e-05,auto,triton,6.169721018522978e-07,5.46716651879251e-05,5.441647954285145e-05,1.2615694784633433e-06,50,spcauchy_laplace,False,False,8.269853424280882e-07,9.890186693519354e-05,9.805295849218965e-05,5.383219045474611e-06,3208192,,0.00144839799032;0.00144833896775;0.00144610600546;0.00144037499558;0.00144161796197,5,,0.0688175240836302,False,7.204507710412145e-06,0.0003572163484059274,0.0003481470048427582,5.558182643579905e-05,0,True,False,5.0,9.465293260291219e-06,0.0019064689986407757,0.0014570846171118319,0.0014457705547101796,0.0014332100981846452,6.614957539809498e-05,10
9.233306627720594e-06,0.001752816024236381,0.0017063702242448926,0.0017059289966709912,0.0016860219184309244,8.024650647862004e-06,1024,runtime,cuda,64,auto,horner_reference,float32,,,spcauchy,8.891394827514887e-06,0.0018669089768081903,0.0013839283832348882,0.0013621770194731653,0.0013469420373439789,9.675686588760296e-05,10.0,reference_term_graph,6.982707418501377e-06,0.0008825377393513918,0.000861017033457756,9.68351293926228e-05,auto,,6.115005817264318e-07,5.057728383690119e-05,5.0276052206754684e-05,1.443999354372508e-06,50,spcauchy_direct_autograd,False,False,9.002396836876869e-07,9.89697459153831e-05,9.833852527663112e-05,2.1838013230884417e-06,3208192,,0.00306943897158;0.00307082710788;0.00307006388903;0.00306525896303;0.00306567805819,5,31,0.0688175240836302,False,6.647314876317978e-06,0.00035184361413121226,0.0003501434694044292,4.37861078258218e-06,0,True,False,5.0,1.133253681473434e-05,0.0035737669095396996,0.003090298607479781,0.003069330006837845,0.003043552045710385,9.677942433761517e-05,10
1.4538265531882644e-05,0.0038258900167420506,0.0035065562748350203,0.0035053855390287936,0.003482864936813712,2.3061795335311785e-05,1024,runtime,cuda,64,auto,,float32,,,vmf,1.4721008483320475e-05,0.0045124690514057875,0.003842581001576036,0.003820446494501084,0.0037926400545984507,0.00011438140925007147,10.0,native,3.849680069833994e-06,0.0011051227236166597,0.0011050250031985343,3.8518773317577425e-06,auto,,7.332710083574057e-07,5.897314380854368e-05,5.8583507779985666e-05,1.6682358131325195e-06,50,vmf_official,False,False,1.3065291568636894e-06,0.00011477580387145281,0.00011412746971473098,2.056030911793516e-06,3313152,,0.00731819914654;0.00732678407803;0.00732954777777;0.00733015593141;0.00732855126262,5,,,False,1.2585980584844947e-05,0.00256370933027938,0.002539770968724042,0.00011466309028942258,0,True,False,5.0,2.653154660947621e-05,0.008016061969101429,0.007349137276411057,0.00732725445413962,0.007282879902049899,0.00011650098548152917,10
2.145583857782185e-05,0.0033210229594260454,0.003245477606076747,0.0032439560163766146,0.003215959994122386,1.6462643782146813e-05,1024,runtime,cuda,64,auto,,float32,,,vmf,3.085279604420066e-05,0.005358926020562649,0.004787759044673294,0.004757942515425384,0.004716205992735922,0.00012889286003805767,10.0,native,1.534674083814025e-05,0.0020357309528626502,0.002034975041169673,1.3528475602229215e-05,auto,,7.727066986262798e-07,5.788417905569076e-05,5.6533957831561565e-05,1.8453235037977478e-05,50,vmf_robust,False,False,1.3727112673223019e-06,0.00011462477594614029,0.00011374702444300056,2.996912452311197e-06,4592128,,0.00800969358534;0.00801742449403;0.00802038330585;0.00796812865883;0.00799622666091,5,,,False,1.5903468010947108e-05,0.0025795191368088127,0.002549621509388089,0.0001262757700729794,0,True,False,5.0,4.900048952549696e-05,0.008623338071629405,0.008033236650750042,0.008003059949260205,0.007947291946038604,0.00013152914966443554,10
1.493783202022314e-05,0.0014105320442467928,0.00123758566332981,0.0012277194764465094,0.0012146950466558337,2.900595475069801e-05,1024,runtime,cuda,64,auto,,float32,,,powerspherical,2.246521762572229e-05,0.0017634970135986805,0.0011372654163278638,0.0011028064764104784,0.0010916829342022538,0.0001115523645681667,10.0,native,6.15170574747026e-06,0.0002860940247774124,0.0002594114630483091,0.00010451706311755879,auto,,8.429342415183783e-07,5.016266368329525e-05,4.902604268863797e-05,5.163266406526018e-06,50,power_spherical,False,False,1.3634853530675173e-06,0.00010020865686237812,9.906897321343422e-05,4.907625872491911e-06,3222016,20.0,0.00237712799571;0.00232097599655;0.00232248706743;0.00233087409288;0.00233629602008,5,,,False,7.59045360609889e-06,0.0007008000710047781,0.0006940364837646484,2.5077015951210913e-05,0,True,False,5.0,4.633958451449871e-05,0.00300759996753186,0.002374851079657674,0.0023323505301959813,0.002310415031388402,0.00012054498038106179,10
6.388087058439851e-06,0.0008317279862239957,0.0007888075183145702,0.0007892174762673676,0.0007769520161673427,5.312817747168911e-06,1024,runtime,cuda,128,auto,triton,float32,,,spcauchy,5.957379471510649e-06,0.0011750140693038702,0.0007020796835422515,0.000693410518579185,0.0006822859868407249,6.47894488649402e-05,10.0,custom_single_node,1.7313286662101746e-06,0.00018389922240749,0.00018103251932188869,3.0657676936904035e-05,auto,,6.565242074429989e-07,6.054981658235192e-05,6.0215534176677465e-05,1.4062820090419225e-06,50,spcauchy_direct,False,False,9.332725312560797e-07,9.917362499982119e-05,9.83734498731792e-05,2.4450586882033825e-06,6354944,,0.0014772110153;0.00148273806553;0.00147921999451;0.00148197007366;0.0014804280363,5,63,0.036545092839805476,False,6.3820043578743935e-06,0.00035845701955258846,0.0003493299591355026,5.6952419909408785e-05,0,True,False,5.0,9.960931492969394e-06,0.0019650780595839024,0.0014908872018568218,0.0014809374697506428,0.0014650860102847219,6.481886728284784e-05,10
6.222340743988752e-06,0.0008720679907128215,0.0007902038781903684,0.0007880370249040425,0.0007772860117256641,1.1558063732354806e-05,1024,runtime,cuda,128,auto,triton,float32,,,spcauchy,5.888286978006363e-06,0.0012675629695877433,0.0008105469499714673,0.0008037309744395316,0.0007918030023574829,5.084796889788312e-05,10.0,custom_single_node,2.1122104953974485e-06,0.00029593610111624,0.0002920940169133246,3.457217588266974e-05,auto,,6.585614755749702e-07,6.052140658721328e-05,6.010947981849313e-05,1.6302543159332159e-06,50,spcauchy_direct_fixed,False,False,1.1987576726824045e-06,0.00010000639036297798,9.831006173044443e-05,8.20690469279358e-06,6355968,,0.00159324007109;0.00158898497466;0.00159012002405;0.0015898150159;0.00159200595226,5,3,0.036545092839805476,False,6.382237188518047e-06,0.000354083051905036,0.00034943100763484836,2.9309211845384337e-05,0,True,False,5.0,8.145201718434691e-06,0.0020628320053219795,0.0016007508281618357,0.001590618514455855,0.0015761899994686246,5.323866296524692e-05,10
6.076792487874627e-06,0.0007974000182002783,0.0007883120640181005,0.0007889149710536003,0.0007789460942149162,4.297305412565432e-06,1024,runtime,cuda,128,auto,,float32,,,spcauchy,5.603214958682656e-06,0.0011866630520671606,0.0006780201843939722,0.000669398985337466,0.0006588120013475418,6.652467088404771e-05,10.0,custom_single_node,1.5240220818668604e-06,0.0001604543449357152,0.00015734601765871048,3.287634145206739e-05,auto,triton,5.747424438595772e-07,6.012283638119698e-05,5.976500688120723e-05,1.3934901650665856e-06,50,spcauchy_laplace,False,False,7.559137884527445e-07,0.000101085701957345,9.84659418463707e-05,3.1434140377621966e-05,6356992,,0.00145646301098;0.00145671702921;0.00145578500815;0.00145783496555;0.00145668908954,5,,0.036545092839805476,False,7.024995284155011e-06,0.00035635730111971495,0.0003488875227048993,4.89053104995084e-05,0,True,False,5.0,9.396375389769673e-06,0.0019798739813268185,0.0014663322484120727,0.0014567809994332492,0.001442524022422731,6.705172028432054e-05,10
9.921786841005087e-06,0.0035419680643826723,0.0025549412043765186,0.002547112526372075,0.002529880963265896,6.939426943964413e-05,1024,runtime,cuda,128,auto,horner_reference,float32,,,spcauchy,1.135614002123475e-05,0.0025654840283095837,0.002046479792334139,0.0020217049750499427,0.002000893000513315,0.0001007802359159132,10.0,reference_term_graph,1.1803029337897897e-05,0.0015378373679704963,0.0015131834661588073,9.919332642104816e-05,auto,,6.524205673485994e-07,5.6327607948333024e-05,5.547597538679838e-05,4.76962324224014e-06,50,spcauchy_direct_autograd,False,False,8.560018613934517e-07,9.980002464726567e-05,9.88320098258555e-05,3.1501275242610607e-06,6356992,,0.00456961197779;0.00456623081118;0.00456863688305;0.00457198079675;0.00456794910133,5,63,0.036545092839805476,False,7.005379302427173e-06,0.00035251479176804426,0.0003505044733174145,5.014278164894245e-06,0,True,False,5.0,1.773596159182489e-05,0.005680187023244798,0.004601420996710658,0.004568662028759718,0.0045391329331323504,0.00013115481038174123,10
,,,,,,1024,runtime,cuda,128,auto,,float32,Encountered NaN/Inf in loss or gradients.,non_finite,vmf,,,,,,,10.0,native,,,,,auto,,,,,,50,vmf_official,True,True,,,,,,,,5,,,False,,,,,0,False,False,5.0,,,,,,,10
1.7409445717930794e-05,0.003125285031273961,0.003092565420549363,0.003091582970228046,0.003065836033783853,1.1256524112493367e-05,1024,runtime,cuda,128,auto,,float32,,,vmf,2.3064378183335066e-05,0.005517025012522936,0.004874329373240471,0.004848724463954568,0.004810465034097433,0.00011962693262952378,10.0,native,1.0919233318418264e-05,0.0018612879221327602,0.0018611840205267072,7.756339503517103e-06,auto,,7.114722393453121e-07,6.309668626636267e-05,6.266951095312834e-05,1.6318271699624666e-06,50,vmf_robust,False,False,1.0588264558464289e-06,0.00011459334334358573,0.00011388357961550355,2.2192635267195843e-06,6405632,,0.00794823095202;0.0079511012882;0.00791923422366;0.0079484609887;0.00795080140233,5,,,False,1.1546217137947679e-05,0.0028353514214977623,0.0028086845413781703,0.00011946494164710761,0,True,False,5.0,3.724623820744455e-05,0.0085967619670555,0.007966894793789835,0.007945155550260097,0.007885408005677164,0.00012094141559973778,10
6.701011443510652e-06,0.001464008935727179,0.001228806389030069,0.0012271595187485218,0.0012174979783594608,1.6052102330304988e-05,1024,runtime,cuda,128,auto,,float32,,,powerspherical,6.7064829636365175e-06,0.0015727169811725616,0.0011281401421874761,0.0011077184462919831,0.0010959069477394223,9.34208990808889e-05,10.0,native,6.127724191173911e-06,0.0002797634857706726,0.00025885849026963115,9.19919565750768e-05,auto,,6.105110514909029e-07,5.4533055983483794e-05,5.3887953981757164e-05,2.139372073289585e-06,50,power_spherical,False,False,9.319628588855267e-07,9.952677600085736e-05,9.871856309473515e-05,2.814950140557315e-06,6370816,20.0,0.00233220006339;0.00233137607574;0.00234091887251;0.00234155310318;0.0023283129558,5,,,False,6.26023393124342e-06,0.0006943168244324625,0.0006941229803487659,5.369967880065944e-06,0,True,False,5.0,1.2372038327157497e-05,0.002801993046887219,0.002356946531217545,0.002335211494937539,0.0023196060210466385,9.4681692530281e-05,10
6.129179382696748e-06,0.0015881729777902365,0.0007894536340609193,0.0007852435228414834,0.0007756900740787387,5.148579761730078e-05,1024,runtime,cuda,256,auto,triton,float32,,,spcauchy,6.475544068962336e-06,0.001135673956014216,0.0006946008657105267,0.0006919120205566287,0.0006823820294812322,3.0195072354922307e-05,10.0,custom_single_node,1.723732566460967e-06,0.00018282660702243446,0.00018131802789866924,6.5794742670655445e-06,auto,,5.607435014098883e-07,6.061181658878922e-05,5.996797699481249e-05,3.4873773286427724e-06,50,spcauchy_direct,False,False,8.574861567467451e-07,9.967625327408314e-05,9.875895921140909e-05,5.1828549694287244e-06,12649472,,0.00147582194768;0.00147510506213;0.00148155598436;0.00147514499258;0.00147324998397,5,127,0.018874646269279063,False,6.795715307816863e-06,0.00035148618882521987,0.00034738052636384964,2.8829350322190844e-05,0,True,False,5.0,9.472481906414032e-06,0.002376432064920664,0.001484054499771446,0.0014761780039407313,0.0014653499238193035,6.532505237472188e-05,10
6.066577043384314e-06,0.0008368539856746793,0.0007892987304367125,0.0007890145061537623,0.0007775949779897928,6.451648836506822e-06,1024,runtime,cuda,256,auto,triton,float32,,,spcauchy,5.228706868365407e-06,0.0012631519930437207,0.0008125078887678683,0.0008040075190365314,0.0007908240659162402,6.29548627863798e-05,10.0,custom_single_node,4.4655753299593925e-06,0.00029405691754072906,0.00029096956131979823,2.8838299760334963e-05,auto,,5.539623089134693e-07,6.045797560364008e-05,6.016151746734977e-05,1.619340551700396e-06,50,spcauchy_direct_fixed,False,False,8.077768143266439e-07,0.00010006740503013134,9.934598347172141e-05,2.394639022345661e-06,12650496,,0.00158966600429;0.00159084994812;0.00159577606246;0.00159452797379;0.00158794200979,5,2,0.018874646269279063,False,7.068738341331482e-06,0.0003579255905933678,0.00034885102650150657,5.634928897838512e-05,0,True,False,5.0,9.887036867439747e-06,0.0020507239969447255,0.0016018066192045807,0.0015925269690342247,0.001572042005136609,6.32768795527105e-05,10
6.272312020882964e-06,0.0009255169425159693,0.0007868226449936628,0.0007859449833631516,0.0007749950746074319,1.0997963966732727e-05,1024,runtime,cuda,256,auto,,float32,,,spcauchy,6.780028343200684e-06,0.0013880609767511487,0.0006792394570074976,0.0006672909366898239,0.0006557989399880171,8.160994911762036e-05,10.0,custom_single_node,1.6277481336146593e-06,0.00016094889491796493,0.00015730701852589846,3.41590701609046e-05,auto,triton,6.492191459983587e-07,5.9612149372696874e-05,5.939451511949301e-05,1.104192504653337e-06,50,spcauchy_laplace,False,False,7.810303941369057e-07,0.00010194927034899593,9.874755050987005e-05,3.328118916884443e-05,12651520,,0.00144946796354;0.00144925701898;0.00145015190355;0.00145517801866;0.00145585194696,5,,0.018874646269279063,False,7.4676936492323875e-06,0.0003567291423678398,0.00034766446333378553,5.6053549169354956e-05,0,True,False,5.0,1.102575333788991e-05,0.002179633011110127,0.0014660621020011603,0.001451737538445741,0.0014400489162653685,8.265935889654396e-05,10
2.510179183445871e-05,0.004927285946905613,0.00421348393522203,0.0042080850107595325,0.004166323924437165,5.144262512976828e-05,1024,runtime,cuda,256,auto,horner_reference,float32,,,spcauchy,2.445979043841362e-05,0.0038714909460395575,0.003332031034864485,0.0033055535168386996,0.0032560699619352818,0.00011133819582135017,10.0,reference_term_graph,2.4530512746423483e-05,0.00282319418201223,0.0027973729884251952,0.00011006049803469847,auto,,5.86238456889987e-07,5.611853860318661e-05,5.590950604528189e-05,1.0673983794116484e-06,50,spcauchy_direct_autograd,False,False,8.582428563386202e-07,0.00010031556943431497,9.92495333775878e-05,7.2012372028100615e-06,12651520,,0.00752981379628;0.00748961977661;0.00751378200948;0.0075010759756;0.00752997677773,5,127,0.018874646269279063,False,6.0850579757243395e-06,0.0003524027448147535,0.0003512745024636388,6.3766650628542225e-06,0,True,False,5.0,4.1917955968528986e-05,0.008263171999715269,0.007545514970086515,0.007514549535699189,0.007448773016221821,0.00012454804567593966,10
,,,,,,1024,runtime,cuda,256,auto,,float32,Encountered NaN/Inf in loss or gradients.,non_finite,vmf,,,,,,,10.0,native,,,,,auto,,,,,,50,vmf_official,True,True,,,,,,,,5,,,False,,,,,0,False,False,5.0,,,,,,,10
1.693866215646267e-05,0.0029728490626439452,0.0029400213952176274,0.0029397690086625516,0.0029119009850546718,1.2359872291792335e-05,1024,runtime,cuda,256,auto,,float32,,,vmf,5.498601240105927e-05,0.005893349996767938,0.005298644432798028,0.0052673109457828104,0.005209593917243183,0.00012733301257059906,10.0,native,2.6968569727614522e-05,0.001708612388931215,0.001703791436739266,1.6601552165034408e-05,auto,,7.761409506201744e-07,6.297421641647816e-05,6.237701745703816e-05,1.8835307959145358e-06,50,vmf_robust,False,False,1.0886287782341242e-06,0.00011443399079144002,0.00011407799320295453,1.4721426133225736e-06,11970560,,0.0082022016868;0.00821330863982;0.00822360627353;0.00821336172521;0.00821443460882,5,,,False,2.8888520319014788e-05,0.003412623836658895,0.0033853170461952686,0.0001242257443166547,0,True,False,5.0,5.7021272368729115e-05,0.008855471038259566,0.008238665828015655,0.008212219458073378,0.008132133982144296,0.00013071249367322164,10
7.139227818697691e-06,0.0015485489275306463,0.0012391987796872854,0.001228124019689858,0.0012170139234513044,4.1953309880947186e-05,1024,runtime,cuda,256,auto,,float32,,,powerspherical,6.6511856857687235e-06,0.0019037950551137328,0.0011326120952144265,0.00111072399886325,0.001102382899262011,8.683849080627156e-05,10.0,native,5.224486812949181e-06,0.0002753023221157491,0.00025976198958233,7.805471652818563e-05,auto,,6.213085725903511e-07,5.47576597891748e-05,5.381501978263259e-05,4.286841147324263e-06,50,power_spherical,False,False,9.939831215888262e-07,0.00010064474632963537,9.951845277100801e-05,5.534260331861385e-06,12665344,20.0,0.00233049993403;0.00233340798877;0.00233970209956;0.00234229909256;0.00242511089891,5,,,False,5.490990588441491e-06,0.0007019073669798673,0.0006964534404687583,2.370059209642235e-05,0,True,False,5.0,1.1350493878126144e-05,0.0032117710215970874,0.002371810874901712,0.002339120546821505,0.0023210609797388315,0.0001080973511940205,10
4.334253026172519e-05,0.0008654670091345906,0.0008124361438676715,0.0008107660105451941,0.0007720139110460877,2.884803526044336e-05,1024,runtime,cuda,512,auto,triton,float32,,,spcauchy,1.3610755559056997e-05,0.0007739829597994685,0.0007161281080916524,0.0007157360087148845,0.0006971070542931557,9.278625630359264e-06,10.0,custom_single_node,1.7899146769195795e-06,0.00018294997932389378,0.00018210557755082846,2.6840535350735114e-06,auto,,7.860071491450071e-07,6.075999885797501e-05,6.05199602432549e-05,1.4188818621810736e-06,50,spcauchy_direct,False,False,9.190116543322802e-07,9.942405391484499e-05,9.867653716355562e-05,2.399277799837868e-06,25236480,,0.00158270797692;0.00153699598741;0.00152914598584;0.00149496807717;0.00148650398478,5,255,0.009597813032773628,False,1.2884935131296515e-05,0.0003729940759949386,0.0003717605140991509,8.56966669684021e-06,0,True,False,5.0,5.398847861215472e-05,0.0016289039049297571,0.001528564251959324,0.0015290775336325169,0.0014759739860892296,3.667096405494629e-05,10
6.1841856222599745e-06,0.0009715680498629808,0.0007852195673622191,0.0007837664452381432,0.0007739659631624818,1.4999263070203872e-05,1024,runtime,cuda,512,auto,triton,float32,,,spcauchy,5.2215473260730505e-06,0.0013778040884062648,0.000827693591825664,0.0008180069853551686,0.0008069999748840928,6.825387987583011e-05,10.0,custom_single_node,4.0674349293112755e-06,0.00029618542594835165,0.0002926389570347965,3.468159128093438e-05,auto,,6.624613888561726e-07,6.066431105136871e-05,6.034702528268099e-05,1.4465531568399593e-06,50,spcauchy_direct_fixed,False,False,9.802461136132479e-07,0.00010100152529776097,9.818951366469264e-05,3.252475046602762e-05,25237504,,0.00160293001682;0.00160342792515;0.00159811798949;0.00159738503862;0.00160329393111,5,2,0.009597813032773628,False,7.366470526903868e-06,0.00036984232952818274,0.00036231399280950427,4.849134715048847e-05,0,True,False,5.0,9.585404768586159e-06,0.0021550750825554132,0.001612913159187883,0.001601666968781501,0.00158724095672369,6.944018435282684e-05,10
6.779475370422006e-06,0.0009401260176673532,0.0007845311528071761,0.0007836890290491283,0.0007725970353931189,1.208518115669309e-05,1024,runtime,cuda,512,auto,,float32,,,spcauchy,6.054266123101115e-06,0.0013355689588934183,0.0006898862272500992,0.000680182536598295,0.0006699970690533519,6.978553371243912e-05,10.0,custom_single_node,1.452252035960555e-06,0.00015952801005914808,0.00015756202628836036,1.663202007873866e-05,auto,triton,7.240741979330778e-07,6.029142485931516e-05,5.9553945902734995e-05,4.80657649417081e-06,50,spcauchy_laplace,False,False,8.932547643780708e-07,9.879109961912036e-05,9.802798740565777e-05,3.7005499750936603e-06,25238528,,0.00146822701208;0.00146603898611;0.00146278901957;0.00145909399725;0.00145871005952,5,,0.009597813032773628,False,6.68864231556654e-06,0.0003712756927125156,0.0003618210321292281,5.924763131566155e-05,0,True,False,5.0,1.1193274985998869e-05,0.0022756949765607715,0.0014744173800572754,0.0014633724349550903,0.0014478090452030301,7.603135767676594e-05,10
4.992663161829114e-05,0.009396955952979624,0.0075677008549682795,0.007545697968453169,0.007472136989235878,0.0001470763790670496,1024,runtime,cuda,512,auto,horner_reference,float32,,,spcauchy,6.179223419167101e-05,0.006904867012053728,0.005902381998952478,0.005869578511919826,0.00578524696175009,0.00013433365552408826,10.0,reference_term_graph,5.400748341344297e-05,0.005373201450332999,0.0053408570238389075,0.00012790089665648435,auto,,6.097543518990278e-07,5.620868690311909e-05,5.586352199316025e-05,3.484253962411276e-06,50,spcauchy_direct_autograd,False,False,1.1732627172023058e-06,0.0001000498877838254,9.912997484207153e-05,3.1953879469703877e-06,25238528,,0.0134045556188;0.0133622530848;0.0133977914229;0.0134462313727;0.0134739819914,5,255,0.009597813032773628,False,1.215148949995637e-05,0.00037292197393253446,0.0003718275111168623,1.2500750087891177e-05,0,True,False,5.0,0.000105453742435202,0.016301822965033352,0.013470082853920758,0.013419546012300998,0.013279245933517814,0.00024677239736460387,10
,,,,,,1024,runtime,cuda,512,auto,,float32,Encountered NaN/Inf in loss or gradients.,non_finite,vmf,,,,,,,10.0,native,,,,,auto,,,,,,50,vmf_official,True,True,,,,,,,,5,,,False,,,,,0,False,False,5.0,,,,,,,10
1.4568737242370844e-05,0.0028372870292514563,0.002775814394466579,0.0027768024592660367,0.002753004082478583,1.1328902753209083e-05,1024,runtime,cuda,512,auto,,float32,,,vmf,3.343631397001445e-05,0.006844050018116832,0.006223409506957978,0.006196029484272003,0.006106866989284754,0.00013280498423908166,10.0,native,2.0295556169003248e-05,0.0015686163450591266,0.001569536980241537,1.5033333091797969e-05,auto,,6.96512870490551e-07,6.286126002669334e-05,6.231304723769426e-05,2.1287549284731325e-06,50,vmf_robust,False,False,1.2457603588700294e-06,0.00011508599715307355,0.00011409353464841843,2.922594233164297e-06,23514112,,0.00897963065654;0.00897805020213;0.00896014086902;0.00896894559264;0.00897042173892,5,,,False,2.230249810963869e-05,0.0044768459047190845,0.004449492029380053,0.00013165637772116895,0,True,False,5.0,4.121454549022019e-05,0.009649527026340365,0.008999223901424557,0.008972609473858029,0.008861051988787949,0.00013329748056580088,10
1.2945441994816065e-05,0.0012798900716006756,0.0012312031723558904,0.0012274819891899824,0.001216924050822854,1.0878830060854525e-05,1024,runtime,cuda,512,auto,,float32,,,powerspherical,1.1696974979713559e-05,0.0015810439363121986,0.0011296922056935727,0.0011157660046592355,0.0011008800938725471,7.422899498858982e-05,10.0,native,5.259556928649545e-06,0.0002740843994542956,0.00026052346220239997,7.343892458718876e-05,auto,,7.294584065675735e-07,5.472465651109814e-05,5.404301919043064e-05,2.245009662983007e-06,50,power_spherical,False,False,9.500945452600718e-07,9.979934990406037e-05,9.902101010084152e-05,3.074942983049954e-06,25260544,20.0,0.00237570307218;0.00233916006982;0.00234816595912;0.00233452580869;0.00233542220667,5,,,False,7.457943866029382e-06,0.0007010837998241186,0.0007003310020081699,6.177138517529175e-06,0,True,False,5.0,3.191997529938817e-05,0.0028087219689041376,0.002360895378049463,0.0023427410051226616,0.002322843996807933,7.550000663830333e-05,10
5.382695235311985e-06,0.001320559997111559,0.0012843094170093537,0.001277991512324661,0.0012715519405901432,1.3676924240241748e-05,1024,runtime,cuda,1024,auto,triton,float32,,,spcauchy,7.167487638071179e-06,0.0013540619984269142,0.00082586972694844,0.000815605977550149,0.0008056199876591563,6.695117091258669e-05,10.0,custom_single_node,2.424203557893634e-06,0.0001859508133493364,0.00018299854127690196,3.331814336403829e-05,auto,,6.440677680075169e-07,6.130769429728389e-05,6.097502773627639e-05,1.3767321534454516e-06,50,spcauchy_direct,False,False,2.3584289010614157e-06,0.0001021455591544509,0.00010143953841179609,1.7607098743292662e-06,50408448,,0.00213696598075;0.00209356192499;0.0020899460651;0.00209054094739;0.00209307903424,5,511,0.004840384459446832,False,7.347465725615621e-06,0.0004764656601473689,0.0004669049521908164,5.773113735695741e-05,0,True,False,5.0,7.714290404692292e-06,0.0026723769260570407,0.002110179143957794,0.002093100978527218,0.002081779995933175,6.955852187138199e-05,10
3.0640221666544676e-06,0.0013288540067151189,0.0012785146883688868,0.0012777075171470642,0.0012728730216622353,4.381569897187877e-06,1024,runtime,cuda,1024,auto,triton,float32,,,spcauchy,4.936562618240714e-06,0.0014746469678357244,0.0009427925641648471,0.0009367539896629751,0.0009282509563490748,5.190760812123526e-05,10.0,custom_single_node,5.246285581961274e-06,0.00030923459120094776,0.00030682148644700646,2.8067574407163375e-05,auto,,6.479385774582624e-07,6.101921666413546e-05,6.094196578487754e-05,8.392502057054519e-07,50,spcauchy_direct_fixed,False,False,8.070201147347689e-07,0.00010262026963755488,0.00010131148155778646,8.385125239079864e-06,50409472,,0.00221319682896;0.0022149682045;0.00221268692985;0.00221496401355;0.00221669301391,5,2,0.004840384459446832,False,2.9620714485645294e-06,0.000469918486662209,0.00046500854659825563,3.8261772603699406e-05,0,True,False,5.0,5.49625838175416e-06,0.0027699139900505543,0.002221307252533734,0.002214937936514616,0.00220378499943763,5.287184806355888e-05,10
2.8160575311630964e-06,0.0013594289775937796,0.0012786743701435625,0.001277885981835425,0.0012723590480163693,5.8563239861912055e-06,1024,runtime,cuda,1024,auto,,float32,,,spcauchy,5.648238584399223e-06,0.0012426150497049093,0.0007999864616431296,0.000790538964793086,0.0007827739464119077,6.331486062838065e-05,10.0,custom_single_node,1.8582504708319902e-06,0.00016175293084233998,0.0001588484738022089,2.8876541660278055e-05,auto,triton,7.102498784661293e-07,6.099399132654071e-05,6.059097358956933e-05,1.564173320946258e-06,50,spcauchy_laplace,False,False,7.039343472570181e-07,0.00010217114677652717,0.00010135752381756902,2.9330303055337386e-06,50410496,,0.00206859409809;0.00206962414086;0.00206885207444;0.00206797011197;0.00206768093631,5,,0.004840384459446832,False,2.317305188626051e-06,0.0004750683926977217,0.0004666019813157618,5.649457004474221e-05,0,True,False,5.0,5.486945156008005e-06,0.002518329070881009,0.002078660831786692,0.002068608009722084,0.0020600559655576944,6.384072227544144e-05,10
0.0002863334375433624,0.016084989067167044,0.01485535804927349,0.014892373466864228,0.014554640045389533,0.00020929541817846527,1024,runtime,cuda,1024,auto,horner_reference,float32,,,spcauchy,0.00025389378424733877,0.45150104304775596,0.013049883459694683,0.011285903514362872,0.010988332913257182,0.02778648419853154,10.0,reference_term_graph,0.0001965219562407583,0.012375437664799392,0.010591293044853956,0.027786110411322534,auto,,1.2170930858701468e-06,5.736834788694978e-05,5.7202938478440046e-05,1.7562315211317883e-06,50,spcauchy_direct_autograd,False,False,7.87799945101142e-06,0.00011152929905802011,0.0001140385284088552,6.331082075307912e-06,50410496,,0.02574612014;0.0258063282818;0.026307053864;0.0263109058142;0.0262751113623,5,511,0.004840384459446832,False,4.26179904025048e-05,0.0005055481479503215,0.0005248304805718362,2.5833406662394627e-05,0,True,False,5.0,0.0005237233708612621,0.46668469707947224,0.027905241508968174,0.026210314012132585,0.02562464098446071,0.027808960085545432,10
,,,,,,1024,runtime,cuda,1024,auto,,float32,Encountered NaN/Inf in loss or gradients.,non_finite,vmf,,,,,,,10.0,native,,,,,auto,,,,,,50,vmf_official,True,True,,,,,,,,5,,,False,,,,,0,False,False,5.0,,,,,,,10
1.5109253581613302e-05,0.0034124209778383374,0.0031702426136471333,0.003164622001349926,0.003140899003483355,2.609407667334942e-05,1024,runtime,cuda,1024,auto,,float32,,,vmf,6.21042272541672e-05,0.010993850068189204,0.008457013583742082,0.008362829044926912,0.00831358996219933,0.00034123035075067545,10.0,native,1.1247699148952961e-05,0.001409922214690596,0.001403887988999486,2.8150531084919853e-05,auto,,8.566712494939566e-07,6.349890353158116e-05,6.320251850411296e-05,1.404226508961201e-06,50,vmf_robust,False,False,1.367996446788311e-06,0.00012919002352282404,0.00012840551789849997,2.841969612410353e-06,46590976,,0.0116283874959;0.0115339420736;0.0115108182654;0.0115251969546;0.0115099940449,5,,,False,5.0031288992613554e-05,0.006854402441997081,0.006768030521925539,0.0003143306341698462,0,True,False,5.0,8.098027319647372e-05,0.014336736989207566,0.011627256197389215,0.011526542017236352,0.011468944023363292,0.00035846901101779674,10
3.8079306250438094e-05,0.0017880129162222147,0.0016261789118871093,0.001590971543919295,0.0015763130504637957,7.038887321386363e-05,1024,runtime,cuda,1024,auto,,float32,,,powerspherical,5.1302165957167745e-05,0.001516273943707347,0.001273219061549753,0.001256019459106028,0.0012307428987696767,4.443970643314916e-05,10.0,native,6.915302947163582e-06,0.0002667376580648124,0.000266118033323437,6.478412539537378e-06,auto,,1.2999807950109243e-06,5.542060500010848e-05,5.488400347530842e-05,2.1416026019540585e-06,50,power_spherical,False,False,8.096772944554687e-06,0.00010654426785185933,0.00010322948219254613,6.818762968592333e-06,50424320,20.0,0.00309080793522;0.00289185997099;0.0028413971886;0.00283204903826;0.00282562011853,5,,,False,2.708772080950439e-05,0.0008445165306329727,0.0008321104687638581,3.954648608904141e-05,0,True,False,5.0,7.363056647591293e-05,0.003287198022007942,0.002899397973436862,0.0028593375463970006,0.0028125959215685725,0.00010180890841715285,10
3.185297828167677e-06,0.0025981100043281913,0.002329251192510128,0.0023273935075849295,0.0023209990467876196,1.743282432184457e-05,1024,runtime,cuda,2048,auto,triton,float32,,,spcauchy,7.006776286289096e-06,0.0015392109053209424,0.0012081843046471477,0.0011941514676436782,0.001185860950499773,6.250650434742545e-05,10.0,custom_single_node,4.769070073962212e-06,0.00020045657316222786,0.00018823397113010287,5.615254873156797e-05,auto,,7.122580427676439e-07,6.778492173179984e-05,6.68190186843276e-05,8.9026915781266e-06,50,spcauchy_direct,False,False,1.1272786650806665e-06,0.00013713331567123533,0.00013695948291569948,1.5600309564098623e-06,100750336,,0.0035222331062;0.00351642211899;0.00352432392538;0.00352180795744;0.00352337909862,5,1023,0.00243073871777033,False,2.2185267880558968e-06,0.0008028094940818846,0.000800418492872268,2.281296781387328e-05,0,True,False,5.0,8.535018423572183e-06,0.004097049008123577,0.0035374354971572756,0.0035222124424763024,0.0035095680505037308,6.965669582867067e-05,10
4.010740667581558e-06,0.002390105975791812,0.0023291693814098836,0.0023275474668480456,0.0023218850838020444,5.936827121019942e-06,1024,runtime,cuda,2048,auto,triton,float32,,,spcauchy,6.335845682770014e-06,0.0016662509879097342,0.0013470470765605568,0.0013324255123734474,0.001321305986493826,6.290658724183842e-05,10.0,custom_single_node,5.191483069211245e-06,0.0003407462672330439,0.0003273210022598505,5.909850490446839e-05,auto,,9.359791874885559e-07,6.771195633336901e-05,6.738054798915982e-05,1.50525387385361e-06,50,spcauchy_direct_fixed,False,False,8.540519047528505e-07,0.0001371566611342132,0.00013675540685653687,5.254221776717853e-06,100751360,,0.00366222695448;0.00365989888087;0.00366126187146;0.00366074591875;0.00366279901937,5,2,0.00243073871777033,False,1.6629928722977638e-06,0.0008014321918599308,0.0008004885166883469,1.128123842016196e-05,0,True,False,5.0,8.600967703387141e-06,0.003996769082732499,0.0036762164579704406,0.0036616380675695837,0.0036431910702958703,6.369775185820345e-05,10
3.1092495191842318e-06,0.002408838947303593,0.0023285028524696826,0.0023273040424101055,0.002323318039998412,6.1400925211467054e-06,1024,runtime,cuda,2048,auto,,float32,,,spcauchy,5.016016075387597e-06,0.0015114190755411983,0.0011843455545604228,0.0011677180300466716,0.0011599271092563868,6.706845545281727e-05,10.0,custom_single_node,3.559514880180359e-06,0.00017843007436022163,0.00016304844757542014,6.519978376462958e-05,auto,triton,6.052723620086908e-07,6.706457259133458e-05,6.679497892037034e-05,1.3540040012415468e-06,50,spcauchy_laplace,False,False,7.411581464111805e-07,0.00013717420725151898,0.00013671250781044364,4.006661473661878e-06,100752384,,0.00349510298111;0.0034979339689;0.00349635398015;0.00349586410448;0.00349393696524,5,,0.00243073871777033,False,1.5139812603592873e-06,0.0008016767003573477,0.0008002194808796048,1.0930194066705511e-05,0,True,False,5.0,6.924034096300602e-06,0.0038380910409614444,0.0035128484070301056,0.003495840006507933,0.0034855820704251528,6.738099669339875e-05,10
0.0006579285545740277,0.03294298192486167,0.02906597708584741,0.028894106508232653,0.028323877952061594,0.0004924211833321885,1024,runtime,cuda,2048,auto,horner_reference,float32,,,spcauchy,0.0002166417834814638,0.023620599997229874,0.022025384880136698,0.022079431975726038,0.021147195948287845,0.0003402425824196498,10.0,reference_term_graph,0.00023671277449466288,0.020910630998201667,0.020947313925717026,0.0003482949457045842,auto,,2.821005182340741e-06,7.24868681281805e-05,7.311551598832011e-05,5.434138396268991e-06,50,spcauchy_direct_autograd,False,False,1.122677349485457e-05,0.00017095343535766005,0.0001768825459294021,1.2665052410530676e-05,100752384,,0.0517968311906;0.0507591925561;0.0507938489318;0.0508594661951;0.0507936812937,5,1023,0.00243073871777033,False,3.3411983167752624e-05,0.0008713135784491897,0.0008841794915497303,2.9060764775540395e-05,0,True,False,5.0,0.0006015091494191438,0.056563581922091544,0.05109136196598411,0.05087578151142225,0.050371226971037686,0.0006220404773978769,10
,,,,,,1024,runtime,cuda,2048,auto,,float32,Encountered NaN/Inf in loss or gradients.,non_finite,vmf,,,,,,,10.0,native,,,,,auto,,,,,,50,vmf_official,True,True,,,,,,,,5,,,False,,,,,0,False,False,5.0,,,,,,,10
1.56814930960536e-05,0.004399236990138888,0.0041732605206780135,0.004172397486399859,0.004142270889133215,1.9467568160293242e-05,1024,runtime,cuda,2048,auto,,float32,,,vmf,7.755283149890602e-05,0.015308456029742956,0.014681837462820113,0.014659548993222415,0.014489065972156823,0.00012118831348164795,10.0,native,1.3375189155340195e-05,0.0015139549034647645,0.0015046664630062878,6.219851440412265e-05,auto,,7.625785656273365e-07,7.945148786529899e-05,7.911148713901639e-05,1.6058653904824509e-06,50,vmf_robust,False,False,1.0495714377611876e-06,0.00018700998462736608,0.00018679245840758085,1.0447696693525513e-06,92738560,,0.0188338328153;0.0188180170953;0.0188464205712;0.0188350565732;0.0188210327178,5,,,False,7.77260574977845e-05,0.012901421086862683,0.012886780430562794,0.00010399984973103302,0,True,False,5.0,8.326521492563188e-05,0.019541988032869995,0.018855097983498128,0.01883105403976515,0.01865844998974353,0.0001274422731973479,10
4.1039049392566085e-05,0.0028395639965310693,0.0026252668257802725,0.0026121775154024363,0.0025596750201657414,6.271358821945444e-05,1024,runtime,cuda,2048,auto,,float32,,,powerspherical,3.8237980334088206e-05,0.002365866908803582,0.0016285367412492632,0.0015944050392135978,0.001566514023579657,0.00010231084319658401,10.0,native,1.0675954399630427e-05,0.00027469037333503364,0.00025903951609507203,6.200641324554331e-05,auto,,1.9957951735705137e-06,6.59529184922576e-05,6.28469861112535e-05,1.844415866135685e-05,50,power_spherical,False,False,4.954752512276173e-06,0.0001434711366891861,0.0001369789824821055,1.499810050975018e-05,100766208,20.0,0.00423323269933;0.00417581386864;0.0042233588174;0.00419590901583;0.00420143315569,5,,,False,2.096843672916293e-05,0.001144422312732786,0.0011268460075370967,4.807230542843729e-05,0,True,False,5.0,5.1823240937665105e-05,0.004954879987053573,0.004253803567029536,0.004198688955511898,0.004130590008571744,0.0001401148039615595,10
1.2970733223482966e-05,0.0010029259137809277,0.0008686962914653122,0.000869281473569572,0.0008195060072466731,1.9750647862492338e-05,1024,runtime,cuda,9,auto,triton,float32,,,spcauchy,3.9488833863288164e-05,0.0011202580062672496,0.0006816376922652125,0.000656662043184042,0.0006351179908961058,7.381320487244e-05,10.0,custom_single_node,2.5937333703041077e-06,0.0001741182766854763,0.00015796301886439323,6.18170995784507e-05,auto,,8.314964361488819e-07,5.4368496406823394e-05,5.302054341882467e-05,5.219263483918593e-06,50,spcauchy_neighbor,False,False,1.059466740116477e-06,9.972393605858087e-05,9.730702731758356e-05,9.934915052285362e-06,532480,,0.00153308699373;0.00152332801372;0.00152824097313;0.0015287209535;0.00152814609464,5,4,0.3033370452904235,False,1.304750912822783e-05,0.00035342698311433197,0.0003411270445212722,3.47682866417477e-05,0,True,False,5.0,4.160415846854448e-05,0.0020126330200582743,0.0015503339837305249,0.0015282449894584715,0.001462592976167798,7.955807554517614e-05,10
1.1068332241848111e-05,0.000954003888182342,0.0008663829006254673,0.0008698070305399597,0.0008224030025303364,1.731593842066897e-05,1024,runtime,cuda,17,auto,triton,float32,,,spcauchy,4.038846236653626e-05,0.0010199409443885088,0.000681655244436115,0.000657219032291323,0.0006340170511975884,7.139206245819676e-05,10.0,custom_single_node,5.3171825129538774e-06,0.00017751659406349063,0.00015781150432303548,6.734528642034871e-05,auto,,7.427588570863008e-07,5.4183845408260825e-05,5.2921532187610865e-05,4.756710891766487e-06,50,spcauchy_neighbor,False,False,1.0887742973864079e-06,9.974688198417426e-05,9.719398804008961e-05,8.493194097869321e-06,926720,,0.00152400392108;0.00153043097816;0.00152823689859;0.00153439200949;0.00152907404117,5,8,0.2,False,1.4230783563107252e-05,0.0003502079229801893,0.00034085800871253014,1.7765685546308134e-05,0,True,False,5.0,4.079157952219248e-05,0.0018915189430117607,0.0015480381450615824,0.0015283564571291208,0.001464762957766652,7.332853021044857e-05,10
1.2114731362089515e-05,0.0011488560121506453,0.0008634892227128148,0.0008665680070407689,0.0008201949531212449,2.4935341873184182e-05,1024,runtime,cuda,33,auto,triton,float32,,,spcauchy,3.602576907724142e-05,0.0011373249581083655,0.0006816636393778027,0.0006567660020664334,0.0006344729335978627,7.477976402867442e-05,10.0,custom_single_node,4.116474883630872e-06,0.00017712780134752391,0.0001585930003784597,6.822497953292603e-05,auto,,6.865302566438913e-07,5.421035224571824e-05,5.272653652355075e-05,6.7208289643244896e-06,50,spcauchy_neighbor,False,False,1.1955853551626205e-06,0.00010107087390497327,9.767245501279831e-05,1.256658659216735e-05,1714176,,0.00152404303662;0.00152368505951;0.0015283030225;0.00152357597835;0.00152372801676,5,16,0.12078438912577213,False,1.321564195677638e-05,0.00034925461187958716,0.0003401810536161065,1.8266146977315183e-05,0,True,False,5.0,3.996549639850855e-05,0.001964221941307187,0.0015451528620906174,0.001524944498669356,0.0014566449681296945,7.848099827562916e-05,10
1.241522841155529e-05,0.0009752869373187423,0.0008694469830952585,0.0008710979600436985,0.0008227711077779531,1.916612612602558e-05,1024,runtime,cuda,65,auto,triton,float32,,,spcauchy,3.870745422318578e-05,0.0010880179470404983,0.0006816962617449462,0.0006581240450032055,0.0006354630459100008,7.139571451997126e-05,10.0,custom_single_node,1.8780410755425692e-06,0.00017362271575257183,0.00015773199265822768,6.25062671524236e-05,auto,,7.680209819227457e-07,5.437101423740387e-05,5.2995048463344574e-05,6.155327990756218e-06,50,spcauchy_neighbor,False,False,1.1955853551626205e-06,0.00010010868962854147,9.709602454677224e-05,9.281253805032809e-06,3288064,,0.00153255998157;0.00153102399781;0.00152959197294;0.00153274007607;0.00153190200217,5,32,0.067878888070656,False,1.2686796253547072e-05,0.00035359384212642906,0.00034190050791949034,3.0838113080665774e-05,0,True,False,5.0,4.158902447670698e-05,0.0019560259534046054,0.0015511432448402048,0.0015315605560317636,0.0014625110197812319,7.396426482782933e-05,10
1.525896368548274e-05,0.0011854099575430155,0.0008782450603321194,0.0008739504846744239,0.000826522009447217,3.4500145400733234e-05,1024,runtime,cuda,129,auto,triton,float32,,,spcauchy,3.758471575565636e-05,0.001131224911659956,0.0006982428035698831,0.0006685054977424443,0.0006430509965866804,7.67827727168662e-05,10.0,custom_single_node,6.515969289466739e-06,0.00017462203837931157,0.00015844253357499838,5.764445770787852e-05,auto,,7.607450243085623e-07,6.004103226587176e-05,5.840550875291228e-05,7.11521656528533e-06,50,spcauchy_neighbor,False,False,3.5053235478699207e-06,0.0001041951165534556,9.762949775904417e-05,1.5869844128702918e-05,6434816,,0.00156010698993;0.00154167902656;0.00155295699369;0.00154174503405;0.00156062399037,5,64,0.03627957273179717,False,1.4698191080242395e-05,0.0003593846163712442,0.0003446469781920314,4.287642120744249e-05,0,True,False,5.0,4.6791567001491785e-05,0.002135080983862281,0.0015764878639020026,0.0015470404759980738,0.0014838339993730187,9.279570070555302e-05,10
2.114326343871653e-05,0.0012826959136873484,0.0008844890561886131,0.0008768170373514295,0.0008237370057031512,4.342252803876973e-05,1024,runtime,cuda,257,auto,triton,float32,,,spcauchy,3.7864461774006486e-05,0.0011743269860744476,0.00069231046596542,0.0006785370060242712,0.0006423169979825616,6.288484122050917e-05,10.0,custom_single_node,9.659066563472152e-06,0.00016707317484542728,0.0001587205333635211,3.2705666069283e-05,auto,,2.083106664940715e-06,5.957394605502486e-05,5.825504194945097e-05,3.698261398052757e-06,50,spcauchy_neighbor,False,False,6.380723789334297e-06,0.00010538728721439838,9.820051491260529e-05,2.884539066993814e-05,12727296,,0.00159799109679;0.00158935401123;0.00153695698828;0.00153868598863;0.00153989298269,5,128,0.018803638662160473,False,2.28160060942173e-05,0.00036027605785056947,0.0003514345153234899,3.3061165367006154e-05,0,True,False,5.0,6.004798342473805e-05,0.002230945974588394,0.0015767995221540332,0.0015608665416948497,0.0014745399821549654,9.127501424335528e-05,10
2.3936067009344697e-05,0.0009521229658275843,0.0008763808594085276,0.0008737774915061891,0.00082017807289958,2.038398451729292e-05,1024,runtime,cuda,513,auto,triton,float32,,,spcauchy,3.0278577469289303e-05,0.0009972540428861976,0.0006986794555559754,0.0006869930075481534,0.0006610970012843609,4.572198521872324e-05,10.0,custom_single_node,2.143438905477524e-06,0.0001632706061936915,0.00015905196778476238,2.110029910051445e-05,auto,,8.051865734159946e-07,5.983692267909646e-05,5.816505290567875e-05,6.1873891883125945e-06,50,spcauchy_neighbor,False,False,1.3352255336940289e-06,0.00010117392428219318,9.879301069304347e-05,8.949673283235022e-06,25312256,,0.00158823502716;0.00158077199012;0.00156291492749;0.00155564001761;0.00154054607265,5,256,0.009579423039710476,False,1.25812366604805e-05,0.0003743980024009943,0.0003680935478769243,3.9189320830878676e-05,0,True,False,5.0,4.1001971112564206e-05,0.0018864889862015843,0.0015750603149645031,0.0015757519868202507,0.0014914660714566708,4.991722800346313e-05,10
1.0317511623725295e-05,0.0013592480681836605,0.0013172286222688854,0.001316408975981176,0.0013050149427726865,8.275860810269299e-06,1024,runtime,cuda,1025,auto,triton,float32,,,spcauchy,2.9877701308578253e-05,0.0011294300202280283,0.0008006841959431768,0.0007898510666564107,0.0007741020526736975,3.82387692348784e-05,10.0,custom_single_node,4.748464561998844e-06,0.00016310842614620925,0.00015931896632537246,9.865423714058265e-06,auto,,5.95522578805685e-07,5.903638387098908e-05,5.845853593200445e-05,3.0659951253562874e-06,50,spcauchy_neighbor,False,False,1.2437521945685148e-06,0.00010687594208866357,0.00010202056728303432,1.2564741415432593e-05,50482176,,0.00211447803304;0.00210533011705;0.00210254197009;0.002120281104;0.002101972932,5,512,0.0048357030175226,False,6.358255632221699e-06,0.00047166344383731487,0.00046344700967893004,3.499973219439921e-05,0,True,False,5.0,2.9904767870903015e-05,0.002442913013510406,0.002117912818212062,0.002109063498210162,0.002084823907352984,3.90157395196351e-05,10
1.0013667633756995e-05,0.002440202049911022,0.002363975966349244,0.002361969032790512,0.002353296964429319,9.230675242953479e-06,1024,runtime,cuda,2049,auto,triton,float32,,,spcauchy,1.0982766980305314e-05,0.0015623270301148295,0.001177443812135607,0.001164730521850288,0.0011570020578801632,4.818576669365869e-05,10.0,custom_single_node,1.9028084352612495e-06,0.00016398540325462819,0.0001601490075699985,2.091079692017836e-05,auto,,5.447654984891415e-07,6.644991412758827e-05,6.5709522459656e-05,3.3286542133470165e-06,50,spcauchy_neighbor,False,False,9.827199392020702e-07,0.00013971355324611068,0.00013706652680411935,2.3791154985794363e-05,100822016,,0.00352661684155;0.00352927716449;0.00352996704169;0.00353029882535;0.00352911697701,5,1024,0.002429557586856336,False,4.215777153149247e-06,0.0008072949415072799,0.0008004385163076222,3.534856128684548e-05,0,True,False,5.0,1.7928308807313442e-05,0.003927148994989693,0.0035414197784848513,0.0035292134853079915,0.003514935029670596,4.876293033007401e-05,10
