abs_error,backward_iqr_s,backward_max_s,backward_mean_s,backward_median_s,backward_min_s,backward_std_s,batch_size,benchmark,device,dim,direct_backend_requested,direct_backend_resolved,dtype,error_message,failure_type,family,forward_iqr_s,forward_max_s,forward_mean_s,forward_median_s,forward_min_s,forward_std_s,kappa,kl_autograd_route,kl_error_threshold_exceeded,kl_iqr_s,kl_mean_s,kl_median_s,kl_std_s,loss_construction_iqr_s,loss_construction_mean_s,loss_construction_median_s,loss_construction_std_s,measure_iters,method,nan_or_inf_grad,nan_or_inf_loss,parameter_iqr_s,parameter_mean_s,parameter_median_s,parameter_std_s,peak_cuda_memory_bytes,power_exponent,quadrature_nodes,reference_source,rel_error,repeat_total_medians_s,repeats,retained_correction_terms,rho,runtime_error,sampling_iqr_s,sampling_mean_s,sampling_median_s,sampling_std_s,seed,series_k_terms,success,timeout_hit,timeout_s,total_iqr_s,total_max_s,total_mean_s,total_median_s,total_min_s,total_std_s,warmup_iters
0.0,,,,,,,32,robustness,cpu,2,auto,vectorized,float32,,,spcauchy,,,,,,,,,False,,,,,,,,,1,direct,False,False,,,,,,,1000,direct_certified,0.0,,1,0,0.0,False,,,,,0,,True,False,5.0,,,,,,,1
0.0,,,,,,,32,robustness,cpu,2,auto,vectorized,float32,,,spcauchy,,,,,,,,,False,,,,,,,,,1,neighbor,False,False,,,,,,,1000,direct_certified,0.0,,1,0,0.0,False,,,,,0,,True,False,5.0,,,,,,,1
7.725320756435394e-07,,,,,,,32,robustness,cpu,2,auto,,float32,,,spcauchy,,,,,,,,,True,,,,,,,,,1,laplace,False,False,,,,,,,1000,direct_certified,772532.0756435394,,1,,0.0,False,,,,,0,,True,False,5.0,,,,,,,1
4.276689882765604e-12,,,,,,,32,robustness,cpu,2,auto,vectorized,float32,,,spcauchy,,,,,,,,,False,,,,,,,,,1,direct,False,False,,,,,,,1000,direct_certified,4.2764760447073786e-08,,1,0,0.01,False,,,,,0,,True,False,5.0,,,,,,,1
4.276689882765604e-12,,,,,,,32,robustness,cpu,2,auto,vectorized,float32,,,spcauchy,,,,,,,,,False,,,,,,,,,1,neighbor,False,False,,,,,,,1000,direct_certified,4.2764760447073786e-08,,1,0,0.01,False,,,,,0,,True,False,5.0,,,,,,,1
0.0001772097791238323,,,,,,,32,robustness,cpu,2,auto,,float32,,,spcauchy,,,,,,,,,True,,,,,,,,,1,laplace,False,False,,,,,,,1000,direct_certified,1.7720091848719388,,1,,0.01,False,,,,,0,,True,False,5.0,,,,,,,1
9.768165304402388e-10,,,,,,,32,robustness,cpu,2,auto,vectorized,float32,,,spcauchy,,,,,,,,,False,,,,,,,,,1,direct,False,False,,,,,,,1000,direct_certified,9.719242666899783e-08,,1,0,0.1,False,,,,,0,,True,False,5.0,,,,,,,1
9.768165304402388e-10,,,,,,,32,robustness,cpu,2,auto,vectorized,float32,,,spcauchy,,,,,,,,,False,,,,,,,,,1,neighbor,False,False,,,,,,,1000,direct_certified,9.719242666899783e-08,,1,0,0.1,False,,,,,0,,True,False,5.0,,,,,,,1
0.01722926828186143,,,,,,,32,robustness,cpu,2,auto,,float32,,,spcauchy,,,,,,,,,True,,,,,,,,,1,laplace,False,False,,,,,,,1000,direct_certified,1.7142977640751091,,1,,0.1,False,,,,,0,,True,False,5.0,,,,,,,1
2.417230762774558e-09,,,,,,,32,robustness,cpu,2,auto,vectorized,float32,,,spcauchy,,,,,,,,,False,,,,,,,,,1,direct,False,False,,,,,,,1000,direct_certified,3.745407735051686e-08,,1,0,0.25,False,,,,,0,,True,False,5.0,,,,,,,1
2.417230762774558e-09,,,,,,,32,robustness,cpu,2,auto,vectorized,float32,,,spcauchy,,,,,,,,,False,,,,,,,,,1,neighbor,False,False,,,,,,,1000,direct_certified,3.745407735051686e-08,,1,0,0.25,False,,,,,0,,True,False,5.0,,,,,,,1
0.09287522491488441,,,,,,,32,robustness,cpu,2,auto,,float32,,,spcauchy,,,,,,,,,True,,,,,,,,,1,laplace,False,False,,,,,,,1000,direct_certified,1.4390665183807099,,1,,0.25,False,,,,,0,,True,False,5.0,,,,,,,1
1.37775434394527e-08,,,,,,,32,robustness,cpu,2,auto,vectorized,float32,,,spcauchy,,,,,,,,,False,,,,,,,,,1,direct,False,False,,,,,,,1000,direct_certified,4.789156071503895e-08,,1,0,0.5,False,,,,,0,,True,False,5.0,,,,,,,1
1.37775434394527e-08,,,,,,,32,robustness,cpu,2,auto,vectorized,float32,,,spcauchy,,,,,,,,,False,,,,,,,,,1,neighbor,False,False,,,,,,,1000,direct_certified,4.789156071503895e-08,,1,0,0.5,False,,,,,0,,True,False,5.0,,,,,,,1
0.22047092132873403,,,,,,,32,robustness,cpu,2,auto,,float32,,,spcauchy,,,,,,,,,True,,,,,,,,,1,laplace,False,False,,,,,,,1000,direct_certified,0.7663700398490688,,1,,0.5,False,,,,,0,,True,False,5.0,,,,,,,1
9.007676826655597e-10,,,,,,,32,robustness,cpu,2,auto,vectorized,float32,,,spcauchy,,,,,,,,,False,,,,,,,,,1,direct,False,False,,,,,,,1000,direct_certified,1.0896226319205196e-09,,1,0,0.75,False,,,,,0,,True,False,5.0,,,,,,,1
9.007676826655597e-10,,,,,,,32,robustness,cpu,2,auto,vectorized,float32,,,spcauchy,,,,,,,,,False,,,,,,,,,1,neighbor,False,False,,,,,,,1000,direct_certified,1.0896226319205196e-09,,1,0,0.75,False,,,,,0,,True,False,5.0,,,,,,,1
0.19251769691035903,,,,,,,32,robustness,cpu,2,auto,,float32,,,spcauchy,,,,,,,,,True,,,,,,,,,1,laplace,False,False,,,,,,,1000,direct_certified,0.23288095658359342,,1,,0.75,False,,,,,0,,True,False,5.0,,,,,,,1
2.4883672677944446e-07,,,,,,,32,robustness,cpu,2,auto,vectorized,float32,,,spcauchy,,,,,,,,,False,,,,,,,,,1,direct,False,False,,,,,,,1000,direct_certified,1.4983564212999551e-07,,1,0,0.9,False,,,,,0,,True,False,5.0,,,,,,,1
2.4883672677944446e-07,,,,,,,32,robustness,cpu,2,auto,vectorized,float32,,,spcauchy,,,,,,,,,False,,,,,,,,,1,neighbor,False,False,,,,,,,1000,direct_certified,1.4983564212999551e-07,,1,0,0.9,False,,,,,0,,True,False,5.0,,,,,,,1
0.09218002407476389,,,,,,,32,robustness,cpu,2,auto,,float32,,,spcauchy,,,,,,,,,True,,,,,,,,,1,laplace,False,False,,,,,,,1000,direct_certified,0.05550568550535057,,1,,0.9,False,,,,,0,,True,False,5.0,,,,,,,1
3.4551263716764424e-07,,,,,,,32,robustness,cpu,2,auto,vectorized,float32,,,spcauchy,,,,,,,,,False,,,,,,,,,1,direct,False,False,,,,,,,1000,direct_certified,1.4842227183205858e-07,,1,0,0.95,False,,,,,0,,True,False,5.0,,,,,,,1
3.4551263716764424e-07,,,,,,,32,robustness,cpu,2,auto,vectorized,float32,,,spcauchy,,,,,,,,,False,,,,,,,,,1,neighbor,False,False,,,,,,,1000,direct_certified,1.4842227183205858e-07,,1,0,0.95,False,,,,,0,,True,False,5.0,,,,,,,1
0.048231231971987754,,,,,,,32,robustness,cpu,2,auto,,float32,,,spcauchy,,,,,,,,,True,,,,,,,,,1,laplace,False,False,,,,,,,1000,direct_certified,0.020718747311890832,,1,,0.95,False,,,,,0,,True,False,5.0,,,,,,,1
1.213164408042644e-06,,,,,,,32,robustness,cpu,2,auto,vectorized,float32,,,spcauchy,,,,,,,,,False,,,,,,,,,1,direct,False,False,,,,,,,1000,direct_certified,3.7571760630521464e-07,,1,0,0.98,False,,,,,0,,True,False,5.0,,,,,,,1
1.213164408042644e-06,,,,,,,32,robustness,cpu,2,auto,vectorized,float32,,,spcauchy,,,,,,,,,False,,,,,,,,,1,neighbor,False,False,,,,,,,1000,direct_certified,3.7571760630521464e-07,,1,0,0.98,False,,,,,0,,True,False,5.0,,,,,,,1
0.019778707413594887,,,,,,,32,robustness,cpu,2,auto,,float32,,,spcauchy,,,,,,,,,True,,,,,,,,,1,laplace,False,False,,,,,,,1000,direct_certified,0.006125475290885602,,1,,0.98,False,,,,,0,,True,False,5.0,,,,,,,1
1.7013597615189724e-06,,,,,,,32,robustness,cpu,2,auto,vectorized,float32,,,spcauchy,,,,,,,,,False,,,,,,,,,1,direct,False,False,,,,,,,1000,direct_certified,4.3434881838453016e-07,,1,0,0.99,False,,,,,0,,True,False,5.0,,,,,,,1
1.7013597615189724e-06,,,,,,,32,robustness,cpu,2,auto,vectorized,float32,,,spcauchy,,,,,,,,,False,,,,,,,,,1,neighbor,False,False,,,,,,,1000,direct_certified,4.3434881838453016e-07,,1,0,0.99,False,,,,,0,,True,False,5.0,,,,,,,1
0.00915500258921309,,,,,,,32,robustness,cpu,2,auto,,float32,,,spcauchy,,,,,,,,,True,,,,,,,,,1,laplace,False,False,,,,,,,1000,direct_certified,0.0023372273441931153,,1,,0.99,False,,,,,0,,True,False,5.0,,,,,,,1
1.578535315793772e-06,,,,,,,32,robustness,cpu,2,auto,vectorized,float32,,,spcauchy,,,,,,,,,False,,,,,,,,,1,direct,False,False,,,,,,,1000,direct_certified,3.425883754045044e-07,,1,0,0.995,False,,,,,0,,True,False,5.0,,,,,,,1
1.578535315793772e-06,,,,,,,32,robustness,cpu,2,auto,vectorized,float32,,,spcauchy,,,,,,,,,False,,,,,,,,,1,neighbor,False,False,,,,,,,1000,direct_certified,3.425883754045044e-07,,1,0,0.995,False,,,,,0,,True,False,5.0,,,,,,,1
0.00789752503800134,,,,,,,32,robustness,cpu,2,auto,,float32,,,spcauchy,,,,,,,,,True,,,,,,,,,1,laplace,False,False,,,,,,,1000,direct_certified,0.001713994134571994,,1,,0.995,False,,,,,0,,True,False,5.0,,,,,,,1
1.9721482401813262e-05,,,,,,,32,robustness,cpu,2,auto,vectorized,float32,,,spcauchy,,,,,,,,,False,,,,,,,,,1,direct,False,False,,,,,,,1000,direct_certified,3.17315188935227e-06,,1,0,0.999,False,,,,,0,,True,False,5.0,,,,,,,1
1.9721482401813262e-05,,,,,,,32,robustness,cpu,2,auto,vectorized,float32,,,spcauchy,,,,,,,,,False,,,,,,,,,1,neighbor,False,False,,,,,,,1000,direct_certified,3.17315188935227e-06,,1,0,0.999,False,,,,,0,,True,False,5.0,,,,,,,1
0.08835489323317436,,,,,,,32,robustness,cpu,2,auto,,float32,,,spcauchy,,,,,,,,,True,,,,,,,,,1,laplace,False,False,,,,,,,1000,direct_certified,0.01421614717819527,,1,,0.999,False,,,,,0,,True,False,5.0,,,,,,,1
0.0,,,,,,,32,robustness,cpu,3,auto,vectorized,float32,,,spcauchy,,,,,,,,,False,,,,,,,,,1,direct,False,False,,,,,,,1000,direct_certified,0.0,,1,0,0.0,False,,,,,0,,True,False,5.0,,,,,,,1
0.0,,,,,,,32,robustness,cpu,3,auto,vectorized,float32,,,spcauchy,,,,,,,,,False,,,,,,,,,1,neighbor,False,False,,,,,,,1000,direct_certified,0.0,,1,1,0.0,False,,,,,0,,True,False,5.0,,,,,,,1
1.5450641512870789e-06,,,,,,,32,robustness,cpu,3,auto,,float32,,,spcauchy,,,,,,,,,True,,,,,,,,,1,laplace,False,False,,,,,,,1000,direct_certified,1545064.1512870789,,1,,0.0,False,,,,,0,,True,False,5.0,,,,,,,1
1.6718056030252254e-11,,,,,,,32,robustness,cpu,3,auto,vectorized,float32,,,spcauchy,,,,,,,,,False,,,,,,,,,1,direct,False,False,,,,,,,1000,direct_certified,6.269020234413685e-08,,1,0,0.01,False,,,,,0,,True,False,5.0,,,,,,,1
1.6718056030252254e-11,,,,,,,32,robustness,cpu,3,auto,vectorized,float32,,,spcauchy,,,,,,,,,False,,,,,,,,,1,neighbor,False,False,,,,,,,1000,direct_certified,6.269020234413685e-08,,1,1,0.01,False,,,,,0,,True,False,5.0,,,,,,,1
0.00011211131424561518,,,,,,,32,robustness,cpu,3,auto,,float32,,,spcauchy,,,,,,,,,True,,,,,,,,,1,laplace,False,False,,,,,,,1000,direct_certified,0.420400611315494,,1,,0.01,False,,,,,0,,True,False,5.0,,,,,,,1
9.457177929661498e-08,,,,,,,32,robustness,cpu,3,auto,vectorized,float32,,,spcauchy,,,,,,,,,False,,,,,,,,,1,direct,False,False,,,,,,,1000,direct_certified,3.5322213315476087e-06,,1,0,0.1,False,,,,,0,,True,False,5.0,,,,,,,1
9.457177929661498e-08,,,,,,,32,robustness,cpu,3,auto,vectorized,float32,,,spcauchy,,,,,,,,,False,,,,,,,,,1,neighbor,False,False,,,,,,,1000,direct_certified,3.5322213315476087e-06,,1,1,0.1,False,,,,,0,,True,False,5.0,,,,,,,1
0.010837232270906494,,,,,,,32,robustness,cpu,3,auto,,float32,,,spcauchy,,,,,,,,,True,,,,,,,,,1,laplace,False,False,,,,,,,1000,direct_certified,0.40476665752657776,,1,,0.1,False,,,,,0,,True,False,5.0,,,,,,,1
1.6271524261313175e-07,,,,,,,32,robustness,cpu,3,auto,vectorized,float32,,,spcauchy,,,,,,,,,False,,,,,,,,,1,direct,False,False,,,,,,,1000,direct_certified,9.515015982000613e-07,,1,0,0.25,False,,,,,0,,True,False,5.0,,,,,,,1
1.6271524261313175e-07,,,,,,,32,robustness,cpu,3,auto,vectorized,float32,,,spcauchy,,,,,,,,,False,,,,,,,,,1,neighbor,False,False,,,,,,,1000,direct_certified,9.515015982000613e-07,,1,1,0.25,False,,,,,0,,True,False,5.0,,,,,,,1
0.05658985794134308,,,,,,,32,robustness,cpu,3,auto,,float32,,,spcauchy,,,,,,,,,True,,,,,,,,,1,laplace,False,False,,,,,,,1000,direct_certified,0.33091761661889224,,1,,0.25,False,,,,,0,,True,False,5.0,,,,,,,1
4.958521948594807e-08,,,,,,,32,robustness,cpu,3,auto,vectorized,float32,,,spcauchy,,,,,,,,,False,,,,,,,,,1,direct,False,False,,,,,,,1000,direct_certified,6.642086929122896e-08,,1,0,0.5,False,,,,,0,,True,False,5.0,,,,,,,1
4.958521948594807e-08,,,,,,,32,robustness,cpu,3,auto,vectorized,float32,,,spcauchy,,,,,,,,,False,,,,,,,,,1,neighbor,False,False,,,,,,,1000,direct_certified,6.642086929122896e-08,,1,1,0.5,False,,,,,0,,True,False,5.0,,,,,,,1
0.11765117455113305,,,,,,,32,robustness,cpu,3,auto,,float32,,,spcauchy,,,,,,,,,True,,,,,,,,,1,laplace,False,False,,,,,,,1000,direct_certified,0.1575972309457038,,1,,0.5,False,,,,,0,,True,False,5.0,,,,,,,1
8.037850118824963e-08,,,,,,,32,robustness,cpu,3,auto,vectorized,float32,,,spcauchy,,,,,,,,,False,,,,,,,,,1,direct,False,False,,,,,,,1000,direct_certified,3.9133059546377834e-08,,1,0,0.75,False,,,,,0,,True,False,5.0,,,,,,,1
8.037850118824963e-08,,,,,,,32,robustness,cpu,3,auto,vectorized,float32,,,spcauchy,,,,,,,,,False,,,,,,,,,1,neighbor,False,False,,,,,,,1000,direct_certified,3.9133059546377834e-08,,1,1,0.75,False,,,,,0,,True,False,5.0,,,,,,,1
0.07363911560341574,,,,,,,32,robustness,cpu,3,auto,,float32,,,spcauchy,,,,,,,,,True,,,,,,,,,1,laplace,False,False,,,,,,,1000,direct_certified,0.035851923751376726,,1,,0.75,False,,,,,0,,True,False,5.0,,,,,,,1
7.577507838973929e-07,,,,,,,32,robustness,cpu,3,auto,vectorized,float32,,,spcauchy,,,,,,,,,False,,,,,,,,,1,direct,False,False,,,,,,,1000,direct_certified,1.932252023386933e-07,,1,0,0.9,False,,,,,0,,True,False,5.0,,,,,,,1
7.577507838973929e-07,,,,,,,32,robustness,cpu,3,auto,vectorized,float32,,,spcauchy,,,,,,,,,False,,,,,,,,,1,neighbor,False,False,,,,,,,1000,direct_certified,1.932252023386933e-07,,1,1,0.9,False,,,,,0,,True,False,5.0,,,,,,,1
0.020415110167776085,,,,,,,32,robustness,cpu,3,auto,,float32,,,spcauchy,,,,,,,,,True,,,,,,,,,1,laplace,False,False,,,,,,,1000,direct_certified,0.005205819481500402,,1,,0.9,False,,,,,0,,True,False,5.0,,,,,,,1
1.3388387820612024e-06,,,,,,,32,robustness,cpu,3,auto,vectorized,float32,,,spcauchy,,,,,,,,,False,,,,,,,,,1,direct,False,False,,,,,,,1000,direct_certified,2.5087088746267085e-07,,1,0,0.95,False,,,,,0,,True,False,5.0,,,,,,,1
1.3388387820612024e-06,,,,,,,32,robustness,cpu,3,auto,vectorized,float32,,,spcauchy,,,,,,,,,False,,,,,,,,,1,neighbor,False,False,,,,,,,1000,direct_certified,2.5087088746267085e-07,,1,1,0.95,False,,,,,0,,True,False,5.0,,,,,,,1
0.006860641359534014,,,,,,,32,robustness,cpu,3,auto,,float32,,,spcauchy,,,,,,,,,True,,,,,,,,,1,laplace,False,False,,,,,,,1000,direct_certified,0.0012855432704000685,,1,,0.95,False,,,,,0,,True,False,5.0,,,,,,,1
2.4316483582254023e-06,,,,,,,32,robustness,cpu,3,auto,vectorized,float32,,,spcauchy,,,,,,,,,False,,,,,,,,,1,direct,False,False,,,,,,,1000,direct_certified,3.380991920353449e-07,,1,0,0.98,False,,,,,0,,True,False,5.0,,,,,,,1
2.4316483582254023e-06,,,,,,,32,robustness,cpu,3,auto,vectorized,float32,,,spcauchy,,,,,,,,,False,,,,,,,,,1,neighbor,False,False,,,,,,,1000,direct_certified,3.380991920353449e-07,,1,1,0.98,False,,,,,0,,True,False,5.0,,,,,,,1
0.0015458586043273215,,,,,,,32,robustness,cpu,3,auto,,float32,,,spcauchy,,,,,,,,,True,,,,,,,,,1,laplace,False,False,,,,,,,1000,direct_certified,0.00021493796311296496,,1,,0.98,False,,,,,0,,True,False,5.0,,,,,,,1
2.432329196722094e-06,,,,,,,32,robustness,cpu,3,auto,vectorized,float32,,,spcauchy,,,,,,,,,False,,,,,,,,,1,direct,False,False,,,,,,,1000,direct_certified,2.8325239499680007e-07,,1,0,0.99,False,,,,,0,,True,False,5.0,,,,,,,1
2.432329196722094e-06,,,,,,,32,robustness,cpu,3,auto,vectorized,float32,,,spcauchy,,,,,,,,,False,,,,,,,,,1,neighbor,False,False,,,,,,,1000,direct_certified,2.8325239499680007e-07,,1,1,0.99,False,,,,,0,,True,False,5.0,,,,,,,1
0.0011287216968725033,,,,,,,32,robustness,cpu,3,auto,,float32,,,spcauchy,,,,,,,,,True,,,,,,,,,1,laplace,False,False,,,,,,,1000,direct_certified,0.00013144319623957447,,1,,0.99,False,,,,,0,,True,False,5.0,,,,,,,1
2.670942901517037e-06,,,,,,,32,robustness,cpu,3,auto,vectorized,float32,,,spcauchy,,,,,,,,,False,,,,,,,,,1,direct,False,False,,,,,,,1000,direct_certified,2.6768122647359473e-07,,1,0,0.995,False,,,,,0,,True,False,5.0,,,,,,,1
2.670942901517037e-06,,,,,,,32,robustness,cpu,3,auto,vectorized,float32,,,spcauchy,,,,,,,,,False,,,,,,,,,1,neighbor,False,False,,,,,,,1000,direct_certified,2.6768122647359473e-07,,1,1,0.995,False,,,,,0,,True,False,5.0,,,,,,,1
0.005952071488739108,,,,,,,32,robustness,cpu,3,auto,,float32,,,spcauchy,,,,,,,,,True,,,,,,,,,1,laplace,False,False,,,,,,,1000,direct_certified,0.0005965151090497905,,1,,0.995,False,,,,,0,,True,False,5.0,,,,,,,1
2.771932675038613e-05,,,,,,,32,robustness,cpu,3,auto,vectorized,float32,,,spcauchy,,,,,,,,,False,,,,,,,,,1,direct,False,False,,,,,,,1000,direct_certified,2.0998197814431916e-06,,1,0,0.999,False,,,,,0,,True,False,5.0,,,,,,,1
2.771932675038613e-05,,,,,,,32,robustness,cpu,3,auto,vectorized,float32,,,spcauchy,,,,,,,,,False,,,,,,,,,1,neighbor,False,False,,,,,,,1000,direct_certified,2.0998197814431916e-06,,1,1,0.999,False,,,,,0,,True,False,5.0,,,,,,,1
0.17471688669131602,,,,,,,32,robustness,cpu,3,auto,,float32,,,spcauchy,,,,,,,,,True,,,,,,,,,1,laplace,False,False,,,,,,,1000,direct_certified,0.013235313329588118,,1,,0.999,False,,,,,0,,True,False,5.0,,,,,,,1
0.0,,,,,,,32,robustness,cpu,4,auto,vectorized,float32,,,spcauchy,,,,,,,,,False,,,,,,,,,1,direct,False,False,,,,,,,1000,direct_certified,0.0,,1,1,0.0,False,,,,,0,,True,False,5.0,,,,,,,1
0.0,,,,,,,32,robustness,cpu,4,auto,vectorized,float32,,,spcauchy,,,,,,,,,False,,,,,,,,,1,neighbor,False,False,,,,,,,1000,direct_certified,0.0,,1,1,0.0,False,,,,,0,,True,False,5.0,,,,,,,1
3.682449460029602e-06,,,,,,,32,robustness,cpu,4,auto,,float32,,,spcauchy,,,,,,,,,True,,,,,,,,,1,laplace,False,False,,,,,,,1000,direct_certified,3682449.460029602,,1,,0.0,False,,,,,0,,True,False,5.0,,,,,,,1
8.846463275466454e-12,,,,,,,32,robustness,cpu,4,auto,vectorized,float32,,,spcauchy,,,,,,,,,False,,,,,,,,,1,direct,False,False,,,,,,,1000,direct_certified,1.965815196339417e-08,,1,1,0.01,False,,,,,0,,True,False,5.0,,,,,,,1
8.846463275466454e-12,,,,,,,32,robustness,cpu,4,auto,vectorized,float32,,,spcauchy,,,,,,,,,False,,,,,,,,,1,neighbor,False,False,,,,,,,1000,direct_certified,1.965815196339417e-08,,1,1,0.01,False,,,,,0,,True,False,5.0,,,,,,,1
8.174770325532405e-05,,,,,,,32,robustness,cpu,4,auto,,float32,,,spcauchy,,,,,,,,,True,,,,,,,,,1,laplace,False,False,,,,,,,1000,direct_certified,0.1816555072023264,,1,,0.01,False,,,,,0,,True,False,5.0,,,,,,,1
2.5951734650142555e-09,,,,,,,32,robustness,cpu,4,auto,vectorized,float32,,,spcauchy,,,,,,,,,False,,,,,,,,,1,direct,False,False,,,,,,,1000,direct_certified,5.747764236571264e-08,,1,1,0.1,False,,,,,0,,True,False,5.0,,,,,,,1
2.5951734650142555e-09,,,,,,,32,robustness,cpu,4,auto,vectorized,float32,,,spcauchy,,,,,,,,,False,,,,,,,,,1,neighbor,False,False,,,,,,,1000,direct_certified,5.747764236571264e-08,,1,1,0.1,False,,,,,0,,True,False,5.0,,,,,,,1
0.007869956282390012,,,,,,,32,robustness,cpu,4,auto,,float32,,,spcauchy,,,,,,,,,True,,,,,,,,,1,laplace,False,False,,,,,,,1000,direct_certified,0.17430300468586277,,1,,0.1,False,,,,,0,,True,False,5.0,,,,,,,1
7.649468891646194e-09,,,,,,,32,robustness,cpu,4,auto,vectorized,float32,,,spcauchy,,,,,,,,,False,,,,,,,,,1,direct,False,False,,,,,,,1000,direct_certified,2.661929564837959e-08,,1,1,0.25,False,,,,,0,,True,False,5.0,,,,,,,1
7.649468891646194e-09,,,,,,,32,robustness,cpu,4,auto,vectorized,float32,,,spcauchy,,,,,,,,,False,,,,,,,,,1,neighbor,False,False,,,,,,,1000,direct_certified,2.661929564837959e-08,,1,1,0.25,False,,,,,0,,True,False,5.0,,,,,,,1
0.04019544293503713,,,,,,,32,robustness,cpu,4,auto,,float32,,,spcauchy,,,,,,,,,True,,,,,,,,,1,laplace,False,False,,,,,,,1000,direct_certified,0.139875642918663,,1,,0.25,False,,,,,0,,True,False,5.0,,,,,,,1
7.113495259503111e-08,,,,,,,32,robustness,cpu,4,auto,vectorized,float32,,,spcauchy,,,,,,,,,False,,,,,,,,,1,direct,False,False,,,,,,,1000,direct_certified,5.7457428969805596e-08,,1,1,0.5,False,,,,,0,,True,False,5.0,,,,,,,1
7.113495259503111e-08,,,,,,,32,robustness,cpu,4,auto,vectorized,float32,,,spcauchy,,,,,,,,,False,,,,,,,,,1,neighbor,False,False,,,,,,,1000,direct_certified,5.7457428969805596e-08,,1,1,0.5,False,,,,,0,,True,False,5.0,,,,,,,1
0.07641177216491313,,,,,,,32,robustness,cpu,4,auto,,float32,,,spcauchy,,,,,,,,,True,,,,,,,,,1,laplace,False,False,,,,,,,1000,direct_certified,0.061719644302246184,,1,,0.5,False,,,,,0,,True,False,5.0,,,,,,,1
1.761116310561306e-07,,,,,,,32,robustness,cpu,4,auto,vectorized,float32,,,spcauchy,,,,,,,,,False,,,,,,,,,1,direct,False,False,,,,,,,1000,direct_certified,5.2985254139606094e-08,,1,1,0.75,False,,,,,0,,True,False,5.0,,,,,,,1
1.761116310561306e-07,,,,,,,32,robustness,cpu,4,auto,vectorized,float32,,,spcauchy,,,,,,,,,False,,,,,,,,,1,neighbor,False,False,,,,,,,1000,direct_certified,5.2985254139606094e-08,,1,1,0.75,False,,,,,0,,True,False,5.0,,,,,,,1
0.0389015051521584,,,,,,,32,robustness,cpu,4,auto,,float32,,,spcauchy,,,,,,,,,True,,,,,,,,,1,laplace,False,False,,,,,,,1000,direct_certified,0.011703975055704058,,1,,0.75,False,,,,,0,,True,False,5.0,,,,,,,1
4.747129995763544e-07,,,,,,,32,robustness,cpu,4,auto,vectorized,float32,,,spcauchy,,,,,,,,,False,,,,,,,,,1,direct,False,False,,,,,,,1000,direct_certified,7.660128578340891e-08,,1,1,0.9,False,,,,,0,,True,False,5.0,,,,,,,1
4.747129995763544e-07,,,,,,,32,robustness,cpu,4,auto,vectorized,float32,,,spcauchy,,,,,,,,,False,,,,,,,,,1,neighbor,False,False,,,,,,,1000,direct_certified,7.660128578340891e-08,,1,1,0.9,False,,,,,0,,True,False,5.0,,,,,,,1
0.008067128918321842,,,,,,,32,robustness,cpu,4,auto,,float32,,,spcauchy,,,,,,,,,True,,,,,,,,,1,laplace,False,False,,,,,,,1000,direct_certified,0.0013017390471199437,,1,,0.9,False,,,,,0,,True,False,5.0,,,,,,,1
1.0460746544538324e-06,,,,,,,32,robustness,cpu,4,auto,vectorized,float32,,,spcauchy,,,,,,,,,False,,,,,,,,,1,direct,False,False,,,,,,,1000,direct_certified,1.2546684688052325e-07,,1,1,0.95,False,,,,,0,,True,False,5.0,,,,,,,1
1.0460746544538324e-06,,,,,,,32,robustness,cpu,4,auto,vectorized,float32,,,spcauchy,,,,,,,,,False,,,,,,,,,1,neighbor,False,False,,,,,,,1000,direct_certified,1.2546684688052325e-07,,1,1,0.95,False,,,,,0,,True,False,5.0,,,,,,,1
0.00238237084272086,,,,,,,32,robustness,cpu,4,auto,,float32,,,spcauchy,,,,,,,,,True,,,,,,,,,1,laplace,False,False,,,,,,,1000,direct_certified,0.00028574304564557573,,1,,0.95,False,,,,,0,,True,False,5.0,,,,,,,1
3.7962772818644908e-06,,,,,,,32,robustness,cpu,4,auto,vectorized,float32,,,spcauchy,,,,,,,,,False,,,,,,,,,1,direct,False,False,,,,,,,1000,direct_certified,3.411654674952544e-07,,1,1,0.98,False,,,,,0,,True,False,5.0,,,,,,,1
3.7962772818644908e-06,,,,,,,32,robustness,cpu,4,auto,vectorized,float32,,,spcauchy,,,,,,,,,False,,,,,,,,,1,neighbor,False,False,,,,,,,1000,direct_certified,3.411654674952544e-07,,1,1,0.98,False,,,,,0,,True,False,5.0,,,,,,,1
0.0005464738032845418,,,,,,,32,robustness,cpu,4,auto,,float32,,,spcauchy,,,,,,,,,False,,,,,,,,,1,laplace,False,False,,,,,,,1000,direct_certified,4.9110741057332316e-05,,1,,0.98,False,,,,,0,,True,False,5.0,,,,,,,1
5.336394348631757e-06,,,,,,,32,robustness,cpu,4,auto,vectorized,float32,,,spcauchy,,,,,,,,,False,,,,,,,,,1,direct,False,False,,,,,,,1000,direct_certified,4.0362232526206927e-07,,1,1,0.99,False,,,,,0,,True,False,5.0,,,,,,,1
5.336394348631757e-06,,,,,,,32,robustness,cpu,4,auto,vectorized,float32,,,spcauchy,,,,,,,,,False,,,,,,,,,1,neighbor,False,False,,,,,,,1000,direct_certified,4.0362232526206927e-07,,1,1,0.99,False,,,,,0,,True,False,5.0,,,,,,,1
0.0022350269461064443,,,,,,,32,robustness,cpu,4,auto,,float32,,,spcauchy,,,,,,,,,True,,,,,,,,,1,laplace,False,False,,,,,,,1000,direct_certified,0.00016904799647015655,,1,,0.99,False,,,,,0,,True,False,5.0,,,,,,,1
5.3856303594557176e-06,,,,,,,32,robustness,cpu,4,auto,vectorized,float32,,,spcauchy,,,,,,,,,False,,,,,,,,,1,direct,False,False,,,,,,,1000,direct_certified,3.5181670682466005e-07,,1,1,0.995,False,,,,,0,,True,False,5.0,,,,,,,1
5.3856303594557176e-06,,,,,,,32,robustness,cpu,4,auto,vectorized,float32,,,spcauchy,,,,,,,,,False,,,,,,,,,1,neighbor,False,False,,,,,,,1000,direct_certified,3.5181670682466005e-07,,1,1,0.995,False,,,,,0,,True,False,5.0,,,,,,,1
0.008765837900867268,,,,,,,32,robustness,cpu,4,auto,,float32,,,spcauchy,,,,,,,,,True,,,,,,,,,1,laplace,False,False,,,,,,,1000,direct_certified,0.0005726290177764048,,1,,0.995,False,,,,,0,,True,False,5.0,,,,,,,1
5.9312396423649716e-05,,,,,,,32,robustness,cpu,4,auto,vectorized,float32,,,spcauchy,,,,,,,,,False,,,,,,,,,1,direct,False,False,,,,,,,1000,direct_certified,2.9446646788411333e-06,,1,1,0.999,False,,,,,0,,True,False,5.0,,,,,,,1
5.9312396423649716e-05,,,,,,,32,robustness,cpu,4,auto,vectorized,float32,,,spcauchy,,,,,,,,,False,,,,,,,,,1,neighbor,False,False,,,,,,,1000,direct_certified,2.9446646788411333e-06,,1,1,0.999,False,,,,,0,,True,False,5.0,,,,,,,1
0.2620657028623654,,,,,,,32,robustness,cpu,4,auto,,float32,,,spcauchy,,,,,,,,,True,,,,,,,,,1,laplace,False,False,,,,,,,1000,direct_certified,0.013010697009146368,,1,,0.999,False,,,,,0,,True,False,5.0,,,,,,,1
0.0,,,,,,,32,robustness,cpu,5,auto,vectorized,float32,,,spcauchy,,,,,,,,,False,,,,,,,,,1,direct,False,False,,,,,,,1000,direct_certified,0.0,,1,0,0.0,False,,,,,0,,True,False,5.0,,,,,,,1
0.0,,,,,,,32,robustness,cpu,5,auto,vectorized,float32,,,spcauchy,,,,,,,,,False,,,,,,,,,1,neighbor,False,False,,,,,,,1000,direct_certified,0.0,,1,2,0.0,False,,,,,0,,True,False,5.0,,,,,,,1
5.757436156272888e-06,,,,,,,32,robustness,cpu,5,auto,,float32,,,spcauchy,,,,,,,,,True,,,,,,,,,1,laplace,False,False,,,,,,,1000,direct_certified,5757436.156272888,,1,,0.0,False,,,,,0,,True,False,5.0,,,,,,,1
2.5997253503586004e-11,,,,,,,32,robustness,cpu,5,auto,vectorized,float32,,,spcauchy,,,,,,,,,False,,,,,,,,,1,direct,False,False,,,,,,,1000,direct_certified,4.061954795701562e-08,,1,0,0.01,False,,,,,0,,True,False,5.0,,,,,,,1
2.5997253503586004e-11,,,,,,,32,robustness,cpu,5,auto,vectorized,float32,,,spcauchy,,,,,,,,,False,,,,,,,,,1,neighbor,False,False,,,,,,,1000,direct_certified,4.061954795701562e-08,,1,2,0.01,False,,,,,0,,True,False,5.0,,,,,,,1
6.427467140773162e-05,,,,,,,32,robustness,cpu,5,auto,,float32,,,spcauchy,,,,,,,,,True,,,,,,,,,1,laplace,False,False,,,,,,,1000,direct_certified,0.10042630454434913,,1,,0.01,False,,,,,0,,True,False,5.0,,,,,,,1
1.0103774761294204e-09,,,,,,,32,robustness,cpu,5,auto,vectorized,float32,,,spcauchy,,,,,,,,,False,,,,,,,,,1,direct,False,False,,,,,,,1000,direct_certified,1.5741844062400804e-08,,1,0,0.1,False,,,,,0,,True,False,5.0,,,,,,,1
1.0103774761294204e-09,,,,,,,32,robustness,cpu,5,auto,vectorized,float32,,,spcauchy,,,,,,,,,False,,,,,,,,,1,neighbor,False,False,,,,,,,1000,direct_certified,1.5741844062400804e-08,,1,2,0.1,False,,,,,0,,True,False,5.0,,,,,,,1
0.0061693777470993305,,,,,,,32,robustness,cpu,5,auto,,float32,,,spcauchy,,,,,,,,,True,,,,,,,,,1,laplace,False,False,,,,,,,1000,direct_certified,0.09611990048404778,,1,,0.1,False,,,,,0,,True,False,5.0,,,,,,,1
1.1671504263066623e-08,,,,,,,32,robustness,cpu,5,auto,vectorized,float32,,,spcauchy,,,,,,,,,False,,,,,,,,,1,direct,False,False,,,,,,,1000,direct_certified,2.864304259391664e-08,,1,0,0.25,False,,,,,0,,True,False,5.0,,,,,,,1
1.1671504263066623e-08,,,,,,,32,robustness,cpu,5,auto,vectorized,float32,,,spcauchy,,,,,,,,,False,,,,,,,,,1,neighbor,False,False,,,,,,,1000,direct_certified,2.864304259391664e-08,,1,2,0.25,False,,,,,0,,True,False,5.0,,,,,,,1
0.03100775505212855,,,,,,,32,robustness,cpu,5,auto,,float32,,,spcauchy,,,,,,,,,True,,,,,,,,,1,laplace,False,False,,,,,,,1000,direct_certified,0.07609614225223217,,1,,0.25,False,,,,,0,,True,False,5.0,,,,,,,1
1.5961642514383811e-06,,,,,,,32,robustness,cpu,5,auto,vectorized,float32,,,spcauchy,,,,,,,,,False,,,,,,,,,1,direct,False,False,,,,,,,1000,direct_certified,9.174388150499786e-07,,1,0,0.5,False,,,,,0,,True,False,5.0,,,,,,,1
1.5961642514383811e-06,,,,,,,32,robustness,cpu,5,auto,vectorized,float32,,,spcauchy,,,,,,,,,False,,,,,,,,,1,neighbor,False,False,,,,,,,1000,direct_certified,9.174388150499786e-07,,1,2,0.5,False,,,,,0,,True,False,5.0,,,,,,,1
0.055378986645196804,,,,,,,32,robustness,cpu,5,auto,,float32,,,spcauchy,,,,,,,,,True,,,,,,,,,1,laplace,False,False,,,,,,,1000,direct_certified,0.03183057873940821,,1,,0.5,False,,,,,0,,True,False,5.0,,,,,,,1
4.56395396675191e-06,,,,,,,32,robustness,cpu,5,auto,vectorized,float32,,,spcauchy,,,,,,,,,False,,,,,,,,,1,direct,False,False,,,,,,,1000,direct_certified,9.92186612213702e-07,,1,0,0.75,False,,,,,0,,True,False,5.0,,,,,,,1
4.56395396675191e-06,,,,,,,32,robustness,cpu,5,auto,vectorized,float32,,,spcauchy,,,,,,,,,False,,,,,,,,,1,neighbor,False,False,,,,,,,1000,direct_certified,9.92186612213702e-07,,1,2,0.75,False,,,,,0,,True,False,5.0,,,,,,,1
0.024813856456189498,,,,,,,32,robustness,cpu,5,auto,,float32,,,spcauchy,,,,,,,,,True,,,,,,,,,1,laplace,False,False,,,,,,,1000,direct_certified,0.005394440073799732,,1,,0.75,False,,,,,0,,True,False,5.0,,,,,,,1
2.42386024318364e-06,,,,,,,32,robustness,cpu,5,auto,vectorized,float32,,,spcauchy,,,,,,,,,False,,,,,,,,,1,direct,False,False,,,,,,,1000,direct_certified,2.8629983007628425e-07,,1,0,0.9,False,,,,,0,,True,False,5.0,,,,,,,1
2.42386024318364e-06,,,,,,,32,robustness,cpu,5,auto,vectorized,float32,,,spcauchy,,,,,,,,,False,,,,,,,,,1,neighbor,False,False,,,,,,,1000,direct_certified,2.8629983007628425e-07,,1,2,0.9,False,,,,,0,,True,False,5.0,,,,,,,1
0.00448270644981541,,,,,,,32,robustness,cpu,5,auto,,float32,,,spcauchy,,,,,,,,,True,,,,,,,,,1,laplace,False,False,,,,,,,1000,direct_certified,0.0005294851873053231,,1,,0.9,False,,,,,0,,True,False,5.0,,,,,,,1
5.280863607737274e-06,,,,,,,32,robustness,cpu,5,auto,vectorized,float32,,,spcauchy,,,,,,,,,False,,,,,,,,,1,direct,False,False,,,,,,,1000,direct_certified,4.662544140483998e-07,,1,0,0.95,False,,,,,0,,True,False,5.0,,,,,,,1
5.280863607737274e-06,,,,,,,32,robustness,cpu,5,auto,vectorized,float32,,,spcauchy,,,,,,,,,False,,,,,,,,,1,neighbor,False,False,,,,,,,1000,direct_certified,4.662544140483998e-07,,1,2,0.95,False,,,,,0,,True,False,5.0,,,,,,,1
0.0014195085651032002,,,,,,,32,robustness,cpu,5,auto,,float32,,,spcauchy,,,,,,,,,True,,,,,,,,,1,laplace,False,False,,,,,,,1000,direct_certified,0.00012533028372275373,,1,,0.95,False,,,,,0,,True,False,5.0,,,,,,,1
8.600660592605891e-07,,,,,,,32,robustness,cpu,5,auto,vectorized,float32,,,spcauchy,,,,,,,,,False,,,,,,,,,1,direct,False,False,,,,,,,1000,direct_certified,5.715498867097919e-08,,1,0,0.98,False,,,,,0,,True,False,5.0,,,,,,,1
8.600660592605891e-07,,,,,,,32,robustness,cpu,5,auto,vectorized,float32,,,spcauchy,,,,,,,,,False,,,,,,,,,1,neighbor,False,False,,,,,,,1000,direct_certified,5.715498867097919e-08,,1,2,0.98,False,,,,,0,,True,False,5.0,,,,,,,1
0.0004282933763235519,,,,,,,32,robustness,cpu,5,auto,,float32,,,spcauchy,,,,,,,,,False,,,,,,,,,1,laplace,False,False,,,,,,,1000,direct_certified,2.846188709350194e-05,,1,,0.98,False,,,,,0,,True,False,5.0,,,,,,,1
1.5239558930346675e-05,,,,,,,32,robustness,cpu,5,auto,vectorized,float32,,,spcauchy,,,,,,,,,False,,,,,,,,,1,direct,False,False,,,,,,,1000,direct_certified,8.542311566709328e-07,,1,0,0.99,False,,,,,0,,True,False,5.0,,,,,,,1
1.5239558930346675e-05,,,,,,,32,robustness,cpu,5,auto,vectorized,float32,,,spcauchy,,,,,,,,,False,,,,,,,,,1,neighbor,False,False,,,,,,,1000,direct_certified,8.542311566709328e-07,,1,2,0.99,False,,,,,0,,True,False,5.0,,,,,,,1
0.0030555532796334717,,,,,,,32,robustness,cpu,5,auto,,float32,,,spcauchy,,,,,,,,,True,,,,,,,,,1,laplace,False,False,,,,,,,1000,direct_certified,0.00017127456406453796,,1,,0.99,False,,,,,0,,True,False,5.0,,,,,,,1
2.0790281531901655e-06,,,,,,,32,robustness,cpu,5,auto,vectorized,float32,,,spcauchy,,,,,,,,,False,,,,,,,,,1,direct,False,False,,,,,,,1000,direct_certified,1.0081327890810473e-07,,1,0,0.995,False,,,,,0,,True,False,5.0,,,,,,,1
2.0790281531901655e-06,,,,,,,32,robustness,cpu,5,auto,vectorized,float32,,,spcauchy,,,,,,,,,False,,,,,,,,,1,neighbor,False,False,,,,,,,1000,direct_certified,1.0081327890810473e-07,,1,2,0.995,False,,,,,0,,True,False,5.0,,,,,,,1
0.011669330615067253,,,,,,,32,robustness,cpu,5,auto,,float32,,,spcauchy,,,,,,,,,True,,,,,,,,,1,laplace,False,False,,,,,,,1000,direct_certified,0.0005658525980817031,,1,,0.995,False,,,,,0,,True,False,5.0,,,,,,,1
6.229485432385218e-05,,,,,,,32,robustness,cpu,5,auto,vectorized,float32,,,spcauchy,,,,,,,,,False,,,,,,,,,1,direct,False,False,,,,,,,1000,direct_certified,2.3013970193643783e-06,,1,0,0.999,False,,,,,0,,True,False,5.0,,,,,,,1
6.229485432385218e-05,,,,,,,32,robustness,cpu,5,auto,vectorized,float32,,,spcauchy,,,,,,,,,False,,,,,,,,,1,neighbor,False,False,,,,,,,1000,direct_certified,2.3013970193643783e-06,,1,2,0.999,False,,,,,0,,True,False,5.0,,,,,,,1
0.3494211951359105,,,,,,,32,robustness,cpu,5,auto,,float32,,,spcauchy,,,,,,,,,True,,,,,,,,,1,laplace,False,False,,,,,,,1000,direct_certified,0.012908881571629558,,1,,0.999,False,,,,,0,,True,False,5.0,,,,,,,1
0.0,,,,,,,32,robustness,cpu,6,auto,vectorized,float32,,,spcauchy,,,,,,,,,False,,,,,,,,,1,direct,False,False,,,,,,,1000,direct_certified,0.0,,1,2,0.0,False,,,,,0,,True,False,5.0,,,,,,,1
0.0,,,,,,,32,robustness,cpu,6,auto,vectorized,float32,,,spcauchy,,,,,,,,,False,,,,,,,,,1,neighbor,False,False,,,,,,,1000,direct_certified,0.0,,1,2,0.0,False,,,,,0,,True,False,5.0,,,,,,,1
7.80331902205944e-06,,,,,,,32,robustness,cpu,6,auto,,float32,,,spcauchy,,,,,,,,,True,,,,,,,,,1,laplace,False,False,,,,,,,1000,direct_certified,7803319.022059441,,1,,0.0,False,,,,,0,,True,False,5.0,,,,,,,1
3.468652318497356e-11,,,,,,,32,robustness,cpu,6,auto,vectorized,float32,,,spcauchy,,,,,,,,,False,,,,,,,,,1,direct,False,False,,,,,,,1000,direct_certified,4.1622787169037227e-08,,1,2,0.01,False,,,,,0,,True,False,5.0,,,,,,,1
3.468652318497356e-11,,,,,,,32,robustness,cpu,6,auto,vectorized,float32,,,spcauchy,,,,,,,,,False,,,,,,,,,1,neighbor,False,False,,,,,,,1000,direct_certified,4.1622787169037227e-08,,1,2,0.01,False,,,,,0,,True,False,5.0,,,,,,,1
5.294310370867203e-05,,,,,,,32,robustness,cpu,6,auto,,float32,,,spcauchy,,,,,,,,,True,,,,,,,,,1,laplace,False,False,,,,,,,1000,direct_certified,0.06353013606993488,,1,,0.01,False,,,,,0,,True,False,5.0,,,,,,,1
6.84855239185822e-09,,,,,,,32,robustness,cpu,6,auto,vectorized,float32,,,spcauchy,,,,,,,,,False,,,,,,,,,1,direct,False,False,,,,,,,1000,direct_certified,8.197603669422557e-08,,1,2,0.1,False,,,,,0,,True,False,5.0,,,,,,,1
6.84855239185822e-09,,,,,,,32,robustness,cpu,6,auto,vectorized,float32,,,spcauchy,,,,,,,,,False,,,,,,,,,1,neighbor,False,False,,,,,,,1000,direct_certified,8.197603669422557e-08,,1,2,0.1,False,,,,,0,,True,False,5.0,,,,,,,1
0.005070031291267707,,,,,,,32,robustness,cpu,6,auto,,float32,,,spcauchy,,,,,,,,,True,,,,,,,,,1,laplace,False,False,,,,,,,1000,direct_certified,0.06068743398501808,,1,,0.1,False,,,,,0,,True,False,5.0,,,,,,,1
4.685552990046915e-08,,,,,,,32,robustness,cpu,6,auto,vectorized,float32,,,spcauchy,,,,,,,,,False,,,,,,,,,1,direct,False,False,,,,,,,1000,direct_certified,8.850713501648043e-08,,1,2,0.25,False,,,,,0,,True,False,5.0,,,,,,,1
4.685552990046915e-08,,,,,,,32,robustness,cpu,6,auto,vectorized,float32,,,spcauchy,,,,,,,,,False,,,,,,,,,1,neighbor,False,False,,,,,,,1000,direct_certified,8.850713501648043e-08,,1,2,0.25,False,,,,,0,,True,False,5.0,,,,,,,1
0.025175822609344367,,,,,,,32,robustness,cpu,6,auto,,float32,,,spcauchy,,,,,,,,,True,,,,,,,,,1,laplace,False,False,,,,,,,1000,direct_certified,0.047555537960395404,,1,,0.25,False,,,,,0,,True,False,5.0,,,,,,,1
2.377675443199223e-07,,,,,,,32,robustness,cpu,6,auto,vectorized,float32,,,spcauchy,,,,,,,,,False,,,,,,,,,1,direct,False,False,,,,,,,1000,direct_certified,1.0587671082689422e-07,,1,2,0.5,False,,,,,0,,True,False,5.0,,,,,,,1
2.377675443199223e-07,,,,,,,32,robustness,cpu,6,auto,vectorized,float32,,,spcauchy,,,,,,,,,False,,,,,,,,,1,neighbor,False,False,,,,,,,1000,direct_certified,1.0587671082689422e-07,,1,2,0.5,False,,,,,0,,True,False,5.0,,,,,,,1
0.04297781055704064,,,,,,,32,robustness,cpu,6,auto,,float32,,,spcauchy,,,,,,,,,True,,,,,,,,,1,laplace,False,False,,,,,,,1000,direct_certified,0.01913780635341139,,1,,0.5,False,,,,,0,,True,False,5.0,,,,,,,1
5.319379647872324e-07,,,,,,,32,robustness,cpu,6,auto,vectorized,float32,,,spcauchy,,,,,,,,,False,,,,,,,,,1,direct,False,False,,,,,,,1000,direct_certified,9.051864404043817e-08,,1,2,0.75,False,,,,,0,,True,False,5.0,,,,,,,1
5.319379647872324e-07,,,,,,,32,robustness,cpu,6,auto,vectorized,float32,,,spcauchy,,,,,,,,,False,,,,,,,,,1,neighbor,False,False,,,,,,,1000,direct_certified,9.051864404043817e-08,,1,2,0.75,False,,,,,0,,True,False,5.0,,,,,,,1
0.017749364640601506,,,,,,,32,robustness,cpu,6,auto,,float32,,,spcauchy,,,,,,,,,True,,,,,,,,,1,laplace,False,False,,,,,,,1000,direct_certified,0.0030203680244728984,,1,,0.75,False,,,,,0,,True,False,5.0,,,,,,,1
1.111622903948728e-06,,,,,,,32,robustness,cpu,6,auto,vectorized,float32,,,spcauchy,,,,,,,,,False,,,,,,,,,1,direct,False,False,,,,,,,1000,direct_certified,1.0359681171585548e-07,,1,2,0.9,False,,,,,0,,True,False,5.0,,,,,,,1
1.111622903948728e-06,,,,,,,32,robustness,cpu,6,auto,vectorized,float32,,,spcauchy,,,,,,,,,False,,,,,,,,,1,neighbor,False,False,,,,,,,1000,direct_certified,1.0359681171585548e-07,,1,2,0.9,False,,,,,0,,True,False,5.0,,,,,,,1
0.0029946953021031675,,,,,,,32,robustness,cpu,6,auto,,float32,,,spcauchy,,,,,,,,,True,,,,,,,,,1,laplace,False,False,,,,,,,1000,direct_certified,0.00027908824499413894,,1,,0.9,False,,,,,0,,True,False,5.0,,,,,,,1
4.6171947687412285e-07,,,,,,,32,robustness,cpu,6,auto,vectorized,float32,,,spcauchy,,,,,,,,,False,,,,,,,,,1,direct,False,False,,,,,,,1000,direct_certified,3.226896162352111e-08,,1,2,0.95,False,,,,,0,,True,False,5.0,,,,,,,1
4.6171947687412285e-07,,,,,,,32,robustness,cpu,6,auto,vectorized,float32,,,spcauchy,,,,,,,,,False,,,,,,,,,1,neighbor,False,False,,,,,,,1000,direct_certified,3.226896162352111e-08,,1,2,0.95,False,,,,,0,,True,False,5.0,,,,,,,1
0.0011038629035589054,,,,,,,32,robustness,cpu,6,auto,,float32,,,spcauchy,,,,,,,,,False,,,,,,,,,1,laplace,False,False,,,,,,,1000,direct_certified,7.71475137105425e-05,,1,,0.95,False,,,,,0,,True,False,5.0,,,,,,,1
6.778113505134797e-06,,,,,,,32,robustness,cpu,6,auto,vectorized,float32,,,spcauchy,,,,,,,,,False,,,,,,,,,1,direct,False,False,,,,,,,1000,direct_certified,3.574644413751215e-07,,1,2,0.98,False,,,,,0,,True,False,5.0,,,,,,,1
6.778113505134797e-06,,,,,,,32,robustness,cpu,6,auto,vectorized,float32,,,spcauchy,,,,,,,,,False,,,,,,,,,1,neighbor,False,False,,,,,,,1000,direct_certified,3.574644413751215e-07,,1,2,0.98,False,,,,,0,,True,False,5.0,,,,,,,1
0.0004261900261433027,,,,,,,32,robustness,cpu,6,auto,,float32,,,spcauchy,,,,,,,,,False,,,,,,,,,1,laplace,False,False,,,,,,,1000,direct_certified,2.2476427917524873e-05,,1,,0.98,False,,,,,0,,True,False,5.0,,,,,,,1
7.323043316631583e-06,,,,,,,32,robustness,cpu,6,auto,vectorized,float32,,,spcauchy,,,,,,,,,False,,,,,,,,,1,direct,False,False,,,,,,,1000,direct_certified,3.261654348973918e-07,,1,2,0.99,False,,,,,0,,True,False,5.0,,,,,,,1
7.323043316631583e-06,,,,,,,32,robustness,cpu,6,auto,vectorized,float32,,,spcauchy,,,,,,,,,False,,,,,,,,,1,neighbor,False,False,,,,,,,1000,direct_certified,3.261654348973918e-07,,1,2,0.99,False,,,,,0,,True,False,5.0,,,,,,,1
0.0038487231898010066,,,,,,,32,robustness,cpu,6,auto,,float32,,,spcauchy,,,,,,,,,True,,,,,,,,,1,laplace,False,False,,,,,,,1000,direct_certified,0.00017142059915856655,,1,,0.99,False,,,,,0,,True,False,5.0,,,,,,,1
8.207561020157073e-06,,,,,,,32,robustness,cpu,6,auto,vectorized,float32,,,spcauchy,,,,,,,,,False,,,,,,,,,1,direct,False,False,,,,,,,1000,direct_certified,3.1652695087514543e-07,,1,2,0.995,False,,,,,0,,True,False,5.0,,,,,,,1
8.207561020157073e-06,,,,,,,32,robustness,cpu,6,auto,vectorized,float32,,,spcauchy,,,,,,,,,False,,,,,,,,,1,neighbor,False,False,,,,,,,1000,direct_certified,3.1652695087514543e-07,,1,2,0.995,False,,,,,0,,True,False,5.0,,,,,,,1
0.014580351115707657,,,,,,,32,robustness,cpu,6,auto,,float32,,,spcauchy,,,,,,,,,True,,,,,,,,,1,laplace,False,False,,,,,,,1000,direct_certified,0.0005622954334435943,,1,,0.995,False,,,,,0,,True,False,5.0,,,,,,,1
9.98832115826076e-05,,,,,,,32,robustness,cpu,6,auto,vectorized,float32,,,spcauchy,,,,,,,,,False,,,,,,,,,1,direct,False,False,,,,,,,1000,direct_certified,2.938847161658683e-06,,1,2,0.999,False,,,,,0,,True,False,5.0,,,,,,,1
9.98832115826076e-05,,,,,,,32,robustness,cpu,6,auto,vectorized,float32,,,spcauchy,,,,,,,,,False,,,,,,,,,1,neighbor,False,False,,,,,,,1000,direct_certified,2.938847161658683e-06,,1,2,0.999,False,,,,,0,,True,False,5.0,,,,,,,1
0.4367745064368549,,,,,,,32,robustness,cpu,6,auto,,float32,,,spcauchy,,,,,,,,,True,,,,,,,,,1,laplace,False,False,,,,,,,1000,direct_certified,0.012851143832767342,,1,,0.999,False,,,,,0,,True,False,5.0,,,,,,,1
0.0,,,,,,,32,robustness,cpu,7,auto,vectorized,float32,,,spcauchy,,,,,,,,,False,,,,,,,,,1,direct,False,False,,,,,,,1000,direct_certified,0.0,,1,22,0.0,False,,,,,0,,True,False,5.0,,,,,,,1
0.0,,,,,,,32,robustness,cpu,7,auto,vectorized,float32,,,spcauchy,,,,,,,,,False,,,,,,,,,1,neighbor,False,False,,,,,,,1000,direct_certified,0.0,,1,3,0.0,False,,,,,0,,True,False,5.0,,,,,,,1
9.836163371801376e-06,,,,,,,32,robustness,cpu,7,auto,,float32,,,spcauchy,,,,,,,,,True,,,,,,,,,1,laplace,False,False,,,,,,,1000,direct_certified,9836163.371801376,,1,,0.0,False,,,,,0,,True,False,5.0,,,,,,,1
7.608249945854906e-11,,,,,,,32,robustness,cpu,7,auto,vectorized,float32,,,spcauchy,,,,,,,,,False,,,,,,,,,1,direct,False,False,,,,,,,1000,direct_certified,7.39674528276881e-08,,1,22,0.01,False,,,,,0,,True,False,5.0,,,,,,,1
5.949226273580053e-07,,,,,,,32,robustness,cpu,7,auto,vectorized,float32,,,spcauchy,,,,,,,,,True,,,,,,,,,1,neighbor,False,False,,,,,,,1000,direct_certified,0.0005783841446902266,,1,3,0.01,False,,,,,0,,True,False,5.0,,,,,,,1
4.499471438393159e-05,,,,,,,32,robustness,cpu,7,auto,,float32,,,spcauchy,,,,,,,,,True,,,,,,,,,1,laplace,False,False,,,,,,,1000,direct_certified,0.043743889033272164,,1,,0.01,False,,,,,0,,True,False,5.0,,,,,,,1
2.6874403119547807e-09,,,,,,,32,robustness,cpu,7,auto,vectorized,float32,,,spcauchy,,,,,,,,,False,,,,,,,,,1,direct,False,False,,,,,,,1000,direct_certified,2.6069438120540105e-08,,1,22,0.1,False,,,,,0,,True,False,5.0,,,,,,,1
5.764782951871161e-05,,,,,,,32,robustness,cpu,7,auto,vectorized,float32,,,spcauchy,,,,,,,,,True,,,,,,,,,1,neighbor,False,False,,,,,,,1000,direct_certified,0.0005592111265639096,,1,3,0.1,False,,,,,0,,True,False,5.0,,,,,,,1
0.004302014703287685,,,,,,,32,robustness,cpu,7,auto,,float32,,,spcauchy,,,,,,,,,True,,,,,,,,,1,laplace,False,False,,,,,,,1000,direct_certified,0.04173157096815145,,1,,0.1,False,,,,,0,,True,False,5.0,,,,,,,1
6.36082422289519e-08,,,,,,,32,robustness,cpu,7,auto,vectorized,float32,,,spcauchy,,,,,,,,,False,,,,,,,,,1,direct,False,False,,,,,,,1000,direct_certified,9.75124850835299e-08,,1,22,0.25,False,,,,,0,,True,False,5.0,,,,,,,1
0.0003012458782922778,,,,,,,32,robustness,cpu,7,auto,vectorized,float32,,,spcauchy,,,,,,,,,True,,,,,,,,,1,neighbor,False,False,,,,,,,1000,direct_certified,0.00046181490297620873,,1,3,0.25,False,,,,,0,,True,False,5.0,,,,,,,1
0.02116220789139156,,,,,,,32,robustness,cpu,7,auto,,float32,,,spcauchy,,,,,,,,,True,,,,,,,,,1,laplace,False,False,,,,,,,1000,direct_certified,0.03244201394398257,,1,,0.25,False,,,,,0,,True,False,5.0,,,,,,,1
1.0657052662566002e-07,,,,,,,32,robustness,cpu,7,auto,vectorized,float32,,,spcauchy,,,,,,,,,False,,,,,,,,,1,direct,False,False,,,,,,,1000,direct_certified,3.870274976326012e-08,,1,22,0.5,False,,,,,0,,True,False,5.0,,,,,,,1
0.0005224816773381491,,,,,,,32,robustness,cpu,7,auto,vectorized,float32,,,spcauchy,,,,,,,,,True,,,,,,,,,1,neighbor,False,False,,,,,,,1000,direct_certified,0.00018974737438369642,,1,3,0.5,False,,,,,0,,True,False,5.0,,,,,,,1
0.034925831082061265,,,,,,,32,robustness,cpu,7,auto,,float32,,,spcauchy,,,,,,,,,True,,,,,,,,,1,laplace,False,False,,,,,,,1000,direct_certified,0.01268386057048386,,1,,0.5,False,,,,,0,,True,False,5.0,,,,,,,1
3.650328599391628e-07,,,,,,,32,robustness,cpu,7,auto,vectorized,float32,,,spcauchy,,,,,,,,,False,,,,,,,,,1,direct,False,False,,,,,,,1000,direct_certified,5.1033830647059345e-08,,1,22,0.75,False,,,,,0,,True,False,5.0,,,,,,,1
0.0002778842589341579,,,,,,,32,robustness,cpu,7,auto,vectorized,float32,,,spcauchy,,,,,,,,,False,,,,,,,,,1,neighbor,False,False,,,,,,,1000,direct_certified,3.8849922202327e-05,,1,3,0.75,False,,,,,0,,True,False,5.0,,,,,,,1
0.013661272778221267,,,,,,,32,robustness,cpu,7,auto,,float32,,,spcauchy,,,,,,,,,True,,,,,,,,,1,laplace,False,False,,,,,,,1000,direct_certified,0.0019099296471644248,,1,,0.75,False,,,,,0,,True,False,5.0,,,,,,,1
1.3184546716615841e-06,,,,,,,32,robustness,cpu,7,auto,vectorized,float32,,,spcauchy,,,,,,,,,False,,,,,,,,,1,direct,False,False,,,,,,,1000,direct_certified,1.0148648063969198e-07,,1,22,0.9,False,,,,,0,,True,False,5.0,,,,,,,1
0.0009359192847497866,,,,,,,32,robustness,cpu,7,auto,vectorized,float32,,,spcauchy,,,,,,,,,False,,,,,,,,,1,neighbor,False,False,,,,,,,1000,direct_certified,7.204127408670861e-05,,1,3,0.9,False,,,,,0,,True,False,5.0,,,,,,,1
0.002219564914632599,,,,,,,32,robustness,cpu,7,auto,,float32,,,spcauchy,,,,,,,,,True,,,,,,,,,1,laplace,False,False,,,,,,,1000,direct_certified,0.00017084837012524816,,1,,0.9,False,,,,,0,,True,False,5.0,,,,,,,1
2.1262417320144777e-06,,,,,,,32,robustness,cpu,7,auto,vectorized,float32,,,spcauchy,,,,,,,,,False,,,,,,,,,1,direct,False,False,,,,,,,1000,direct_certified,1.2299458400723604e-07,,1,22,0.95,False,,,,,0,,True,False,5.0,,,,,,,1
0.0010587973843101395,,,,,,,32,robustness,cpu,7,auto,vectorized,float32,,,spcauchy,,,,,,,,,False,,,,,,,,,1,neighbor,False,False,,,,,,,1000,direct_certified,6.124719587165384e-05,,1,3,0.95,False,,,,,0,,True,False,5.0,,,,,,,1
0.000984410787630452,,,,,,,32,robustness,cpu,7,auto,,float32,,,spcauchy,,,,,,,,,False,,,,,,,,,1,laplace,False,False,,,,,,,1000,direct_certified,5.6944228632992796e-05,,1,,0.95,False,,,,,0,,True,False,5.0,,,,,,,1
5.878875189324617e-06,,,,,,,32,robustness,cpu,7,auto,vectorized,float32,,,spcauchy,,,,,,,,,False,,,,,,,,,1,direct,False,False,,,,,,,1000,direct_certified,2.570377949388602e-07,,1,22,0.98,False,,,,,0,,True,False,5.0,,,,,,,1
0.0010851245427794254,,,,,,,32,robustness,cpu,7,auto,vectorized,float32,,,spcauchy,,,,,,,,,False,,,,,,,,,1,neighbor,False,False,,,,,,,1000,direct_certified,4.74441131556163e-05,,1,3,0.98,False,,,,,0,,True,False,5.0,,,,,,,1
0.0004595141912169254,,,,,,,32,robustness,cpu,7,auto,,float32,,,spcauchy,,,,,,,,,False,,,,,,,,,1,laplace,False,False,,,,,,,1000,direct_certified,2.0091005617535718e-05,,1,,0.98,False,,,,,0,,True,False,5.0,,,,,,,1
1.0019278875006421e-05,,,,,,,32,robustness,cpu,7,auto,vectorized,float32,,,spcauchy,,,,,,,,,False,,,,,,,,,1,direct,False,False,,,,,,,1000,direct_certified,3.702608301890785e-07,,1,22,0.99,False,,,,,0,,True,False,5.0,,,,,,,1
0.0010886135336249936,,,,,,,32,robustness,cpu,7,auto,vectorized,float32,,,spcauchy,,,,,,,,,False,,,,,,,,,1,neighbor,False,False,,,,,,,1000,direct_certified,4.0229537049870575e-05,,1,3,0.99,False,,,,,0,,True,False,5.0,,,,,,,1
0.004631525016179694,,,,,,,32,robustness,cpu,7,auto,,float32,,,spcauchy,,,,,,,,,True,,,,,,,,,1,laplace,False,False,,,,,,,1000,direct_certified,0.0001711572578152317,,1,,0.99,False,,,,,0,,True,False,5.0,,,,,,,1
8.886086781956237e-06,,,,,,,32,robustness,cpu,7,auto,vectorized,float32,,,spcauchy,,,,,,,,,False,,,,,,,,,1,direct,False,False,,,,,,,1000,direct_certified,2.8450203497603925e-07,,1,22,0.995,False,,,,,0,,True,False,5.0,,,,,,,1
0.0011075188992819562,,,,,,,32,robustness,cpu,7,auto,vectorized,float32,,,spcauchy,,,,,,,,,False,,,,,,,,,1,neighbor,False,False,,,,,,,1000,direct_certified,3.545895829646326e-05,,1,3,0.995,False,,,,,0,,True,False,5.0,,,,,,,1
0.017493551003774144,,,,,,,32,robustness,cpu,7,auto,,float32,,,spcauchy,,,,,,,,,True,,,,,,,,,1,laplace,False,False,,,,,,,1000,direct_certified,0.0005600835307659714,,1,,0.995,False,,,,,0,,True,False,5.0,,,,,,,1
0.00011822561023677736,,,,,,,32,robustness,cpu,7,auto,vectorized,float32,,,spcauchy,,,,,,,,,False,,,,,,,,,1,direct,False,False,,,,,,,1000,direct_certified,2.890430958587491e-06,,1,22,0.999,False,,,,,0,,True,False,5.0,,,,,,,1
0.0009804072022632226,,,,,,,32,robustness,cpu,7,auto,vectorized,float32,,,spcauchy,,,,,,,,,False,,,,,,,,,1,neighbor,False,False,,,,,,,1000,direct_certified,2.3969420193884818e-05,,1,3,0.999,False,,,,,0,,True,False,5.0,,,,,,,1
0.5241279902100757,,,,,,,32,robustness,cpu,7,auto,,float32,,,spcauchy,,,,,,,,,True,,,,,,,,,1,laplace,False,False,,,,,,,1000,direct_certified,0.012814108264117679,,1,,0.999,False,,,,,0,,True,False,5.0,,,,,,,1
0.0,,,,,,,32,robustness,cpu,8,auto,vectorized,float32,,,spcauchy,,,,,,,,,False,,,,,,,,,1,direct,False,False,,,,,,,1000,direct_certified,0.0,,1,3,0.0,False,,,,,0,,True,False,5.0,,,,,,,1
0.0,,,,,,,32,robustness,cpu,8,auto,vectorized,float32,,,spcauchy,,,,,,,,,False,,,,,,,,,1,neighbor,False,False,,,,,,,1000,direct_certified,0.0,,1,3,0.0,False,,,,,0,,True,False,5.0,,,,,,,1
1.1858530342578888e-05,,,,,,,32,robustness,cpu,8,auto,,float32,,,spcauchy,,,,,,,,,True,,,,,,,,,1,laplace,False,False,,,,,,,1000,direct_certified,11858530.342578888,,1,,0.0,False,,,,,0,,True,False,5.0,,,,,,,1
4.0703959300336656e-11,,,,,,,32,robustness,cpu,8,auto,vectorized,float32,,,spcauchy,,,,,,,,,False,,,,,,,,,1,direct,False,False,,,,,,,1000,direct_certified,3.3227057270221574e-08,,1,3,0.01,False,,,,,0,,True,False,5.0,,,,,,,1
4.0703959300336656e-11,,,,,,,32,robustness,cpu,8,auto,vectorized,float32,,,spcauchy,,,,,,,,,False,,,,,,,,,1,neighbor,False,False,,,,,,,1000,direct_certified,3.3227057270221574e-08,,1,3,0.01,False,,,,,0,,True,False,5.0,,,,,,,1
3.9132352644152477e-05,,,,,,,32,robustness,cpu,8,auto,,float32,,,spcauchy,,,,,,,,,True,,,,,,,,,1,laplace,False,False,,,,,,,1000,direct_certified,0.031944138722028614,,1,,0.01,False,,,,,0,,True,False,5.0,,,,,,,1
1.3228116435559656e-08,,,,,,,32,robustness,cpu,8,auto,vectorized,float32,,,spcauchy,,,,,,,,,False,,,,,,,,,1,direct,False,False,,,,,,,1000,direct_certified,1.077669192673606e-07,,1,3,0.1,False,,,,,0,,True,False,5.0,,,,,,,1
1.3228116435559656e-08,,,,,,,32,robustness,cpu,8,auto,vectorized,float32,,,spcauchy,,,,,,,,,False,,,,,,,,,1,neighbor,False,False,,,,,,,1000,direct_certified,1.077669192673606e-07,,1,3,0.1,False,,,,,0,,True,False,5.0,,,,,,,1
0.0037354396622796826,,,,,,,32,robustness,cpu,8,auto,,float32,,,spcauchy,,,,,,,,,True,,,,,,,,,1,laplace,False,False,,,,,,,1000,direct_certified,0.030431908161228694,,1,,0.1,False,,,,,0,,True,False,5.0,,,,,,,1
1.9541888107710292e-09,,,,,,,32,robustness,cpu,8,auto,vectorized,float32,,,spcauchy,,,,,,,,,False,,,,,,,,,1,direct,False,False,,,,,,,1000,direct_certified,2.5188637310752525e-09,,1,3,0.25,False,,,,,0,,True,False,5.0,,,,,,,1
1.9541888107710292e-09,,,,,,,32,robustness,cpu,8,auto,vectorized,float32,,,spcauchy,,,,,,,,,False,,,,,,,,,1,neighbor,False,False,,,,,,,1000,direct_certified,2.5188637310752525e-09,,1,3,0.25,False,,,,,0,,True,False,5.0,,,,,,,1
0.01823789076720761,,,,,,,32,robustness,cpu,8,auto,,float32,,,spcauchy,,,,,,,,,True,,,,,,,,,1,laplace,False,False,,,,,,,1000,direct_certified,0.023507841888986268,,1,,0.25,False,,,,,0,,True,False,5.0,,,,,,,1
3.270059290017002e-08,,,,,,,32,robustness,cpu,8,auto,vectorized,float32,,,spcauchy,,,,,,,,,False,,,,,,,,,1,direct,False,False,,,,,,,1000,direct_certified,1.002325495882342e-08,,1,3,0.5,False,,,,,0,,True,False,5.0,,,,,,,1
3.270059290017002e-08,,,,,,,32,robustness,cpu,8,auto,vectorized,float32,,,spcauchy,,,,,,,,,False,,,,,,,,,1,neighbor,False,False,,,,,,,1000,direct_certified,1.002325495882342e-08,,1,3,0.5,False,,,,,0,,True,False,5.0,,,,,,,1
0.029325517930085088,,,,,,,32,robustness,cpu,8,auto,,float32,,,spcauchy,,,,,,,,,True,,,,,,,,,1,laplace,False,False,,,,,,,1000,direct_certified,0.008988740476667693,,1,,0.5,False,,,,,0,,True,False,5.0,,,,,,,1
1.7250856032546835e-07,,,,,,,32,robustness,cpu,8,auto,vectorized,float32,,,spcauchy,,,,,,,,,False,,,,,,,,,1,direct,False,False,,,,,,,1000,direct_certified,2.046750299360847e-08,,1,3,0.75,False,,,,,0,,True,False,5.0,,,,,,,1
1.7250856032546835e-07,,,,,,,32,robustness,cpu,8,auto,vectorized,float32,,,spcauchy,,,,,,,,,False,,,,,,,,,1,neighbor,False,False,,,,,,,1000,direct_certified,2.046750299360847e-08,,1,3,0.75,False,,,,,0,,True,False,5.0,,,,,,,1
0.011042767418228294,,,,,,,32,robustness,cpu,8,auto,,float32,,,spcauchy,,,,,,,,,True,,,,,,,,,1,laplace,False,False,,,,,,,1000,direct_certified,0.0013101835338715157,,1,,0.75,False,,,,,0,,True,False,5.0,,,,,,,1
1.549362885100436e-06,,,,,,,32,robustness,cpu,8,auto,vectorized,float32,,,spcauchy,,,,,,,,,False,,,,,,,,,1,direct,False,False,,,,,,,1000,direct_certified,1.0159280371367126e-07,,1,3,0.9,False,,,,,0,,True,False,5.0,,,,,,,1
1.549362885100436e-06,,,,,,,32,robustness,cpu,8,auto,vectorized,float32,,,spcauchy,,,,,,,,,False,,,,,,,,,1,neighbor,False,False,,,,,,,1000,direct_certified,1.0159280371367126e-07,,1,3,0.9,False,,,,,0,,True,False,5.0,,,,,,,1
0.001750588059174163,,,,,,,32,robustness,cpu,8,auto,,float32,,,spcauchy,,,,,,,,,True,,,,,,,,,1,laplace,False,False,,,,,,,1000,direct_certified,0.00011478727855782391,,1,,0.9,False,,,,,0,,True,False,5.0,,,,,,,1
3.1361859136325165e-06,,,,,,,32,robustness,cpu,8,auto,vectorized,float32,,,spcauchy,,,,,,,,,False,,,,,,,,,1,direct,False,False,,,,,,,1000,direct_certified,1.547665744970974e-07,,1,3,0.95,False,,,,,0,,True,False,5.0,,,,,,,1
3.1361859136325165e-06,,,,,,,32,robustness,cpu,8,auto,vectorized,float32,,,spcauchy,,,,,,,,,False,,,,,,,,,1,neighbor,False,False,,,,,,,1000,direct_certified,1.547665744970974e-07,,1,3,0.95,False,,,,,0,,True,False,5.0,,,,,,,1
0.0009415517132573825,,,,,,,32,robustness,cpu,8,auto,,float32,,,spcauchy,,,,,,,,,False,,,,,,,,,1,laplace,False,False,,,,,,,1000,direct_certified,4.646431601496991e-05,,1,,0.95,False,,,,,0,,True,False,5.0,,,,,,,1
8.442768521632615e-06,,,,,,,32,robustness,cpu,8,auto,vectorized,float32,,,spcauchy,,,,,,,,,False,,,,,,,,,1,direct,False,False,,,,,,,1000,direct_certified,3.152704835260474e-07,,1,3,0.98,False,,,,,0,,True,False,5.0,,,,,,,1
8.442768521632615e-06,,,,,,,32,robustness,cpu,8,auto,vectorized,float32,,,spcauchy,,,,,,,,,False,,,,,,,,,1,neighbor,False,False,,,,,,,1000,direct_certified,3.152704835260474e-07,,1,3,0.98,False,,,,,0,,True,False,5.0,,,,,,,1
0.0005046340137049299,,,,,,,32,robustness,cpu,8,auto,,float32,,,spcauchy,,,,,,,,,False,,,,,,,,,1,laplace,False,False,,,,,,,1000,direct_certified,1.884408048104085e-05,,1,,0.98,False,,,,,0,,True,False,5.0,,,,,,,1
1.1087837037848658e-05,,,,,,,32,robustness,cpu,8,auto,vectorized,float32,,,spcauchy,,,,,,,,,False,,,,,,,,,1,direct,False,False,,,,,,,1000,direct_certified,3.5014973346430855e-07,,1,3,0.99,False,,,,,0,,True,False,5.0,,,,,,,1
1.1087837037848658e-05,,,,,,,32,robustness,cpu,8,auto,vectorized,float32,,,spcauchy,,,,,,,,,False,,,,,,,,,1,neighbor,False,False,,,,,,,1000,direct_certified,3.5014973346430855e-07,,1,3,0.99,False,,,,,0,,True,False,5.0,,,,,,,1
0.005410791816530036,,,,,,,32,robustness,cpu,8,auto,,float32,,,spcauchy,,,,,,,,,True,,,,,,,,,1,laplace,False,False,,,,,,,1000,direct_certified,0.00017087077542009542,,1,,0.99,False,,,,,0,,True,False,5.0,,,,,,,1
1.248204287662702e-05,,,,,,,32,robustness,cpu,8,auto,vectorized,float32,,,spcauchy,,,,,,,,,False,,,,,,,,,1,direct,False,False,,,,,,,1000,direct_certified,3.416424533966322e-07,,1,3,0.995,False,,,,,0,,True,False,5.0,,,,,,,1
1.248204287662702e-05,,,,,,,32,robustness,cpu,8,auto,vectorized,float32,,,spcauchy,,,,,,,,,False,,,,,,,,,1,neighbor,False,False,,,,,,,1000,direct_certified,3.416424533966322e-07,,1,3,0.995,False,,,,,0,,True,False,5.0,,,,,,,1
0.020405853624907877,,,,,,,32,robustness,cpu,8,auto,,float32,,,spcauchy,,,,,,,,,True,,,,,,,,,1,laplace,False,False,,,,,,,1000,direct_certified,0.00055852282875269,,1,,0.995,False,,,,,0,,True,False,5.0,,,,,,,1
0.000138269123056034,,,,,,,32,robustness,cpu,8,auto,vectorized,float32,,,spcauchy,,,,,,,,,False,,,,,,,,,1,direct,False,False,,,,,,,1000,direct_certified,2.8917263257706537e-06,,1,3,0.999,False,,,,,0,,True,False,5.0,,,,,,,1
0.000138269123056034,,,,,,,32,robustness,cpu,8,auto,vectorized,float32,,,spcauchy,,,,,,,,,False,,,,,,,,,1,neighbor,False,False,,,,,,,1000,direct_certified,2.8917263257706537e-06,,1,3,0.999,False,,,,,0,,True,False,5.0,,,,,,,1
0.6114874022636627,,,,,,,32,robustness,cpu,8,auto,,float32,,,spcauchy,,,,,,,,,True,,,,,,,,,1,laplace,False,False,,,,,,,1000,direct_certified,0.012788496664482008,,1,,0.999,False,,,,,0,,True,False,5.0,,,,,,,1
0.0,,,,,,,32,robustness,cpu,9,auto,vectorized,float32,,,spcauchy,,,,,,,,,False,,,,,,,,,1,direct,False,False,,,,,,,1000,direct_certified,0.0,,1,13,0.0,False,,,,,0,,True,False,5.0,,,,,,,1
0.0,,,,,,,32,robustness,cpu,9,auto,vectorized,float32,,,spcauchy,,,,,,,,,False,,,,,,,,,1,neighbor,False,False,,,,,,,1000,direct_certified,0.0,,1,4,0.0,False,,,,,0,,True,False,5.0,,,,,,,1
1.387670636177063e-05,,,,,,,32,robustness,cpu,9,auto,,float32,,,spcauchy,,,,,,,,,True,,,,,,,,,1,laplace,False,False,,,,,,,1000,direct_certified,13876706.36177063,,1,,0.0,False,,,,,0,,True,False,5.0,,,,,,,1
1.4570510596667585e-12,,,,,,,32,robustness,cpu,9,auto,vectorized,float32,,,spcauchy,,,,,,,,,False,,,,,,,,,1,direct,False,False,,,,,,,1000,direct_certified,1.0244703975159487e-09,,1,13,0.01,False,,,,,0,,True,False,5.0,,,,,,,1
2.7753267018435293e-07,,,,,,,32,robustness,cpu,9,auto,vectorized,float32,,,spcauchy,,,,,,,,,True,,,,,,,,,1,neighbor,False,False,,,,,,,1000,direct_certified,0.00019513661038924357,,1,4,0.01,False,,,,,0,,True,False,5.0,,,,,,,1
3.460724983783128e-05,,,,,,,32,robustness,cpu,9,auto,,float32,,,spcauchy,,,,,,,,,True,,,,,,,,,1,laplace,False,False,,,,,,,1000,direct_certified,0.02433278007869227,,1,,0.01,False,,,,,0,,True,False,5.0,,,,,,,1
1.3783631125363627e-08,,,,,,,32,robustness,cpu,9,auto,vectorized,float32,,,spcauchy,,,,,,,,,False,,,,,,,,,1,direct,False,False,,,,,,,1000,direct_certified,9.673829307954813e-08,,1,13,0.1,False,,,,,0,,True,False,5.0,,,,,,,1
2.6716664490500364e-05,,,,,,,32,robustness,cpu,9,auto,vectorized,float32,,,spcauchy,,,,,,,,,True,,,,,,,,,1,neighbor,False,False,,,,,,,1000,direct_certified,0.00018750679672746958,,1,4,0.1,False,,,,,0,,True,False,5.0,,,,,,,1
0.0033003102987434474,,,,,,,32,robustness,cpu,9,auto,,float32,,,spcauchy,,,,,,,,,True,,,,,,,,,1,laplace,False,False,,,,,,,1000,direct_certified,0.023162719752838137,,1,,0.1,False,,,,,0,,True,False,5.0,,,,,,,1
1.6310327866086993e-08,,,,,,,32,robustness,cpu,9,auto,vectorized,float32,,,spcauchy,,,,,,,,,False,,,,,,,,,1,direct,False,False,,,,,,,1000,direct_certified,1.8128105178370176e-08,,1,13,0.25,False,,,,,0,,True,False,5.0,,,,,,,1
0.000134126761072495,,,,,,,32,robustness,cpu,9,auto,vectorized,float32,,,spcauchy,,,,,,,,,True,,,,,,,,,1,neighbor,False,False,,,,,,,1000,direct_certified,0.00014907511681674414,,1,4,0.25,False,,,,,0,,True,False,5.0,,,,,,,1
0.016015632531530044,,,,,,,32,robustness,cpu,9,auto,,float32,,,spcauchy,,,,,,,,,True,,,,,,,,,1,laplace,False,False,,,,,,,1000,direct_certified,0.01780056620648162,,1,,0.25,False,,,,,0,,True,False,5.0,,,,,,,1
3.883134924720366e-07,,,,,,,32,robustness,cpu,9,auto,vectorized,float32,,,spcauchy,,,,,,,,,False,,,,,,,,,1,direct,False,False,,,,,,,1000,direct_certified,1.0294673146549075e-07,,1,13,0.5,False,,,,,0,,True,False,5.0,,,,,,,1
0.0001868316423498939,,,,,,,32,robustness,cpu,9,auto,vectorized,float32,,,spcauchy,,,,,,,,,False,,,,,,,,,1,neighbor,False,False,,,,,,,1000,direct_certified,4.9531389681588786e-05,,1,4,0.5,False,,,,,0,,True,False,5.0,,,,,,,1
0.025227635215560262,,,,,,,32,robustness,cpu,9,auto,,float32,,,spcauchy,,,,,,,,,True,,,,,,,,,1,laplace,False,False,,,,,,,1000,direct_certified,0.006688159537059258,,1,,0.5,False,,,,,0,,True,False,5.0,,,,,,,1
4.103569128943718e-07,,,,,,,32,robustness,cpu,9,auto,vectorized,float32,,,spcauchy,,,,,,,,,False,,,,,,,,,1,direct,False,False,,,,,,,1000,direct_certified,4.228920172287532e-08,,1,13,0.75,False,,,,,0,,True,False,5.0,,,,,,,1
0.00019032450636835563,,,,,,,32,robustness,cpu,9,auto,vectorized,float32,,,spcauchy,,,,,,,,,False,,,,,,,,,1,neighbor,False,False,,,,,,,1000,direct_certified,1.961383173942005e-05,,1,4,0.75,False,,,,,0,,True,False,5.0,,,,,,,1
0.009240693769063668,,,,,,,32,robustness,cpu,9,auto,,float32,,,spcauchy,,,,,,,,,True,,,,,,,,,1,laplace,False,False,,,,,,,1000,direct_certified,0.0009522967703966519,,1,,0.75,False,,,,,0,,True,False,5.0,,,,,,,1
1.49833747542516e-06,,,,,,,32,robustness,cpu,9,auto,vectorized,float32,,,spcauchy,,,,,,,,,False,,,,,,,,,1,direct,False,False,,,,,,,1000,direct_certified,8.557640968446583e-08,,1,13,0.9,False,,,,,0,,True,False,5.0,,,,,,,1
0.00042683708259261266,,,,,,,32,robustness,cpu,9,auto,vectorized,float32,,,spcauchy,,,,,,,,,False,,,,,,,,,1,neighbor,False,False,,,,,,,1000,direct_certified,2.437847657658222e-05,,1,4,0.9,False,,,,,0,,True,False,5.0,,,,,,,1
0.0014396392066160502,,,,,,,32,robustness,cpu,9,auto,,float32,,,spcauchy,,,,,,,,,False,,,,,,,,,1,laplace,False,False,,,,,,,1000,direct_certified,8.222390253453158e-05,,1,,0.9,False,,,,,0,,True,False,5.0,,,,,,,1
2.4708464536615793e-06,,,,,,,32,robustness,cpu,9,auto,vectorized,float32,,,spcauchy,,,,,,,,,False,,,,,,,,,1,direct,False,False,,,,,,,1000,direct_certified,1.0632185150998219e-07,,1,13,0.95,False,,,,,0,,True,False,5.0,,,,,,,1
0.0004640492155942866,,,,,,,32,robustness,cpu,9,auto,vectorized,float32,,,spcauchy,,,,,,,,,False,,,,,,,,,1,neighbor,False,False,,,,,,,1000,direct_certified,1.9968287272818586e-05,,1,4,0.95,False,,,,,0,,True,False,5.0,,,,,,,1
0.0009389790251645991,,,,,,,32,robustness,cpu,9,auto,,float32,,,spcauchy,,,,,,,,,False,,,,,,,,,1,laplace,False,False,,,,,,,1000,direct_certified,4.040477235507413e-05,,1,,0.95,False,,,,,0,,True,False,5.0,,,,,,,1
1.0799109709580534e-05,,,,,,,32,robustness,cpu,9,auto,vectorized,float32,,,spcauchy,,,,,,,,,False,,,,,,,,,1,direct,False,False,,,,,,,1000,direct_certified,3.51924662943633e-07,,1,13,0.98,False,,,,,0,,True,False,5.0,,,,,,,1
0.00046222335122791947,,,,,,,32,robustness,cpu,9,auto,vectorized,float32,,,spcauchy,,,,,,,,,False,,,,,,,,,1,neighbor,False,False,,,,,,,1000,direct_certified,1.5063074777474456e-05,,1,4,0.98,False,,,,,0,,True,False,5.0,,,,,,,1
0.0005537760856029195,,,,,,,32,robustness,cpu,9,auto,,float32,,,spcauchy,,,,,,,,,False,,,,,,,,,1,laplace,False,False,,,,,,,1000,direct_certified,1.8046623056265055e-05,,1,,0.98,False,,,,,0,,True,False,5.0,,,,,,,1
1.323411188280943e-05,,,,,,,32,robustness,cpu,9,auto,vectorized,float32,,,spcauchy,,,,,,,,,False,,,,,,,,,1,direct,False,False,,,,,,,1000,direct_certified,3.6487243103180126e-07,,1,13,0.99,False,,,,,0,,True,False,5.0,,,,,,,1
0.00045978834905469057,,,,,,,32,robustness,cpu,9,auto,vectorized,float32,,,spcauchy,,,,,,,,,False,,,,,,,,,1,neighbor,False,False,,,,,,,1000,direct_certified,1.2676641558214576e-05,,1,4,0.99,False,,,,,0,,True,False,5.0,,,,,,,1
0.006189228984929684,,,,,,,32,robustness,cpu,9,auto,,float32,,,spcauchy,,,,,,,,,True,,,,,,,,,1,laplace,False,False,,,,,,,1000,direct_certified,0.00017064076879062763,,1,,0.99,False,,,,,0,,True,False,5.0,,,,,,,1
1.182938314769899e-05,,,,,,,32,robustness,cpu,9,auto,vectorized,float32,,,spcauchy,,,,,,,,,False,,,,,,,,,1,direct,False,False,,,,,,,1000,direct_certified,2.8275899558438776e-07,,1,13,0.995,False,,,,,0,,True,False,5.0,,,,,,,1
0.000484851844085199,,,,,,,32,robustness,cpu,9,auto,vectorized,float32,,,spcauchy,,,,,,,,,False,,,,,,,,,1,neighbor,False,False,,,,,,,1000,direct_certified,1.1589464871415253e-05,,1,4,0.995,False,,,,,0,,True,False,5.0,,,,,,,1
0.02331962967611645,,,,,,,32,robustness,cpu,9,auto,,float32,,,spcauchy,,,,,,,,,True,,,,,,,,,1,laplace,False,False,,,,,,,1000,direct_certified,0.0005574115727159601,,1,,0.995,False,,,,,0,,True,False,5.0,,,,,,,1
0.00015724120423499244,,,,,,,32,robustness,cpu,9,auto,vectorized,float32,,,spcauchy,,,,,,,,,False,,,,,,,,,1,direct,False,False,,,,,,,1000,direct_certified,2.873190848064773e-06,,1,13,0.999,False,,,,,0,,True,False,5.0,,,,,,,1
0.00031578125670250756,,,,,,,32,robustness,cpu,9,auto,vectorized,float32,,,spcauchy,,,,,,,,,False,,,,,,,,,1,neighbor,False,False,,,,,,,1000,direct_certified,5.770114908253337e-06,,1,4,0.999,False,,,,,0,,True,False,5.0,,,,,,,1
0.6988402563543588,,,,,,,32,robustness,cpu,9,auto,,float32,,,spcauchy,,,,,,,,,True,,,,,,,,,1,laplace,False,False,,,,,,,1000,direct_certified,0.012769562778314982,,1,,0.999,False,,,,,0,,True,False,5.0,,,,,,,1
0.0,,,,,,,32,robustness,cpu,16,auto,vectorized,float32,,,spcauchy,,,,,,,,,False,,,,,,,,,1,direct,False,False,,,,,,,1000,direct_certified,0.0,,1,7,0.0,False,,,,,0,,True,False,5.0,,,,,,,1
0.0,,,,,,,32,robustness,cpu,16,auto,vectorized,float32,,,spcauchy,,,,,,,,,False,,,,,,,,,1,neighbor,False,False,,,,,,,1000,direct_certified,0.0,,1,7,0.0,False,,,,,0,,True,False,5.0,,,,,,,1
2.793269231915474e-05,,,,,,,32,robustness,cpu,16,auto,,float32,,,spcauchy,,,,,,,,,True,,,,,,,,,1,laplace,False,False,,,,,,,1000,direct_certified,27932692.31915474,,1,,0.0,False,,,,,0,,True,False,5.0,,,,,,,1
1.7822435411166127e-10,,,,,,,32,robustness,cpu,16,auto,vectorized,float32,,,spcauchy,,,,,,,,,False,,,,,,,,,1,direct,False,False,,,,,,,1000,direct_certified,6.336795500579366e-08,,1,7,0.01,False,,,,,0,,True,False,5.0,,,,,,,1
1.7822435411166127e-10,,,,,,,32,robustness,cpu,16,auto,vectorized,float32,,,spcauchy,,,,,,,,,False,,,,,,,,,1,neighbor,False,False,,,,,,,1000,direct_certified,6.336795500579366e-08,,1,7,0.01,False,,,,,0,,True,False,5.0,,,,,,,1
1.9150265834241235e-05,,,,,,,32,robustness,cpu,16,auto,,float32,,,spcauchy,,,,,,,,,True,,,,,,,,,1,laplace,False,False,,,,,,,1000,direct_certified,0.006808907737563717,,1,,0.01,False,,,,,0,,True,False,5.0,,,,,,,1
4.1694633634570266e-08,,,,,,,32,robustness,cpu,16,auto,vectorized,float32,,,spcauchy,,,,,,,,,False,,,,,,,,,1,direct,False,False,,,,,,,1000,direct_certified,1.480796351677498e-07,,1,7,0.1,False,,,,,0,,True,False,5.0,,,,,,,1
4.1694633634570266e-08,,,,,,,32,robustness,cpu,16,auto,vectorized,float32,,,spcauchy,,,,,,,,,False,,,,,,,,,1,neighbor,False,False,,,,,,,1000,direct_certified,1.480796351677498e-07,,1,7,0.1,False,,,,,0,,True,False,5.0,,,,,,,1
0.0018170357036665363,,,,,,,32,robustness,cpu,16,auto,,float32,,,spcauchy,,,,,,,,,True,,,,,,,,,1,laplace,False,False,,,,,,,1000,direct_certified,0.006453252148560087,,1,,0.1,False,,,,,0,,True,False,5.0,,,,,,,1
8.460304967705667e-08,,,,,,,32,robustness,cpu,16,auto,vectorized,float32,,,spcauchy,,,,,,,,,False,,,,,,,,,1,direct,False,False,,,,,,,1000,direct_certified,4.775380291464971e-08,,1,7,0.25,False,,,,,0,,True,False,5.0,,,,,,,1
8.460304967705667e-08,,,,,,,32,robustness,cpu,16,auto,vectorized,float32,,,spcauchy,,,,,,,,,False,,,,,,,,,1,neighbor,False,False,,,,,,,1000,direct_certified,4.775380291464971e-08,,1,7,0.25,False,,,,,0,,True,False,5.0,,,,,,,1
0.008613551819541376,,,,,,,32,robustness,cpu,16,auto,,float32,,,spcauchy,,,,,,,,,True,,,,,,,,,1,laplace,False,False,,,,,,,1000,direct_certified,0.00486187977331329,,1,,0.25,False,,,,,0,,True,False,5.0,,,,,,,1
1.161049789644153e-07,,,,,,,32,robustness,cpu,16,auto,vectorized,float32,,,spcauchy,,,,,,,,,False,,,,,,,,,1,direct,False,False,,,,,,,1000,direct_certified,1.5808744523644014e-08,,1,7,0.5,False,,,,,0,,True,False,5.0,,,,,,,1
1.161049789644153e-07,,,,,,,32,robustness,cpu,16,auto,vectorized,float32,,,spcauchy,,,,,,,,,False,,,,,,,,,1,neighbor,False,False,,,,,,,1000,direct_certified,1.5808744523644014e-08,,1,7,0.5,False,,,,,0,,True,False,5.0,,,,,,,1
0.012611273055177286,,,,,,,32,robustness,cpu,16,auto,,float32,,,spcauchy,,,,,,,,,True,,,,,,,,,1,laplace,False,False,,,,,,,1000,direct_certified,0.0017171390548920136,,1,,0.5,False,,,,,0,,True,False,5.0,,,,,,,1
1.7819430375709544e-06,,,,,,,32,robustness,cpu,16,auto,vectorized,float32,,,spcauchy,,,,,,,,,False,,,,,,,,,1,direct,False,False,,,,,,,1000,direct_certified,9.568704350390075e-08,,1,7,0.75,False,,,,,0,,True,False,5.0,,,,,,,1
1.7819430375709544e-06,,,,,,,32,robustness,cpu,16,auto,vectorized,float32,,,spcauchy,,,,,,,,,False,,,,,,,,,1,neighbor,False,False,,,,,,,1000,direct_certified,9.568704350390075e-08,,1,7,0.75,False,,,,,0,,True,False,5.0,,,,,,,1
0.004255169394209446,,,,,,,32,robustness,cpu,16,auto,,float32,,,spcauchy,,,,,,,,,True,,,,,,,,,1,laplace,False,False,,,,,,,1000,direct_certified,0.00022849472197226367,,1,,0.75,False,,,,,0,,True,False,5.0,,,,,,,1
5.659677462688251e-06,,,,,,,32,robustness,cpu,16,auto,vectorized,float32,,,spcauchy,,,,,,,,,False,,,,,,,,,1,direct,False,False,,,,,,,1000,direct_certified,1.6995728033361483e-07,,1,7,0.9,False,,,,,0,,True,False,5.0,,,,,,,1
5.659677462688251e-06,,,,,,,32,robustness,cpu,16,auto,vectorized,float32,,,spcauchy,,,,,,,,,False,,,,,,,,,1,neighbor,False,False,,,,,,,1000,direct_certified,1.6995728033361483e-07,,1,7,0.9,False,,,,,0,,True,False,5.0,,,,,,,1
0.0006083818454314383,,,,,,,32,robustness,cpu,16,auto,,float32,,,spcauchy,,,,,,,,,False,,,,,,,,,1,laplace,False,False,,,,,,,1000,direct_certified,1.8269402193947665e-05,,1,,0.9,False,,,,,0,,True,False,5.0,,,,,,,1
3.682328909349053e-06,,,,,,,32,robustness,cpu,16,auto,vectorized,float32,,,spcauchy,,,,,,,,,False,,,,,,,,,1,direct,False,False,,,,,,,1000,direct_certified,8.359247733101898e-08,,1,7,0.95,False,,,,,0,,True,False,5.0,,,,,,,1
3.682328909349053e-06,,,,,,,32,robustness,cpu,16,auto,vectorized,float32,,,spcauchy,,,,,,,,,False,,,,,,,,,1,neighbor,False,False,,,,,,,1000,direct_certified,8.359247733101898e-08,,1,7,0.95,False,,,,,0,,True,False,5.0,,,,,,,1
0.001254903032034349,,,,,,,32,robustness,cpu,16,auto,,float32,,,spcauchy,,,,,,,,,False,,,,,,,,,1,laplace,False,False,,,,,,,1000,direct_certified,2.8487529452251505e-05,,1,,0.95,False,,,,,0,,True,False,5.0,,,,,,,1
1.7942483985677882e-05,,,,,,,32,robustness,cpu,16,auto,vectorized,float32,,,spcauchy,,,,,,,,,False,,,,,,,,,1,direct,False,False,,,,,,,1000,direct_certified,3.092746491333827e-07,,1,7,0.98,False,,,,,0,,True,False,5.0,,,,,,,1
1.7942483985677882e-05,,,,,,,32,robustness,cpu,16,auto,vectorized,float32,,,spcauchy,,,,,,,,,False,,,,,,,,,1,neighbor,False,False,,,,,,,1000,direct_certified,3.092746491333827e-07,,1,7,0.98,False,,,,,0,,True,False,5.0,,,,,,,1
0.0009624347132799471,,,,,,,32,robustness,cpu,16,auto,,float32,,,spcauchy,,,,,,,,,False,,,,,,,,,1,laplace,False,False,,,,,,,1000,direct_certified,1.6589489978145727e-05,,1,,0.98,False,,,,,0,,True,False,5.0,,,,,,,1
2.6672273634176236e-05,,,,,,,32,robustness,cpu,16,auto,vectorized,float32,,,spcauchy,,,,,,,,,False,,,,,,,,,1,direct,False,False,,,,,,,1000,direct_certified,3.8945487755344333e-07,,1,7,0.99,False,,,,,0,,True,False,5.0,,,,,,,1
2.6672273634176236e-05,,,,,,,32,robustness,cpu,16,auto,vectorized,float32,,,spcauchy,,,,,,,,,False,,,,,,,,,1,neighbor,False,False,,,,,,,1000,direct_certified,3.8945487755344333e-07,,1,7,0.99,False,,,,,0,,True,False,5.0,,,,,,,1
0.011623351961134176,,,,,,,32,robustness,cpu,16,auto,,float32,,,spcauchy,,,,,,,,,True,,,,,,,,,1,laplace,False,False,,,,,,,1000,direct_certified,0.00016971823163150802,,1,,0.99,False,,,,,0,,True,False,5.0,,,,,,,1
2.2751913007823532e-05,,,,,,,32,robustness,cpu,16,auto,vectorized,float32,,,spcauchy,,,,,,,,,False,,,,,,,,,1,direct,False,False,,,,,,,1000,direct_certified,2.8828830998026043e-07,,1,7,0.995,False,,,,,0,,True,False,5.0,,,,,,,1
2.2751913007823532e-05,,,,,,,32,robustness,cpu,16,auto,vectorized,float32,,,spcauchy,,,,,,,,,False,,,,,,,,,1,neighbor,False,False,,,,,,,1000,direct_certified,2.8828830998026043e-07,,1,7,0.995,False,,,,,0,,True,False,5.0,,,,,,,1
0.043723923788007824,,,,,,,32,robustness,cpu,16,auto,,float32,,,spcauchy,,,,,,,,,True,,,,,,,,,1,laplace,False,False,,,,,,,1000,direct_certified,0.0005540235711263515,,1,,0.995,False,,,,,0,,True,False,5.0,,,,,,,1
0.0002970917588811517,,,,,,,32,robustness,cpu,16,auto,vectorized,float32,,,spcauchy,,,,,,,,,False,,,,,,,,,1,direct,False,False,,,,,,,1000,direct_certified,2.8818063249983416e-06,,1,7,0.999,False,,,,,0,,True,False,5.0,,,,,,,1
0.0002970917588811517,,,,,,,32,robustness,cpu,16,auto,vectorized,float32,,,spcauchy,,,,,,,,,False,,,,,,,,,1,neighbor,False,False,,,,,,,1000,direct_certified,2.8818063249983416e-06,,1,7,0.999,False,,,,,0,,True,False,5.0,,,,,,,1
1.3103260771864313,,,,,,,32,robustness,cpu,16,auto,,float32,,,spcauchy,,,,,,,,,True,,,,,,,,,1,laplace,False,False,,,,,,,1000,direct_certified,0.012710234680581339,,1,,0.999,False,,,,,0,,True,False,5.0,,,,,,,1
0.0,,,,,,,32,robustness,cpu,17,auto,vectorized,float32,,,spcauchy,,,,,,,,,False,,,,,,,,,1,direct,False,False,,,,,,,1000,direct_certified,0.0,,1,10,0.0,False,,,,,0,,True,False,5.0,,,,,,,1
0.0,,,,,,,32,robustness,cpu,17,auto,vectorized,float32,,,spcauchy,,,,,,,,,False,,,,,,,,,1,neighbor,False,False,,,,,,,1000,direct_certified,0.0,,1,8,0.0,False,,,,,0,,True,False,5.0,,,,,,,1
2.993643283843994e-05,,,,,,,32,robustness,cpu,17,auto,,float32,,,spcauchy,,,,,,,,,True,,,,,,,,,1,laplace,False,False,,,,,,,1000,direct_certified,29936432.83843994,,1,,0.0,False,,,,,0,,True,False,5.0,,,,,,,1
2.578818721066245e-10,,,,,,,32,robustness,cpu,17,auto,vectorized,float32,,,spcauchy,,,,,,,,,False,,,,,,,,,1,direct,False,False,,,,,,,1000,direct_certified,8.56239388436987e-08,,1,10,0.01,False,,,,,0,,True,False,5.0,,,,,,,1
4.072031141097443e-08,,,,,,,32,robustness,cpu,17,auto,vectorized,float32,,,spcauchy,,,,,,,,,False,,,,,,,,,1,neighbor,False,False,,,,,,,1000,direct_certified,1.3520273547991185e-05,,1,8,0.01,False,,,,,0,,True,False,5.0,,,,,,,1
1.800412023305123e-05,,,,,,,32,robustness,cpu,17,auto,,float32,,,spcauchy,,,,,,,,,True,,,,,,,,,1,laplace,False,False,,,,,,,1000,direct_certified,0.005977867607274038,,1,,0.01,False,,,,,0,,True,False,5.0,,,,,,,1
5.114393464289435e-09,,,,,,,32,robustness,cpu,17,auto,vectorized,float32,,,spcauchy,,,,,,,,,False,,,,,,,,,1,direct,False,False,,,,,,,1000,direct_certified,1.696313124758289e-08,,1,10,0.1,False,,,,,0,,True,False,5.0,,,,,,,1
3.87941630386468e-06,,,,,,,32,robustness,cpu,17,auto,vectorized,float32,,,spcauchy,,,,,,,,,False,,,,,,,,,1,neighbor,False,False,,,,,,,1000,direct_certified,1.2867028785711998e-05,,1,8,0.1,False,,,,,0,,True,False,5.0,,,,,,,1
0.0017073103305528248,,,,,,,32,robustness,cpu,17,auto,,float32,,,spcauchy,,,,,,,,,True,,,,,,,,,1,laplace,False,False,,,,,,,1000,direct_certified,0.005662710430814579,,1,,0.1,False,,,,,0,,True,False,5.0,,,,,,,1
9.138742651515486e-09,,,,,,,32,robustness,cpu,17,auto,vectorized,float32,,,spcauchy,,,,,,,,,False,,,,,,,,,1,direct,False,False,,,,,,,1000,direct_certified,4.8187221446960384e-09,,1,10,0.25,False,,,,,0,,True,False,5.0,,,,,,,1
1.7890532175268703e-05,,,,,,,32,robustness,cpu,17,auto,vectorized,float32,,,spcauchy,,,,,,,,,False,,,,,,,,,1,neighbor,False,False,,,,,,,1000,direct_certified,9.433409699863698e-06,,1,8,0.25,False,,,,,0,,True,False,5.0,,,,,,,1
0.008077850739797388,,,,,,,32,robustness,cpu,17,auto,,float32,,,spcauchy,,,,,,,,,True,,,,,,,,,1,laplace,False,False,,,,,,,1000,direct_certified,0.004259329726825823,,1,,0.25,False,,,,,0,,True,False,5.0,,,,,,,1
2.6658487506381334e-07,,,,,,,32,robustness,cpu,17,auto,vectorized,float32,,,spcauchy,,,,,,,,,False,,,,,,,,,1,direct,False,False,,,,,,,1000,direct_certified,3.393828019625115e-08,,1,10,0.5,False,,,,,0,,True,False,5.0,,,,,,,1
1.4571699621157563e-05,,,,,,,32,robustness,cpu,17,auto,vectorized,float32,,,spcauchy,,,,,,,,,False,,,,,,,,,1,neighbor,False,False,,,,,,,1000,direct_certified,1.8550880823980458e-06,,1,8,0.5,False,,,,,0,,True,False,5.0,,,,,,,1
0.011761398759363217,,,,,,,32,robustness,cpu,17,auto,,float32,,,spcauchy,,,,,,,,,True,,,,,,,,,1,laplace,False,False,,,,,,,1000,direct_certified,0.0014973154290901193,,1,,0.5,False,,,,,0,,True,False,5.0,,,,,,,1
8.030656388768875e-07,,,,,,,32,robustness,cpu,17,auto,vectorized,float32,,,spcauchy,,,,,,,,,False,,,,,,,,,1,direct,False,False,,,,,,,1000,direct_certified,4.0362707915933676e-08,,1,10,0.75,False,,,,,0,,True,False,5.0,,,,,,,1
3.543655838456061e-05,,,,,,,32,robustness,cpu,17,auto,vectorized,float32,,,spcauchy,,,,,,,,,False,,,,,,,,,1,neighbor,False,False,,,,,,,1000,direct_certified,1.781069175892386e-06,,1,8,0.75,False,,,,,0,,True,False,5.0,,,,,,,1
0.003947408604282998,,,,,,,32,robustness,cpu,17,auto,,float32,,,spcauchy,,,,,,,,,True,,,,,,,,,1,laplace,False,False,,,,,,,1000,direct_certified,0.000198399847791201,,1,,0.75,False,,,,,0,,True,False,5.0,,,,,,,1
3.874560754013601e-06,,,,,,,32,robustness,cpu,17,auto,vectorized,float32,,,spcauchy,,,,,,,,,False,,,,,,,,,1,direct,False,False,,,,,,,1000,direct_certified,1.0897181707305052e-07,,1,10,0.9,False,,,,,0,,True,False,5.0,,,,,,,1
6.10950197383886e-05,,,,,,,32,robustness,cpu,17,auto,vectorized,float32,,,spcauchy,,,,,,,,,False,,,,,,,,,1,neighbor,False,False,,,,,,,1000,direct_certified,1.71829421131403e-06,,1,8,0.9,False,,,,,0,,True,False,5.0,,,,,,,1
0.0005570056642696386,,,,,,,32,robustness,cpu,17,auto,,float32,,,spcauchy,,,,,,,,,False,,,,,,,,,1,laplace,False,False,,,,,,,1000,direct_certified,1.566575496140252e-05,,1,,0.9,False,,,,,0,,True,False,5.0,,,,,,,1
4.574214102603946e-06,,,,,,,32,robustness,cpu,17,auto,vectorized,float32,,,spcauchy,,,,,,,,,False,,,,,,,,,1,direct,False,False,,,,,,,1000,direct_certified,9.727599152328111e-08,,1,10,0.95,False,,,,,0,,True,False,5.0,,,,,,,1
6.560937035260395e-05,,,,,,,32,robustness,cpu,17,auto,vectorized,float32,,,spcauchy,,,,,,,,,False,,,,,,,,,1,neighbor,False,False,,,,,,,1000,direct_certified,1.395259690759672e-06,,1,8,0.95,False,,,,,0,,True,False,5.0,,,,,,,1
0.001316830073477604,,,,,,,32,robustness,cpu,17,auto,,float32,,,spcauchy,,,,,,,,,False,,,,,,,,,1,laplace,False,False,,,,,,,1000,direct_certified,2.8003925525105685e-05,,1,,0.95,False,,,,,0,,True,False,5.0,,,,,,,1
2.0756791919041007e-05,,,,,,,32,robustness,cpu,17,auto,vectorized,float32,,,spcauchy,,,,,,,,,False,,,,,,,,,1,direct,False,False,,,,,,,1000,direct_certified,3.3523123675688244e-07,,1,10,0.98,False,,,,,0,,True,False,5.0,,,,,,,1
4.027836433095899e-05,,,,,,,32,robustness,cpu,17,auto,vectorized,float32,,,spcauchy,,,,,,,,,False,,,,,,,,,1,neighbor,False,False,,,,,,,1000,direct_certified,6.505131400785137e-07,,1,8,0.98,False,,,,,0,,True,False,5.0,,,,,,,1
0.001020655561596584,,,,,,,32,robustness,cpu,17,auto,,float32,,,spcauchy,,,,,,,,,False,,,,,,,,,1,laplace,False,False,,,,,,,1000,direct_certified,1.6484032192997064e-05,,1,,0.98,False,,,,,0,,True,False,5.0,,,,,,,1
2.827284009754294e-05,,,,,,,32,robustness,cpu,17,auto,vectorized,float32,,,spcauchy,,,,,,,,,False,,,,,,,,,1,direct,False,False,,,,,,,1000,direct_certified,3.8683609247559084e-07,,1,10,0.99,False,,,,,0,,True,False,5.0,,,,,,,1
3.276231615245706e-05,,,,,,,32,robustness,cpu,17,auto,vectorized,float32,,,spcauchy,,,,,,,,,False,,,,,,,,,1,neighbor,False,False,,,,,,,1000,direct_certified,4.482622303646046e-07,,1,8,0.99,False,,,,,0,,True,False,5.0,,,,,,,1
0.012403150769785043,,,,,,,32,robustness,cpu,17,auto,,float32,,,spcauchy,,,,,,,,,True,,,,,,,,,1,laplace,False,False,,,,,,,1000,direct_certified,0.00016970302104832522,,1,,0.99,False,,,,,0,,True,False,5.0,,,,,,,1
2.625555958957193e-05,,,,,,,32,robustness,cpu,17,auto,vectorized,float32,,,spcauchy,,,,,,,,,False,,,,,,,,,1,direct,False,False,,,,,,,1000,direct_certified,3.1175877518501093e-07,,1,10,0.995,False,,,,,0,,True,False,5.0,,,,,,,1
8.729071583957193e-05,,,,,,,32,robustness,cpu,17,auto,vectorized,float32,,,spcauchy,,,,,,,,,False,,,,,,,,,1,neighbor,False,False,,,,,,,1000,direct_certified,1.0364908263458371e-06,,1,8,0.995,False,,,,,0,,True,False,5.0,,,,,,,1
0.04663422675099582,,,,,,,32,robustness,cpu,17,auto,,float32,,,spcauchy,,,,,,,,,True,,,,,,,,,1,laplace,False,False,,,,,,,1000,direct_certified,0.0005537352713428709,,1,,0.995,False,,,,,0,,True,False,5.0,,,,,,,1
0.0003163937607268963,,,,,,,32,robustness,cpu,17,auto,vectorized,float32,,,spcauchy,,,,,,,,,False,,,,,,,,,1,direct,False,False,,,,,,,1000,direct_certified,2.876294042398994e-06,,1,10,0.999,False,,,,,0,,True,False,5.0,,,,,,,1
0.0002553586044768963,,,,,,,32,robustness,cpu,17,auto,vectorized,float32,,,spcauchy,,,,,,,,,False,,,,,,,,,1,neighbor,False,False,,,,,,,1000,direct_certified,2.321431468954312e-06,,1,8,0.999,False,,,,,0,,True,False,5.0,,,,,,,1
1.3976786013564606,,,,,,,32,robustness,cpu,17,auto,,float32,,,spcauchy,,,,,,,,,True,,,,,,,,,1,laplace,False,False,,,,,,,1000,direct_certified,0.012706112235064689,,1,,0.999,False,,,,,0,,True,False,5.0,,,,,,,1
0.0,,,,,,,32,robustness,cpu,32,auto,vectorized,float32,,,spcauchy,,,,,,,,,False,,,,,,,,,1,direct,False,False,,,,,,,1000,direct_certified,0.0,,1,15,0.0,False,,,,,0,,True,False,5.0,,,,,,,1
0.0,,,,,,,32,robustness,cpu,32,auto,vectorized,float32,,,spcauchy,,,,,,,,,False,,,,,,,,,1,neighbor,False,False,,,,,,,1000,direct_certified,0.0,,1,15,0.0,False,,,,,0,,True,False,5.0,,,,,,,1
5.9965066611766815e-05,,,,,,,32,robustness,cpu,32,auto,,float32,,,spcauchy,,,,,,,,,True,,,,,,,,,1,laplace,False,False,,,,,,,1000,direct_certified,59965066.611766815,,1,,0.0,False,,,,,0,,True,False,5.0,,,,,,,1
2.644291782066821e-10,,,,,,,32,robustness,cpu,32,auto,vectorized,float32,,,spcauchy,,,,,,,,,False,,,,,,,,,1,direct,False,False,,,,,,,1000,direct_certified,4.402541053760047e-08,,1,15,0.01,False,,,,,0,,True,False,5.0,,,,,,,1
2.644291782066821e-10,,,,,,,32,robustness,cpu,32,auto,vectorized,float32,,,spcauchy,,,,,,,,,False,,,,,,,,,1,neighbor,False,False,,,,,,,1000,direct_certified,4.402541053760047e-08,,1,15,0.01,False,,,,,0,,True,False,5.0,,,,,,,1
9.489975803222625e-06,,,,,,,32,robustness,cpu,32,auto,,float32,,,spcauchy,,,,,,,,,True,,,,,,,,,1,laplace,False,False,,,,,,,1000,direct_certified,0.001580007484658942,,1,,0.01,False,,,,,0,,True,False,5.0,,,,,,,1
1.2780153713087827e-08,,,,,,,32,robustness,cpu,32,auto,vectorized,float32,,,spcauchy,,,,,,,,,False,,,,,,,,,1,direct,False,False,,,,,,,1000,direct_certified,2.1265011029164726e-08,,1,15,0.1,False,,,,,0,,True,False,5.0,,,,,,,1
1.2780153713087827e-08,,,,,,,32,robustness,cpu,32,auto,vectorized,float32,,,spcauchy,,,,,,,,,False,,,,,,,,,1,neighbor,False,False,,,,,,,1000,direct_certified,2.1265011029164726e-08,,1,15,0.1,False,,,,,0,,True,False,5.0,,,,,,,1
0.0008957258215308572,,,,,,,32,robustness,cpu,32,auto,,float32,,,spcauchy,,,,,,,,,True,,,,,,,,,1,laplace,False,False,,,,,,,1000,direct_certified,0.0014904061329446402,,1,,0.1,False,,,,,0,,True,False,5.0,,,,,,,1
5.754630461041188e-08,,,,,,,32,robustness,cpu,32,auto,vectorized,float32,,,spcauchy,,,,,,,,,False,,,,,,,,,1,direct,False,False,,,,,,,1000,direct_certified,1.5257307532617147e-08,,1,15,0.25,False,,,,,0,,True,False,5.0,,,,,,,1
5.754630461041188e-08,,,,,,,32,robustness,cpu,32,auto,vectorized,float32,,,spcauchy,,,,,,,,,False,,,,,,,,,1,neighbor,False,False,,,,,,,1000,direct_certified,1.5257307532617147e-08,,1,15,0.25,False,,,,,0,,True,False,5.0,,,,,,,1
0.004175367029501054,,,,,,,32,robustness,cpu,32,auto,,float32,,,spcauchy,,,,,,,,,True,,,,,,,,,1,laplace,False,False,,,,,,,1000,direct_certified,0.0011070191085583896,,1,,0.25,False,,,,,0,,True,False,5.0,,,,,,,1
9.203837816329496e-07,,,,,,,32,robustness,cpu,32,auto,vectorized,float32,,,spcauchy,,,,,,,,,False,,,,,,,,,1,direct,False,False,,,,,,,1000,direct_certified,5.9317332183747805e-08,,1,15,0.5,False,,,,,0,,True,False,5.0,,,,,,,1
9.203837816329496e-07,,,,,,,32,robustness,cpu,32,auto,vectorized,float32,,,spcauchy,,,,,,,,,False,,,,,,,,,1,neighbor,False,False,,,,,,,1000,direct_certified,5.9317332183747805e-08,,1,15,0.5,False,,,,,0,,True,False,5.0,,,,,,,1
0.005830798061042586,,,,,,,32,robustness,cpu,32,auto,,float32,,,spcauchy,,,,,,,,,True,,,,,,,,,1,laplace,False,False,,,,,,,1000,direct_certified,0.00037578604967329604,,1,,0.5,False,,,,,0,,True,False,5.0,,,,,,,1
5.920072823073497e-07,,,,,,,32,robustness,cpu,32,auto,vectorized,float32,,,spcauchy,,,,,,,,,False,,,,,,,,,1,direct,False,False,,,,,,,1000,direct_certified,1.518138728783348e-08,,1,15,0.75,False,,,,,0,,True,False,5.0,,,,,,,1
5.920072823073497e-07,,,,,,,32,robustness,cpu,32,auto,vectorized,float32,,,spcauchy,,,,,,,,,False,,,,,,,,,1,neighbor,False,False,,,,,,,1000,direct_certified,1.518138728783348e-08,,1,15,0.75,False,,,,,0,,True,False,5.0,,,,,,,1
0.0018812377592354323,,,,,,,32,robustness,cpu,32,auto,,float32,,,spcauchy,,,,,,,,,False,,,,,,,,,1,laplace,False,False,,,,,,,1000,direct_certified,4.8242310283983765e-05,,1,,0.75,False,,,,,0,,True,False,5.0,,,,,,,1
1.3808010578486574e-05,,,,,,,32,robustness,cpu,32,auto,vectorized,float32,,,spcauchy,,,,,,,,,False,,,,,,,,,1,direct,False,False,,,,,,,1000,direct_certified,1.9903833087998075e-07,,1,15,0.9,False,,,,,0,,True,False,5.0,,,,,,,1
1.3808010578486574e-05,,,,,,,32,robustness,cpu,32,auto,vectorized,float32,,,spcauchy,,,,,,,,,False,,,,,,,,,1,neighbor,False,False,,,,,,,1000,direct_certified,1.9903833087998075e-07,,1,15,0.9,False,,,,,0,,True,False,5.0,,,,,,,1
0.00018928408479723657,,,,,,,32,robustness,cpu,32,auto,,float32,,,spcauchy,,,,,,,,,False,,,,,,,,,1,laplace,False,False,,,,,,,1000,direct_certified,2.7284733080148065e-06,,1,,0.9,False,,,,,0,,True,False,5.0,,,,,,,1
8.675212839648339e-06,,,,,,,32,robustness,cpu,32,auto,vectorized,float32,,,spcauchy,,,,,,,,,False,,,,,,,,,1,direct,False,False,,,,,,,1000,direct_certified,9.471111408210191e-08,,1,15,0.95,False,,,,,0,,True,False,5.0,,,,,,,1
8.675212839648339e-06,,,,,,,32,robustness,cpu,32,auto,vectorized,float32,,,spcauchy,,,,,,,,,False,,,,,,,,,1,neighbor,False,False,,,,,,,1000,direct_certified,9.471111408210191e-08,,1,15,0.95,False,,,,,0,,True,False,5.0,,,,,,,1
0.0023280111503396483,,,,,,,32,robustness,cpu,32,auto,,float32,,,spcauchy,,,,,,,,,False,,,,,,,,,1,laplace,False,False,,,,,,,1000,direct_certified,2.5415921628634246e-05,,1,,0.95,False,,,,,0,,True,False,5.0,,,,,,,1
3.915755311822977e-05,,,,,,,32,robustness,cpu,32,auto,vectorized,float32,,,spcauchy,,,,,,,,,False,,,,,,,,,1,direct,False,False,,,,,,,1000,direct_certified,3.250763703066522e-07,,1,15,0.98,False,,,,,0,,True,False,5.0,,,,,,,1
3.915755311822977e-05,,,,,,,32,robustness,cpu,32,auto,vectorized,float32,,,spcauchy,,,,,,,,,False,,,,,,,,,1,neighbor,False,False,,,,,,,1000,direct_certified,3.250763703066522e-07,,1,15,0.98,False,,,,,0,,True,False,5.0,,,,,,,1
0.0019368556304755202,,,,,,,32,robustness,cpu,32,auto,,float32,,,spcauchy,,,,,,,,,False,,,,,,,,,1,laplace,False,False,,,,,,,1000,direct_certified,1.6079298833150597e-05,,1,,0.98,False,,,,,0,,True,False,5.0,,,,,,,1
5.386258411022027e-05,,,,,,,32,robustness,cpu,32,auto,vectorized,float32,,,spcauchy,,,,,,,,,False,,,,,,,,,1,direct,False,False,,,,,,,1000,direct_certified,3.790532709186281e-07,,1,15,0.99,False,,,,,0,,True,False,5.0,,,,,,,1
5.386258411022027e-05,,,,,,,32,robustness,cpu,32,auto,vectorized,float32,,,spcauchy,,,,,,,,,False,,,,,,,,,1,neighbor,False,False,,,,,,,1000,direct_certified,3.790532709186281e-07,,1,15,0.99,False,,,,,0,,True,False,5.0,,,,,,,1
0.02404067899036022,,,,,,,32,robustness,cpu,32,auto,,float32,,,spcauchy,,,,,,,,,True,,,,,,,,,1,laplace,False,False,,,,,,,1000,direct_certified,0.00016918419635703432,,1,,0.99,False,,,,,0,,True,False,5.0,,,,,,,1
5.089119332524206e-05,,,,,,,32,robustness,cpu,32,auto,vectorized,float32,,,spcauchy,,,,,,,,,False,,,,,,,,,1,direct,False,False,,,,,,,1000,direct_certified,3.1095228164616377e-07,,1,15,0.995,False,,,,,0,,True,False,5.0,,,,,,,1
5.089119332524206e-05,,,,,,,32,robustness,cpu,32,auto,vectorized,float32,,,spcauchy,,,,,,,,,False,,,,,,,,,1,neighbor,False,False,,,,,,,1000,direct_certified,3.1095228164616377e-07,,1,15,0.995,False,,,,,0,,True,False,5.0,,,,,,,1
0.09035240486520024,,,,,,,32,robustness,cpu,32,auto,,float32,,,spcauchy,,,,,,,,,True,,,,,,,,,1,laplace,False,False,,,,,,,1000,direct_certified,0.0005520657820990158,,1,,0.995,False,,,,,0,,True,False,5.0,,,,,,,1
0.0006196809904679412,,,,,,,32,robustness,cpu,32,auto,vectorized,float32,,,spcauchy,,,,,,,,,False,,,,,,,,,1,direct,False,False,,,,,,,1000,direct_certified,2.900899287797659e-06,,1,15,0.999,False,,,,,0,,True,False,5.0,,,,,,,1
0.0006196809904679412,,,,,,,32,robustness,cpu,32,auto,vectorized,float32,,,spcauchy,,,,,,,,,False,,,,,,,,,1,neighbor,False,False,,,,,,,1000,direct_certified,2.900899287797659e-06,,1,15,0.999,False,,,,,0,,True,False,5.0,,,,,,,1
2.707998483072032,,,,,,,32,robustness,cpu,32,auto,,float32,,,spcauchy,,,,,,,,,True,,,,,,,,,1,laplace,False,False,,,,,,,1000,direct_certified,0.012676895034280069,,1,,0.999,False,,,,,0,,True,False,5.0,,,,,,,1
0.0,,,,,,,32,robustness,cpu,33,auto,vectorized,float32,,,spcauchy,,,,,,,,,False,,,,,,,,,1,direct,False,False,,,,,,,1000,direct_certified,0.0,,1,15,0.0,False,,,,,0,,True,False,5.0,,,,,,,1
0.0,,,,,,,32,robustness,cpu,33,auto,vectorized,float32,,,spcauchy,,,,,,,,,False,,,,,,,,,1,neighbor,False,False,,,,,,,1000,direct_certified,0.0,,1,16,0.0,False,,,,,0,,True,False,5.0,,,,,,,1
6.196647882461548e-05,,,,,,,32,robustness,cpu,33,auto,,float32,,,spcauchy,,,,,,,,,True,,,,,,,,,1,laplace,False,False,,,,,,,1000,direct_certified,61966478.82461548,,1,,0.0,False,,,,,0,,True,False,5.0,,,,,,,1
6.399122984973582e-11,,,,,,,32,robustness,cpu,33,auto,vectorized,float32,,,spcauchy,,,,,,,,,False,,,,,,,,,1,direct,False,False,,,,,,,1000,direct_certified,1.0311027893073629e-08,,1,15,0.01,False,,,,,0,,True,False,5.0,,,,,,,1
5.186265390234868e-09,,,,,,,32,robustness,cpu,33,auto,vectorized,float32,,,spcauchy,,,,,,,,,False,,,,,,,,,1,neighbor,False,False,,,,,,,1000,direct_certified,8.356727511748999e-07,,1,16,0.01,False,,,,,0,,True,False,5.0,,,,,,,1
9.179982626754922e-06,,,,,,,32,robustness,cpu,33,auto,,float32,,,spcauchy,,,,,,,,,True,,,,,,,,,1,laplace,False,False,,,,,,,1000,direct_certified,0.001479187962861009,,1,,0.01,False,,,,,0,,True,False,5.0,,,,,,,1
5.144053072392296e-08,,,,,,,32,robustness,cpu,33,auto,vectorized,float32,,,spcauchy,,,,,,,,,False,,,,,,,,,1,direct,False,False,,,,,,,1000,direct_certified,8.283799855921223e-08,,1,15,0.1,False,,,,,0,,True,False,5.0,,,,,,,1
5.28277688927048e-07,,,,,,,32,robustness,cpu,33,auto,vectorized,float32,,,spcauchy,,,,,,,,,False,,,,,,,,,1,neighbor,False,False,,,,,,,1000,direct_certified,8.507195749800271e-07,,1,16,0.1,False,,,,,0,,True,False,5.0,,,,,,,1
0.0008683882338467175,,,,,,,32,robustness,cpu,33,auto,,float32,,,spcauchy,,,,,,,,,True,,,,,,,,,1,laplace,False,False,,,,,,,1000,direct_certified,0.0013984214830578497,,1,,0.1,False,,,,,0,,True,False,5.0,,,,,,,1
6.267011398719546e-08,,,,,,,32,robustness,cpu,33,auto,vectorized,float32,,,spcauchy,,,,,,,,,False,,,,,,,,,1,direct,False,False,,,,,,,1000,direct_certified,1.608241757158913e-08,,1,15,0.25,False,,,,,0,,True,False,5.0,,,,,,,1
2.208437325901258e-06,,,,,,,32,robustness,cpu,33,auto,vectorized,float32,,,spcauchy,,,,,,,,,False,,,,,,,,,1,neighbor,False,False,,,,,,,1000,direct_certified,5.667296418686012e-07,,1,16,0.25,False,,,,,0,,True,False,5.0,,,,,,,1
0.00404613903581863,,,,,,,32,robustness,cpu,33,auto,,float32,,,spcauchy,,,,,,,,,True,,,,,,,,,1,laplace,False,False,,,,,,,1000,direct_certified,0.0010383210335318277,,1,,0.25,False,,,,,0,,True,False,5.0,,,,,,,1
3.850215080092312e-08,,,,,,,32,robustness,cpu,33,auto,vectorized,float32,,,spcauchy,,,,,,,,,False,,,,,,,,,1,direct,False,False,,,,,,,1000,direct_certified,2.402320416163783e-09,,1,15,0.5,False,,,,,0,,True,False,5.0,,,,,,,1
1.8688464820115769e-06,,,,,,,32,robustness,cpu,33,auto,vectorized,float32,,,spcauchy,,,,,,,,,False,,,,,,,,,1,neighbor,False,False,,,,,,,1000,direct_certified,1.1660564319187678e-07,,1,16,0.5,False,,,,,0,,True,False,5.0,,,,,,,1
0.005647697803908613,,,,,,,32,robustness,cpu,33,auto,,float32,,,spcauchy,,,,,,,,,True,,,,,,,,,1,laplace,False,False,,,,,,,1000,direct_certified,0.00035238498256382427,,1,,0.5,False,,,,,0,,True,False,5.0,,,,,,,1
2.222692359055145e-06,,,,,,,32,robustness,cpu,33,auto,vectorized,float32,,,spcauchy,,,,,,,,,False,,,,,,,,,1,direct,False,False,,,,,,,1000,direct_certified,5.519648191888905e-08,,1,15,0.75,False,,,,,0,,True,False,5.0,,,,,,,1
2.222692359055145e-06,,,,,,,32,robustness,cpu,33,auto,vectorized,float32,,,spcauchy,,,,,,,,,False,,,,,,,,,1,neighbor,False,False,,,,,,,1000,direct_certified,5.519648191888905e-08,,1,16,0.75,False,,,,,0,,True,False,5.0,,,,,,,1
0.0018256479853278051,,,,,,,32,robustness,cpu,33,auto,,float32,,,spcauchy,,,,,,,,,False,,,,,,,,,1,laplace,False,False,,,,,,,1000,direct_certified,4.5336614220079896e-05,,1,,0.75,False,,,,,0,,True,False,5.0,,,,,,,1
7.987898641204083e-06,,,,,,,32,robustness,cpu,33,auto,vectorized,float32,,,spcauchy,,,,,,,,,False,,,,,,,,,1,direct,False,False,,,,,,,1000,direct_certified,1.115193401079548e-07,,1,15,0.9,False,,,,,0,,True,False,5.0,,,,,,,1
1.5617293172454083e-05,,,,,,,32,robustness,cpu,33,auto,vectorized,float32,,,spcauchy,,,,,,,,,False,,,,,,,,,1,neighbor,False,False,,,,,,,1000,direct_certified,2.1803359144802778e-07,,1,16,0.9,False,,,,,0,,True,False,5.0,,,,,,,1
0.00018346397285995408,,,,,,,32,robustness,cpu,33,auto,,float32,,,spcauchy,,,,,,,,,False,,,,,,,,,1,laplace,False,False,,,,,,,1000,direct_certified,2.5613471209296332e-06,,1,,0.9,False,,,,,0,,True,False,5.0,,,,,,,1
1.5535475426986523e-05,,,,,,,32,robustness,cpu,33,auto,vectorized,float32,,,spcauchy,,,,,,,,,False,,,,,,,,,1,direct,False,False,,,,,,,1000,direct_certified,1.642785514272602e-07,,1,15,0.95,False,,,,,0,,True,False,5.0,,,,,,,1
2.3164869958236523e-05,,,,,,,32,robustness,cpu,33,auto,vectorized,float32,,,spcauchy,,,,,,,,,False,,,,,,,,,1,neighbor,False,False,,,,,,,1000,direct_certified,2.44954929034838e-07,,1,16,0.95,False,,,,,0,,True,False,5.0,,,,,,,1
0.0024111653582394865,,,,,,,32,robustness,cpu,33,auto,,float32,,,spcauchy,,,,,,,,,False,,,,,,,,,1,laplace,False,False,,,,,,,1000,direct_certified,2.5496661120206694e-05,,1,,0.95,False,,,,,0,,True,False,5.0,,,,,,,1
4.178660954323732e-05,,,,,,,32,robustness,cpu,33,auto,vectorized,float32,,,spcauchy,,,,,,,,,False,,,,,,,,,1,direct,False,False,,,,,,,1000,direct_certified,3.3601650889934157e-07,,1,15,0.98,False,,,,,0,,True,False,5.0,,,,,,,1
3.415721501198732e-05,,,,,,,32,robustness,cpu,33,auto,vectorized,float32,,,spcauchy,,,,,,,,,False,,,,,,,,,1,neighbor,False,False,,,,,,,1000,direct_certified,2.7466665200909183e-07,,1,16,0.98,False,,,,,0,,True,False,5.0,,,,,,,1
0.0020105205193630127,,,,,,,32,robustness,cpu,33,auto,,float32,,,spcauchy,,,,,,,,,False,,,,,,,,,1,laplace,False,False,,,,,,,1000,direct_certified,1.6167094994577837e-05,,1,,0.98,False,,,,,0,,True,False,5.0,,,,,,,1
5.279634115140652e-05,,,,,,,32,robustness,cpu,33,auto,vectorized,float32,,,spcauchy,,,,,,,,,False,,,,,,,,,1,direct,False,False,,,,,,,1000,direct_certified,3.5989792594009786e-07,,1,15,0.99,False,,,,,0,,True,False,5.0,,,,,,,1
5.279634115140652e-05,,,,,,,32,robustness,cpu,33,auto,vectorized,float32,,,spcauchy,,,,,,,,,False,,,,,,,,,1,neighbor,False,False,,,,,,,1000,direct_certified,3.5989792594009786e-07,,1,16,0.99,False,,,,,0,,True,False,5.0,,,,,,,1
0.024802552200526407,,,,,,,32,robustness,cpu,33,auto,,float32,,,spcauchy,,,,,,,,,True,,,,,,,,,1,laplace,False,False,,,,,,,1000,direct_certified,0.00016907207772962616,,1,,0.99,False,,,,,0,,True,False,5.0,,,,,,,1
5.6732014996896396e-05,,,,,,,32,robustness,cpu,33,auto,vectorized,float32,,,spcauchy,,,,,,,,,False,,,,,,,,,1,direct,False,False,,,,,,,1000,direct_certified,3.3577492698172455e-07,,1,15,0.995,False,,,,,0,,True,False,5.0,,,,,,,1
5.6732014996896396e-05,,,,,,,32,robustness,cpu,33,auto,vectorized,float32,,,spcauchy,,,,,,,,,False,,,,,,,,,1,neighbor,False,False,,,,,,,1000,direct_certified,3.3577492698172455e-07,,1,16,0.995,False,,,,,0,,True,False,5.0,,,,,,,1
0.0932726743978094,,,,,,,32,robustness,cpu,33,auto,,float32,,,spcauchy,,,,,,,,,True,,,,,,,,,1,laplace,False,False,,,,,,,1000,direct_certified,0.0005520450038135954,,1,,0.995,False,,,,,0,,True,False,5.0,,,,,,,1
0.0006291212402231849,,,,,,,32,robustness,cpu,33,auto,vectorized,float32,,,spcauchy,,,,,,,,,False,,,,,,,,,1,direct,False,False,,,,,,,1000,direct_certified,2.852842319098744e-06,,1,15,0.999,False,,,,,0,,True,False,5.0,,,,,,,1
0.0006138624511606849,,,,,,,32,robustness,cpu,33,auto,vectorized,float32,,,spcauchy,,,,,,,,,False,,,,,,,,,1,neighbor,False,False,,,,,,,1000,direct_certified,2.7836491073733567e-06,,1,16,0.999,False,,,,,0,,True,False,5.0,,,,,,,1
2.795360868994152,,,,,,,32,robustness,cpu,33,auto,,float32,,,spcauchy,,,,,,,,,True,,,,,,,,,1,laplace,False,False,,,,,,,1000,direct_certified,0.01267597288781741,,1,,0.999,False,,,,,0,,True,False,5.0,,,,,,,1
0.0,,,,,,,32,robustness,cpu,64,auto,vectorized,float32,,,spcauchy,,,,,,,,,False,,,,,,,,,1,direct,False,False,,,,,,,1000,direct_certified,0.0,,1,31,0.0,False,,,,,0,,True,False,5.0,,,,,,,1
0.0,,,,,,,32,robustness,cpu,64,auto,vectorized,float32,,,spcauchy,,,,,,,,,False,,,,,,,,,1,neighbor,False,False,,,,,,,1000,direct_certified,0.0,,1,31,0.0,False,,,,,0,,True,False,5.0,,,,,,,1
0.00012399139814078808,,,,,,,32,robustness,cpu,64,auto,,float32,,,spcauchy,,,,,,,,,True,,,,,,,,,1,laplace,False,False,,,,,,,1000,direct_certified,123991398.14078808,,1,,0.0,False,,,,,0,,True,False,5.0,,,,,,,1
4.257238971072663e-10,,,,,,,32,robustness,cpu,64,auto,vectorized,float32,,,spcauchy,,,,,,,,,False,,,,,,,,,1,direct,False,False,,,,,,,1000,direct_certified,3.432381805202308e-08,,1,31,0.01,False,,,,,0,,True,False,5.0,,,,,,,1
4.257238971072663e-10,,,,,,,32,robustness,cpu,64,auto,vectorized,float32,,,spcauchy,,,,,,,,,False,,,,,,,,,1,neighbor,False,False,,,,,,,1000,direct_certified,3.432381805202308e-08,,1,31,0.01,False,,,,,0,,True,False,5.0,,,,,,,1
4.668214467869886e-06,,,,,,,32,robustness,cpu,64,auto,,float32,,,spcauchy,,,,,,,,,True,,,,,,,,,1,laplace,False,False,,,,,,,1000,direct_certified,0.0003763729147265031,,1,,0.01,False,,,,,0,,True,False,5.0,,,,,,,1
8.732835921065885e-08,,,,,,,32,robustness,cpu,64,auto,vectorized,float32,,,spcauchy,,,,,,,,,False,,,,,,,,,1,direct,False,False,,,,,,,1000,direct_certified,7.03849327853581e-08,,1,31,0.1,False,,,,,0,,True,False,5.0,,,,,,,1
8.732835921065885e-08,,,,,,,32,robustness,cpu,64,auto,vectorized,float32,,,spcauchy,,,,,,,,,False,,,,,,,,,1,neighbor,False,False,,,,,,,1000,direct_certified,7.03849327853581e-08,,1,31,0.1,False,,,,,0,,True,False,5.0,,,,,,,1
0.00044432490308610184,,,,,,,32,robustness,cpu,64,auto,,float32,,,spcauchy,,,,,,,,,True,,,,,,,,,1,laplace,False,False,,,,,,,1000,direct_certified,0.0003581170964535759,,1,,0.1,False,,,,,0,,True,False,5.0,,,,,,,1
4.44828529566621e-07,,,,,,,32,robustness,cpu,64,auto,vectorized,float32,,,spcauchy,,,,,,,,,False,,,,,,,,,1,direct,False,False,,,,,,,1000,direct_certified,5.72073247236884e-08,,1,31,0.25,False,,,,,0,,True,False,5.0,,,,,,,1
4.44828529566621e-07,,,,,,,32,robustness,cpu,64,auto,vectorized,float32,,,spcauchy,,,,,,,,,False,,,,,,,,,1,neighbor,False,False,,,,,,,1000,direct_certified,5.72073247236884e-08,,1,31,0.25,False,,,,,0,,True,False,5.0,,,,,,,1
0.0020523391375348865,,,,,,,32,robustness,cpu,64,auto,,float32,,,spcauchy,,,,,,,,,True,,,,,,,,,1,laplace,False,False,,,,,,,1000,direct_certified,0.00026394177459453794,,1,,0.25,False,,,,,0,,True,False,5.0,,,,,,,1
2.3508598623322996e-06,,,,,,,32,robustness,cpu,64,auto,vectorized,float32,,,spcauchy,,,,,,,,,False,,,,,,,,,1,direct,False,False,,,,,,,1000,direct_certified,7.378190645171686e-08,,1,31,0.5,False,,,,,0,,True,False,5.0,,,,,,,1
2.3508598623322996e-06,,,,,,,32,robustness,cpu,64,auto,vectorized,float32,,,spcauchy,,,,,,,,,False,,,,,,,,,1,neighbor,False,False,,,,,,,1000,direct_certified,7.378190645171686e-08,,1,31,0.5,False,,,,,0,,True,False,5.0,,,,,,,1
0.002795729584473605,,,,,,,32,robustness,cpu,64,auto,,float32,,,spcauchy,,,,,,,,,False,,,,,,,,,1,laplace,False,False,,,,,,,1000,direct_certified,8.774417478942495e-05,,1,,0.5,False,,,,,0,,True,False,5.0,,,,,,,1
1.6281683343777331e-06,,,,,,,32,robustness,cpu,64,auto,vectorized,float32,,,spcauchy,,,,,,,,,False,,,,,,,,,1,direct,False,False,,,,,,,1000,direct_certified,2.0420186424137355e-08,,1,31,0.75,False,,,,,0,,True,False,5.0,,,,,,,1
1.6281683343777331e-06,,,,,,,32,robustness,cpu,64,auto,vectorized,float32,,,spcauchy,,,,,,,,,False,,,,,,,,,1,neighbor,False,False,,,,,,,1000,direct_certified,2.0420186424137355e-08,,1,31,0.75,False,,,,,0,,True,False,5.0,,,,,,,1
0.0008681228082281223,,,,,,,32,robustness,cpu,64,auto,,float32,,,spcauchy,,,,,,,,,False,,,,,,,,,1,laplace,False,False,,,,,,,1000,direct_certified,1.0887835863629567e-05,,1,,0.75,False,,,,,0,,True,False,5.0,,,,,,,1
2.344097532613887e-05,,,,,,,32,robustness,cpu,64,auto,vectorized,float32,,,spcauchy,,,,,,,,,False,,,,,,,,,1,direct,False,False,,,,,,,1000,direct_certified,1.656519654881048e-07,,1,31,0.9,False,,,,,0,,True,False,5.0,,,,,,,1
2.344097532613887e-05,,,,,,,32,robustness,cpu,64,auto,vectorized,float32,,,spcauchy,,,,,,,,,False,,,,,,,,,1,neighbor,False,False,,,,,,,1000,direct_certified,1.656519654881048e-07,,1,31,0.9,False,,,,,0,,True,False,5.0,,,,,,,1
6.811175904886113e-05,,,,,,,32,robustness,cpu,64,auto,,float32,,,spcauchy,,,,,,,,,False,,,,,,,,,1,laplace,False,False,,,,,,,1000,direct_certified,4.813300898241479e-07,,1,,0.9,False,,,,,0,,True,False,5.0,,,,,,,1
2.5265523447615124e-05,,,,,,,32,robustness,cpu,64,auto,vectorized,float32,,,spcauchy,,,,,,,,,False,,,,,,,,,1,direct,False,False,,,,,,,1000,direct_certified,1.3534504425672044e-07,,1,31,0.95,False,,,,,0,,True,False,5.0,,,,,,,1
2.5265523447615124e-05,,,,,,,32,robustness,cpu,64,auto,vectorized,float32,,,spcauchy,,,,,,,,,False,,,,,,,,,1,neighbor,False,False,,,,,,,1000,direct_certified,1.3534504425672044e-07,,1,31,0.95,False,,,,,0,,True,False,5.0,,,,,,,1
0.004618161031260115,,,,,,,32,robustness,cpu,64,auto,,float32,,,spcauchy,,,,,,,,,False,,,,,,,,,1,laplace,False,False,,,,,,,1000,direct_certified,2.4739056384741617e-05,,1,,0.95,False,,,,,0,,True,False,5.0,,,,,,,1
9.290332508271604e-05,,,,,,,32,robustness,cpu,64,auto,vectorized,float32,,,spcauchy,,,,,,,,,False,,,,,,,,,1,direct,False,False,,,,,,,1000,direct_certified,3.7869188675128257e-07,,1,31,0.98,False,,,,,0,,True,False,5.0,,,,,,,1
9.290332508271604e-05,,,,,,,32,robustness,cpu,64,auto,vectorized,float32,,,spcauchy,,,,,,,,,False,,,,,,,,,1,neighbor,False,False,,,,,,,1000,direct_certified,3.7869188675128257e-07,,1,31,0.98,False,,,,,0,,True,False,5.0,,,,,,,1
0.003904899409292284,,,,,,,32,robustness,cpu,64,auto,,float32,,,spcauchy,,,,,,,,,False,,,,,,,,,1,laplace,False,False,,,,,,,1000,direct_certified,1.5917123779609206e-05,,1,,0.98,False,,,,,0,,True,False,5.0,,,,,,,1
0.00010190648180241624,,,,,,,32,robustness,cpu,64,auto,vectorized,float32,,,spcauchy,,,,,,,,,False,,,,,,,,,1,direct,False,False,,,,,,,1000,direct_certified,3.5224266281036876e-07,,1,31,0.99,False,,,,,0,,True,False,5.0,,,,,,,1
0.00010190648180241624,,,,,,,32,robustness,cpu,64,auto,vectorized,float32,,,spcauchy,,,,,,,,,False,,,,,,,,,1,neighbor,False,False,,,,,,,1000,direct_certified,3.5224266281036876e-07,,1,31,0.99,False,,,,,0,,True,False,5.0,,,,,,,1
0.048868996325552416,,,,,,,32,robustness,cpu,64,auto,,float32,,,spcauchy,,,,,,,,,True,,,,,,,,,1,laplace,False,False,,,,,,,1000,direct_certified,0.0001689170805440814,,1,,0.99,False,,,,,0,,True,False,5.0,,,,,,,1
7.79217333501947e-05,,,,,,,32,robustness,cpu,64,auto,vectorized,float32,,,spcauchy,,,,,,,,,False,,,,,,,,,1,direct,False,False,,,,,,,1000,direct_certified,2.3390596150012695e-07,,1,31,0.995,False,,,,,0,,True,False,5.0,,,,,,,1
7.79217333501947e-05,,,,,,,32,robustness,cpu,64,auto,vectorized,float32,,,spcauchy,,,,,,,,,False,,,,,,,,,1,neighbor,False,False,,,,,,,1000,direct_certified,2.3390596150012695e-07,,1,31,0.995,False,,,,,0,,True,False,5.0,,,,,,,1
0.1836106365771002,,,,,,,32,robustness,cpu,64,auto,,float32,,,spcauchy,,,,,,,,,True,,,,,,,,,1,laplace,False,False,,,,,,,1000,direct_certified,0.0005511635925397403,,1,,0.995,False,,,,,0,,True,False,5.0,,,,,,,1
0.0012652011290015253,,,,,,,32,robustness,cpu,64,auto,vectorized,float32,,,spcauchy,,,,,,,,,False,,,,,,,,,1,direct,False,False,,,,,,,1000,direct_certified,2.9108294899837075e-06,,1,31,0.999,False,,,,,0,,True,False,5.0,,,,,,,1
0.0012652011290015253,,,,,,,32,robustness,cpu,64,auto,vectorized,float32,,,spcauchy,,,,,,,,,False,,,,,,,,,1,neighbor,False,False,,,,,,,1000,direct_certified,2.9108294899837075e-06,,1,31,0.999,False,,,,,0,,True,False,5.0,,,,,,,1
5.5033429531678735,,,,,,,32,robustness,cpu,64,auto,,float32,,,spcauchy,,,,,,,,,True,,,,,,,,,1,laplace,False,False,,,,,,,1000,direct_certified,0.012661459584862384,,1,,0.999,False,,,,,0,,True,False,5.0,,,,,,,1
0.0,,,,,,,32,robustness,cpu,128,auto,compiled_horner_direct,float32,,,spcauchy,,,,,,,,,False,,,,,,,,,1,direct,False,False,,,,,,,1000,direct_certified,0.0,,1,63,0.0,False,,,,,0,,True,False,5.0,,,,,,,1
0.0,,,,,,,32,robustness,cpu,128,auto,compiled_horner_neighbor,float32,,,spcauchy,,,,,,,,,False,,,,,,,,,1,neighbor,False,False,,,,,,,1000,direct_certified,0.0,,1,63,0.0,False,,,,,0,,True,False,5.0,,,,,,,1
0.0002519912086427212,,,,,,,32,robustness,cpu,128,auto,,float32,,,spcauchy,,,,,,,,,True,,,,,,,,,1,laplace,False,False,,,,,,,1000,direct_certified,251991208.64272118,,1,,0.0,False,,,,,0,,True,False,5.0,,,,,,,1
5.569049318920882e-10,,,,,,,32,robustness,cpu,128,auto,compiled_horner_direct,float32,,,spcauchy,,,,,,,,,False,,,,,,,,,1,direct,False,False,,,,,,,1000,direct_certified,2.209799782728838e-08,,1,63,0.01,False,,,,,0,,True,False,5.0,,,,,,,1
5.569049318920882e-10,,,,,,,32,robustness,cpu,128,auto,compiled_horner_neighbor,float32,,,spcauchy,,,,,,,,,False,,,,,,,,,1,neighbor,False,False,,,,,,,1000,direct_certified,2.209799782728838e-08,,1,63,0.01,False,,,,,0,,True,False,5.0,,,,,,,1
2.4804864338437427e-06,,,,,,,32,robustness,cpu,128,auto,,float32,,,spcauchy,,,,,,,,,False,,,,,,,,,1,laplace,False,False,,,,,,,1000,direct_certified,9.842574681367452e-05,,1,,0.01,False,,,,,0,,True,False,5.0,,,,,,,1
3.3350901418316425e-07,,,,,,,32,robustness,cpu,128,auto,compiled_horner_direct,float32,,,spcauchy,,,,,,,,,False,,,,,,,,,1,direct,False,False,,,,,,,1000,direct_certified,1.3231213051851103e-07,,1,63,0.1,False,,,,,0,,True,False,5.0,,,,,,,1
3.3350901418316425e-07,,,,,,,32,robustness,cpu,128,auto,compiled_horner_neighbor,float32,,,spcauchy,,,,,,,,,False,,,,,,,,,1,neighbor,False,False,,,,,,,1000,direct_certified,1.3231213051851103e-07,,1,63,0.1,False,,,,,0,,True,False,5.0,,,,,,,1
0.00021996525807566059,,,,,,,32,robustness,cpu,128,auto,,float32,,,spcauchy,,,,,,,,,False,,,,,,,,,1,laplace,False,False,,,,,,,1000,direct_certified,8.726622279558751e-05,,1,,0.1,False,,,,,0,,True,False,5.0,,,,,,,1
6.085467454397531e-07,,,,,,,32,robustness,cpu,128,auto,compiled_horner_direct,float32,,,spcauchy,,,,,,,,,False,,,,,,,,,1,direct,False,False,,,,,,,1000,direct_certified,3.855081208557595e-08,,1,63,0.25,False,,,,,0,,True,False,5.0,,,,,,,1
6.085467454397531e-07,,,,,,,32,robustness,cpu,128,auto,compiled_horner_neighbor,float32,,,spcauchy,,,,,,,,,False,,,,,,,,,1,neighbor,False,False,,,,,,,1000,direct_certified,3.855081208557595e-08,,1,63,0.25,False,,,,,0,,True,False,5.0,,,,,,,1
0.0010074252056959665,,,,,,,32,robustness,cpu,128,auto,,float32,,,spcauchy,,,,,,,,,False,,,,,,,,,1,laplace,False,False,,,,,,,1000,direct_certified,6.381935337932528e-05,,1,,0.25,False,,,,,0,,True,False,5.0,,,,,,,1
9.387415218498063e-07,,,,,,,32,robustness,cpu,128,auto,compiled_horner_direct,float32,,,spcauchy,,,,,,,,,False,,,,,,,,,1,direct,False,False,,,,,,,1000,direct_certified,1.4541738789245378e-08,,1,63,0.5,False,,,,,0,,True,False,5.0,,,,,,,1
9.387415218498063e-07,,,,,,,32,robustness,cpu,128,auto,compiled_horner_neighbor,float32,,,spcauchy,,,,,,,,,False,,,,,,,,,1,neighbor,False,False,,,,,,,1000,direct_certified,1.4541738789245378e-08,,1,63,0.5,False,,,,,0,,True,False,5.0,,,,,,,1
0.0013360827844905998,,,,,,,32,robustness,cpu,128,auto,,float32,,,spcauchy,,,,,,,,,False,,,,,,,,,1,laplace,False,False,,,,,,,1000,direct_certified,2.0696822714930958e-05,,1,,0.5,False,,,,,0,,True,False,5.0,,,,,,,1
9.073937150105849e-06,,,,,,,32,robustness,cpu,128,auto,compiled_horner_direct,float32,,,spcauchy,,,,,,,,,False,,,,,,,,,1,direct,False,False,,,,,,,1000,direct_certified,5.628837477999646e-08,,1,63,0.75,False,,,,,0,,True,False,5.0,,,,,,,1
9.073937150105849e-06,,,,,,,32,robustness,cpu,128,auto,compiled_horner_neighbor,float32,,,spcauchy,,,,,,,,,False,,,,,,,,,1,neighbor,False,False,,,,,,,1000,direct_certified,5.628837477999646e-08,,1,63,0.75,False,,,,,0,,True,False,5.0,,,,,,,1
0.00036002608558760585,,,,,,,32,robustness,cpu,128,auto,,float32,,,spcauchy,,,,,,,,,False,,,,,,,,,1,laplace,False,False,,,,,,,1000,direct_certified,2.2333506283866914e-06,,1,,0.75,False,,,,,0,,True,False,5.0,,,,,,,1
4.9759111220737395e-05,,,,,,,32,robustness,cpu,128,auto,compiled_horner_direct,float32,,,spcauchy,,,,,,,,,False,,,,,,,,,1,direct,False,False,,,,,,,1000,direct_certified,1.741235438977641e-07,,1,63,0.9,False,,,,,0,,True,False,5.0,,,,,,,1
4.9759111220737395e-05,,,,,,,32,robustness,cpu,128,auto,compiled_horner_neighbor,float32,,,spcauchy,,,,,,,,,False,,,,,,,,,1,neighbor,False,False,,,,,,,1000,direct_certified,1.741235438977641e-07,,1,63,0.9,False,,,,,0,,True,False,5.0,,,,,,,1
0.0003774869825292626,,,,,,,32,robustness,cpu,128,auto,,float32,,,spcauchy,,,,,,,,,False,,,,,,,,,1,laplace,False,False,,,,,,,1000,direct_certified,1.3209514712126825e-06,,1,,0.9,False,,,,,0,,True,False,5.0,,,,,,,1
6.417699319172243e-05,,,,,,,32,robustness,cpu,128,auto,compiled_horner_direct,float32,,,spcauchy,,,,,,,,,False,,,,,,,,,1,direct,False,False,,,,,,,1000,direct_certified,1.7030959362069394e-07,,1,63,0.95,False,,,,,0,,True,False,5.0,,,,,,,1
6.417699319172243e-05,,,,,,,32,robustness,cpu,128,auto,compiled_horner_neighbor,float32,,,spcauchy,,,,,,,,,False,,,,,,,,,1,neighbor,False,False,,,,,,,1000,direct_certified,1.7030959362069394e-07,,1,63,0.95,False,,,,,0,,True,False,5.0,,,,,,,1
0.009280485586941722,,,,,,,32,robustness,cpu,128,auto,,float32,,,spcauchy,,,,,,,,,False,,,,,,,,,1,laplace,False,False,,,,,,,1000,direct_certified,2.4628073867421584e-05,,1,,0.95,False,,,,,0,,True,False,5.0,,,,,,,1
0.00013405490977902446,,,,,,,32,robustness,cpu,128,auto,compiled_horner_direct,float32,,,spcauchy,,,,,,,,,False,,,,,,,,,1,direct,False,False,,,,,,,1000,direct_certified,2.707842335386734e-07,,1,63,0.98,False,,,,,0,,True,False,5.0,,,,,,,1
0.00013405490977902446,,,,,,,32,robustness,cpu,128,auto,compiled_horner_neighbor,float32,,,spcauchy,,,,,,,,,False,,,,,,,,,1,neighbor,False,False,,,,,,,1000,direct_certified,2.707842335386734e-07,,1,63,0.98,False,,,,,0,,True,False,5.0,,,,,,,1
0.007861550558970976,,,,,,,32,robustness,cpu,128,auto,,float32,,,spcauchy,,,,,,,,,False,,,,,,,,,1,laplace,False,False,,,,,,,1000,direct_certified,1.5879940138302757e-05,,1,,0.98,False,,,,,0,,True,False,5.0,,,,,,,1
0.00018595764186102315,,,,,,,32,robustness,cpu,128,auto,compiled_horner_direct,float32,,,spcauchy,,,,,,,,,False,,,,,,,,,1,direct,False,False,,,,,,,1000,direct_certified,3.1857264498722816e-07,,1,63,0.99,False,,,,,0,,True,False,5.0,,,,,,,1
0.00018595764186102315,,,,,,,32,robustness,cpu,128,auto,compiled_horner_neighbor,float32,,,spcauchy,,,,,,,,,False,,,,,,,,,1,neighbor,False,False,,,,,,,1000,direct_certified,3.1857264498722816e-07,,1,63,0.99,False,,,,,0,,True,False,5.0,,,,,,,1
0.09857462951686102,,,,,,,32,robustness,cpu,128,auto,,float32,,,spcauchy,,,,,,,,,True,,,,,,,,,1,laplace,False,False,,,,,,,1000,direct_certified,0.00016887276123501242,,1,,0.99,False,,,,,0,,True,False,5.0,,,,,,,1
0.00017242901242298103,,,,,,,32,robustness,cpu,128,auto,compiled_horner_direct,float32,,,spcauchy,,,,,,,,,False,,,,,,,,,1,direct,False,False,,,,,,,1000,direct_certified,2.565651166696736e-07,,1,63,0.995,False,,,,,0,,True,False,5.0,,,,,,,1
0.00017242901242298103,,,,,,,32,robustness,cpu,128,auto,compiled_horner_neighbor,float32,,,spcauchy,,,,,,,,,False,,,,,,,,,1,neighbor,False,False,,,,,,,1000,direct_certified,2.565651166696736e-07,,1,63,0.995,False,,,,,0,,True,False,5.0,,,,,,,1
0.370106511043673,,,,,,,32,robustness,cpu,128,auto,,float32,,,spcauchy,,,,,,,,,True,,,,,,,,,1,laplace,False,False,,,,,,,1000,direct_certified,0.000550698625781088,,1,,0.995,False,,,,,0,,True,False,5.0,,,,,,,1
0.0025164654847458223,,,,,,,32,robustness,cpu,128,auto,compiled_horner_direct,float32,,,spcauchy,,,,,,,,,False,,,,,,,,,1,direct,False,False,,,,,,,1000,direct_certified,2.87032006868133e-06,,1,63,0.999,False,,,,,0,,True,False,5.0,,,,,,,1
0.0025164654847458223,,,,,,,32,robustness,cpu,128,auto,compiled_horner_neighbor,float32,,,spcauchy,,,,,,,,,False,,,,,,,,,1,neighbor,False,False,,,,,,,1000,direct_certified,2.87032006868133e-06,,1,63,0.999,False,,,,,0,,True,False,5.0,,,,,,,1
11.093980116546504,,,,,,,32,robustness,cpu,128,auto,,float32,,,spcauchy,,,,,,,,,True,,,,,,,,,1,laplace,False,False,,,,,,,1000,direct_certified,0.012653968021060074,,1,,0.999,False,,,,,0,,True,False,5.0,,,,,,,1
0.0,,,,,,,32,robustness,cpu,256,auto,compiled_horner_direct,float32,,,spcauchy,,,,,,,,,False,,,,,,,,,1,direct,False,False,,,,,,,1000,direct_certified,0.0,,1,127,0.0,False,,,,,0,,True,False,5.0,,,,,,,1
0.0,,,,,,,32,robustness,cpu,256,auto,compiled_horner_neighbor,float32,,,spcauchy,,,,,,,,,False,,,,,,,,,1,neighbor,False,False,,,,,,,1000,direct_certified,0.0,,1,127,0.0,False,,,,,0,,True,False,5.0,,,,,,,1
0.0005079852417111397,,,,,,,32,robustness,cpu,256,auto,,float32,,,spcauchy,,,,,,,,,True,,,,,,,,,1,laplace,False,False,,,,,,,1000,direct_certified,507985241.7111397,,1,,0.0,False,,,,,0,,True,False,5.0,,,,,,,1
1.8447198976700996e-09,,,,,,,32,robustness,cpu,256,auto,compiled_horner_direct,float32,,,spcauchy,,,,,,,,,False,,,,,,,,,1,direct,False,False,,,,,,,1000,direct_certified,3.631279709291809e-08,,1,127,0.01,False,,,,,0,,True,False,5.0,,,,,,,1
1.8447198976700996e-09,,,,,,,32,robustness,cpu,256,auto,compiled_horner_neighbor,float32,,,spcauchy,,,,,,,,,False,,,,,,,,,1,neighbor,False,False,,,,,,,1000,direct_certified,3.631279709291809e-08,,1,127,0.01,False,,,,,0,,True,False,5.0,,,,,,,1
1.346674517642421e-06,,,,,,,32,robustness,cpu,256,auto,,float32,,,spcauchy,,,,,,,,,False,,,,,,,,,1,laplace,False,False,,,,,,,1000,direct_certified,2.6508912584027366e-05,,1,,0.01,False,,,,,0,,True,False,5.0,,,,,,,1
7.577642726630529e-07,,,,,,,32,robustness,cpu,256,auto,compiled_horner_direct,float32,,,spcauchy,,,,,,,,,False,,,,,,,,,1,direct,False,False,,,,,,,1000,direct_certified,1.491475161363964e-07,,1,127,0.1,False,,,,,0,,True,False,5.0,,,,,,,1
7.577642726630529e-07,,,,,,,32,robustness,cpu,256,auto,compiled_horner_neighbor,float32,,,spcauchy,,,,,,,,,False,,,,,,,,,1,neighbor,False,False,,,,,,,1000,direct_certified,1.491475161363964e-07,,1,127,0.1,False,,,,,0,,True,False,5.0,,,,,,,1
0.00011129896790507132,,,,,,,32,robustness,cpu,256,auto,,float32,,,spcauchy,,,,,,,,,False,,,,,,,,,1,laplace,False,False,,,,,,,1000,direct_certified,2.1906502075174008e-05,,1,,0.1,False,,,,,0,,True,False,5.0,,,,,,,1
2.677673911932743e-06,,,,,,,32,robustness,cpu,256,auto,compiled_horner_direct,float32,,,spcauchy,,,,,,,,,False,,,,,,,,,1,direct,False,False,,,,,,,1000,direct_certified,8.418726112557551e-08,,1,127,0.25,False,,,,,0,,True,False,5.0,,,,,,,1
2.677673911932743e-06,,,,,,,32,robustness,cpu,256,auto,compiled_horner_neighbor,float32,,,spcauchy,,,,,,,,,False,,,,,,,,,1,neighbor,False,False,,,,,,,1000,direct_certified,8.418726112557551e-08,,1,127,0.25,False,,,,,0,,True,False,5.0,,,,,,,1
0.0005103991083146298,,,,,,,32,robustness,cpu,256,auto,,float32,,,spcauchy,,,,,,,,,False,,,,,,,,,1,laplace,False,False,,,,,,,1000,direct_certified,1.60471754303083e-05,,1,,0.25,False,,,,,0,,True,False,5.0,,,,,,,1
9.379058155900566e-06,,,,,,,32,robustness,cpu,256,auto,compiled_horner_direct,float32,,,spcauchy,,,,,,,,,False,,,,,,,,,1,direct,False,False,,,,,,,1000,direct_certified,7.217958829541357e-08,,1,127,0.5,False,,,,,0,,True,False,5.0,,,,,,,1
9.379058155900566e-06,,,,,,,32,robustness,cpu,256,auto,compiled_horner_neighbor,float32,,,spcauchy,,,,,,,,,False,,,,,,,,,1,neighbor,False,False,,,,,,,1000,direct_certified,7.217958829541357e-08,,1,127,0.5,False,,,,,0,,True,False,5.0,,,,,,,1
0.0006620076605940994,,,,,,,32,robustness,cpu,256,auto,,float32,,,spcauchy,,,,,,,,,False,,,,,,,,,1,laplace,False,False,,,,,,,1000,direct_certified,5.094694967855637e-06,,1,,0.5,False,,,,,0,,True,False,5.0,,,,,,,1
1.7053540943834378e-05,,,,,,,32,robustness,cpu,256,auto,compiled_horner_direct,float32,,,spcauchy,,,,,,,,,False,,,,,,,,,1,direct,False,False,,,,,,,1000,direct_certified,5.261087987762581e-08,,1,127,0.75,False,,,,,0,,True,False,5.0,,,,,,,1
1.7053540943834378e-05,,,,,,,32,robustness,cpu,256,auto,compiled_horner_neighbor,float32,,,spcauchy,,,,,,,,,False,,,,,,,,,1,neighbor,False,False,,,,,,,1000,direct_certified,5.261087987762581e-08,,1,127,0.75,False,,,,,0,,True,False,5.0,,,,,,,1
0.00013553434968116562,,,,,,,32,robustness,cpu,256,auto,,float32,,,spcauchy,,,,,,,,,False,,,,,,,,,1,laplace,False,False,,,,,,,1000,direct_certified,4.1812908028030173e-07,,1,,0.75,False,,,,,0,,True,False,5.0,,,,,,,1
6.904844644850527e-05,,,,,,,32,robustness,cpu,256,auto,compiled_horner_direct,float32,,,spcauchy,,,,,,,,,False,,,,,,,,,1,direct,False,False,,,,,,,1000,direct_certified,1.202328466649e-07,,1,127,0.9,False,,,,,0,,True,False,5.0,,,,,,,1
6.904844644850527e-05,,,,,,,32,robustness,cpu,256,auto,compiled_horner_neighbor,float32,,,spcauchy,,,,,,,,,False,,,,,,,,,1,neighbor,False,False,,,,,,,1000,direct_certified,1.202328466649e-07,,1,127,0.9,False,,,,,0,,True,False,5.0,,,,,,,1
0.0007244085848014947,,,,,,,32,robustness,cpu,256,auto,,float32,,,spcauchy,,,,,,,,,False,,,,,,,,,1,laplace,False,False,,,,,,,1000,direct_certified,1.2613999413314935e-06,,1,,0.9,False,,,,,0,,True,False,5.0,,,,,,,1
9.450810171074409e-05,,,,,,,32,robustness,cpu,256,auto,compiled_horner_direct,float32,,,spcauchy,,,,,,,,,False,,,,,,,,,1,direct,False,False,,,,,,,1000,direct_certified,1.248251910360286e-07,,1,127,0.95,False,,,,,0,,True,False,5.0,,,,,,,1
9.450810171074409e-05,,,,,,,32,robustness,cpu,256,auto,compiled_horner_neighbor,float32,,,spcauchy,,,,,,,,,False,,,,,,,,,1,neighbor,False,False,,,,,,,1000,direct_certified,1.248251910360286e-07,,1,127,0.95,False,,,,,0,,True,False,5.0,,,,,,,1
0.018649195601710744,,,,,,,32,robustness,cpu,256,auto,,float32,,,spcauchy,,,,,,,,,False,,,,,,,,,1,laplace,False,False,,,,,,,1000,direct_certified,2.4631638573978084e-05,,1,,0.95,False,,,,,0,,True,False,5.0,,,,,,,1
0.000353073811993454,,,,,,,32,robustness,cpu,256,auto,compiled_horner_direct,float32,,,spcauchy,,,,,,,,,False,,,,,,,,,1,direct,False,False,,,,,,,1000,direct_certified,3.550163648302103e-07,,1,127,0.98,False,,,,,0,,True,False,5.0,,,,,,,1
0.000353073811993454,,,,,,,32,robustness,cpu,256,auto,compiled_horner_neighbor,float32,,,spcauchy,,,,,,,,,False,,,,,,,,,1,neighbor,False,False,,,,,,,1000,direct_certified,3.550163648302103e-07,,1,127,0.98,False,,,,,0,,True,False,5.0,,,,,,,1
0.015882277750506546,,,,,,,32,robustness,cpu,256,auto,,float32,,,spcauchy,,,,,,,,,False,,,,,,,,,1,laplace,False,False,,,,,,,1000,direct_certified,1.5969659376247087e-05,,1,,0.98,False,,,,,0,,True,False,5.0,,,,,,,1
0.00031158002639131155,,,,,,,32,robustness,cpu,256,auto,compiled_horner_direct,float32,,,spcauchy,,,,,,,,,False,,,,,,,,,1,direct,False,False,,,,,,,1000,direct_certified,2.657295353340472e-07,,1,127,0.99,False,,,,,0,,True,False,5.0,,,,,,,1
0.00031158002639131155,,,,,,,32,robustness,cpu,256,auto,compiled_horner_neighbor,float32,,,spcauchy,,,,,,,,,False,,,,,,,,,1,neighbor,False,False,,,,,,,1000,direct_certified,2.657295353340472e-07,,1,127,0.99,False,,,,,0,,True,False,5.0,,,,,,,1
0.1976992753388913,,,,,,,32,robustness,cpu,256,auto,,float32,,,spcauchy,,,,,,,,,True,,,,,,,,,1,laplace,False,False,,,,,,,1000,direct_certified,0.00016860688144914533,,1,,0.99,False,,,,,0,,True,False,5.0,,,,,,,1
0.0004029569731756055,,,,,,,32,robustness,cpu,256,auto,compiled_horner_direct,float32,,,spcauchy,,,,,,,,,False,,,,,,,,,1,direct,False,False,,,,,,,1000,direct_certified,2.9850140287416705e-07,,1,127,0.995,False,,,,,0,,True,False,5.0,,,,,,,1
0.0004029569731756055,,,,,,,32,robustness,cpu,256,auto,compiled_horner_neighbor,float32,,,spcauchy,,,,,,,,,False,,,,,,,,,1,neighbor,False,False,,,,,,,1000,direct_certified,2.9850140287416705e-07,,1,127,0.995,False,,,,,0,,True,False,5.0,,,,,,,1
0.7432008085356756,,,,,,,32,robustness,cpu,256,auto,,float32,,,spcauchy,,,,,,,,,True,,,,,,,,,1,laplace,False,False,,,,,,,1000,direct_certified,0.0005505463330657773,,1,,0.995,False,,,,,0,,True,False,5.0,,,,,,,1
0.005099858427684012,,,,,,,32,robustness,cpu,256,auto,compiled_horner_direct,float32,,,spcauchy,,,,,,,,,False,,,,,,,,,1,direct,False,False,,,,,,,1000,direct_certified,2.896249478798749e-06,,1,127,0.999,False,,,,,0,,True,False,5.0,,,,,,,1
0.005099858427684012,,,,,,,32,robustness,cpu,256,auto,compiled_horner_neighbor,float32,,,spcauchy,,,,,,,,,False,,,,,,,,,1,neighbor,False,False,,,,,,,1000,direct_certified,2.896249478798749e-06,,1,127,0.999,False,,,,,0,,True,False,5.0,,,,,,,1
22.275539790009816,,,,,,,32,robustness,cpu,256,auto,,float32,,,spcauchy,,,,,,,,,True,,,,,,,,,1,laplace,False,False,,,,,,,1000,direct_certified,0.012650453227595776,,1,,0.999,False,,,,,0,,True,False,5.0,,,,,,,1
0.0,,,,,,,32,robustness,cpu,512,auto,compiled_horner_direct,float32,,,spcauchy,,,,,,,,,False,,,,,,,,,1,direct,False,False,,,,,,,1000,direct_certified,0.0,,1,255,0.0,False,,,,,0,,True,False,5.0,,,,,,,1
0.0,,,,,,,32,robustness,cpu,512,auto,compiled_horner_neighbor,float32,,,spcauchy,,,,,,,,,False,,,,,,,,,1,neighbor,False,False,,,,,,,1000,direct_certified,0.0,,1,255,0.0,False,,,,,0,,True,False,5.0,,,,,,,1
0.001019985182210803,,,,,,,32,robustness,cpu,512,auto,,float32,,,spcauchy,,,,,,,,,True,,,,,,,,,1,laplace,False,False,,,,,,,1000,direct_certified,1019985182.210803,,1,,0.0,False,,,,,0,,True,False,5.0,,,,,,,1
7.872894336458103e-09,,,,,,,32,robustness,cpu,512,auto,compiled_horner_direct,float32,,,spcauchy,,,,,,,,,False,,,,,,,,,1,direct,False,False,,,,,,,1000,direct_certified,7.718491271451407e-08,,1,255,0.01,False,,,,,0,,True,False,5.0,,,,,,,1
7.872894336458103e-09,,,,,,,32,robustness,cpu,512,auto,compiled_horner_neighbor,float32,,,spcauchy,,,,,,,,,False,,,,,,,,,1,neighbor,False,False,,,,,,,1000,direct_certified,7.718491271451407e-08,,1,255,0.01,False,,,,,0,,True,False,5.0,,,,,,,1
4.847100525395831e-07,,,,,,,32,robustness,cpu,512,auto,,float32,,,spcauchy,,,,,,,,,False,,,,,,,,,1,laplace,False,False,,,,,,,1000,direct_certified,4.752039275297385e-06,,1,,0.01,False,,,,,0,,True,False,5.0,,,,,,,1
5.125720807797052e-07,,,,,,,32,robustness,cpu,512,auto,compiled_horner_direct,float32,,,spcauchy,,,,,,,,,False,,,,,,,,,1,direct,False,False,,,,,,,1000,direct_certified,5.024836748750216e-08,,1,255,0.1,False,,,,,0,,True,False,5.0,,,,,,,1
5.125720807797052e-07,,,,,,,32,robustness,cpu,512,auto,compiled_horner_neighbor,float32,,,spcauchy,,,,,,,,,False,,,,,,,,,1,neighbor,False,False,,,,,,,1000,direct_certified,5.024836748750216e-08,,1,255,0.1,False,,,,,0,,True,False,5.0,,,,,,,1
5.2893189637970295e-05,,,,,,,32,robustness,cpu,512,auto,,float32,,,spcauchy,,,,,,,,,False,,,,,,,,,1,laplace,False,False,,,,,,,1000,direct_certified,5.185214977905026e-06,,1,,0.1,False,,,,,0,,True,False,5.0,,,,,,,1
1.8021641920995535e-06,,,,,,,32,robustness,cpu,512,auto,compiled_horner_direct,float32,,,spcauchy,,,,,,,,,False,,,,,,,,,1,direct,False,False,,,,,,,1000,direct_certified,2.8225947323951245e-08,,1,255,0.25,False,,,,,0,,True,False,5.0,,,,,,,1
1.8021641920995535e-06,,,,,,,32,robustness,cpu,512,auto,compiled_horner_neighbor,float32,,,spcauchy,,,,,,,,,False,,,,,,,,,1,neighbor,False,False,,,,,,,1000,direct_certified,2.8225947323951245e-08,,1,255,0.25,False,,,,,0,,True,False,5.0,,,,,,,1
0.00027285603893290045,,,,,,,32,robustness,cpu,512,auto,,float32,,,spcauchy,,,,,,,,,False,,,,,,,,,1,laplace,False,False,,,,,,,1000,direct_certified,4.273539678407167e-06,,1,,0.25,False,,,,,0,,True,False,5.0,,,,,,,1
5.7015849392882956e-06,,,,,,,32,robustness,cpu,512,auto,compiled_horner_direct,float32,,,spcauchy,,,,,,,,,False,,,,,,,,,1,direct,False,False,,,,,,,1000,direct_certified,2.186929137895801e-08,,1,255,0.5,False,,,,,0,,True,False,5.0,,,,,,,1
5.7015849392882956e-06,,,,,,,32,robustness,cpu,512,auto,compiled_horner_neighbor,float32,,,spcauchy,,,,,,,,,False,,,,,,,,,1,neighbor,False,False,,,,,,,1000,direct_certified,2.186929137895801e-08,,1,255,0.5,False,,,,,0,,True,False,5.0,,,,,,,1
0.0003108773661892883,,,,,,,32,robustness,cpu,512,auto,,float32,,,spcauchy,,,,,,,,,False,,,,,,,,,1,laplace,False,False,,,,,,,1000,direct_certified,1.1924171571081118e-06,,1,,0.5,False,,,,,0,,True,False,5.0,,,,,,,1
3.701885873397259e-05,,,,,,,32,robustness,cpu,512,auto,compiled_horner_direct,float32,,,spcauchy,,,,,,,,,False,,,,,,,,,1,direct,False,False,,,,,,,1000,direct_certified,5.6949959905022034e-08,,1,255,0.75,False,,,,,0,,True,False,5.0,,,,,,,1
3.701885873397259e-05,,,,,,,32,robustness,cpu,512,auto,compiled_horner_neighbor,float32,,,spcauchy,,,,,,,,,False,,,,,,,,,1,neighbor,False,False,,,,,,,1000,direct_certified,5.6949959905022034e-08,,1,255,0.75,False,,,,,0,,True,False,5.0,,,,,,,1
3.701885873397259e-05,,,,,,,32,robustness,cpu,512,auto,,float32,,,spcauchy,,,,,,,,,False,,,,,,,,,1,laplace,False,False,,,,,,,1000,direct_certified,5.6949959905022034e-08,,1,,0.75,False,,,,,0,,True,False,5.0,,,,,,,1
9.317392164120974e-05,,,,,,,32,robustness,cpu,512,auto,compiled_horner_direct,float32,,,spcauchy,,,,,,,,,False,,,,,,,,,1,direct,False,False,,,,,,,1000,direct_certified,8.092729827616574e-08,,1,255,0.9,False,,,,,0,,True,False,5.0,,,,,,,1
9.317392164120974e-05,,,,,,,32,robustness,cpu,512,auto,compiled_horner_neighbor,float32,,,spcauchy,,,,,,,,,False,,,,,,,,,1,neighbor,False,False,,,,,,,1000,direct_certified,8.092729827616574e-08,,1,255,0.9,False,,,,,0,,True,False,5.0,,,,,,,1
0.0016158104533587903,,,,,,,32,robustness,cpu,512,auto,,float32,,,spcauchy,,,,,,,,,False,,,,,,,,,1,laplace,False,False,,,,,,,1000,direct_certified,1.4034310482309716e-06,,1,,0.9,False,,,,,0,,True,False,5.0,,,,,,,1
0.00021208720340837317,,,,,,,32,robustness,cpu,512,auto,compiled_horner_direct,float32,,,spcauchy,,,,,,,,,False,,,,,,,,,1,direct,False,False,,,,,,,1000,direct_certified,1.3974080639377484e-07,,1,255,0.95,False,,,,,0,,True,False,5.0,,,,,,,1
0.00021208720340837317,,,,,,,32,robustness,cpu,512,auto,compiled_horner_neighbor,float32,,,spcauchy,,,,,,,,,False,,,,,,,,,1,neighbor,False,False,,,,,,,1000,direct_certified,1.3974080639377484e-07,,1,255,0.95,False,,,,,0,,True,False,5.0,,,,,,,1
0.03732146220340837,,,,,,,32,robustness,cpu,512,auto,,float32,,,spcauchy,,,,,,,,,False,,,,,,,,,1,laplace,False,False,,,,,,,1000,direct_certified,2.459050400158737e-05,,1,,0.95,False,,,,,0,,True,False,5.0,,,,,,,1
0.0005646040258397989,,,,,,,32,robustness,cpu,512,auto,compiled_horner_direct,float32,,,spcauchy,,,,,,,,,False,,,,,,,,,1,direct,False,False,,,,,,,1000,direct_certified,2.83228185426425e-07,,1,255,0.98,False,,,,,0,,True,False,5.0,,,,,,,1
0.0005646040258397989,,,,,,,32,robustness,cpu,512,auto,compiled_horner_neighbor,float32,,,spcauchy,,,,,,,,,False,,,,,,,,,1,neighbor,False,False,,,,,,,1000,direct_certified,2.83228185426425e-07,,1,255,0.98,False,,,,,0,,True,False,5.0,,,,,,,1
0.0317840287866602,,,,,,,32,robustness,cpu,512,auto,,float32,,,spcauchy,,,,,,,,,False,,,,,,,,,1,laplace,False,False,,,,,,,1000,direct_certified,1.5944152692494785e-05,,1,,0.98,False,,,,,0,,True,False,5.0,,,,,,,1
0.0010706133693929587,,,,,,,32,robustness,cpu,512,auto,compiled_horner_direct,float32,,,spcauchy,,,,,,,,,False,,,,,,,,,1,direct,False,False,,,,,,,1000,direct_certified,4.5554274042300635e-07,,1,255,0.99,False,,,,,0,,True,False,5.0,,,,,,,1
0.0010706133693929587,,,,,,,32,robustness,cpu,512,auto,compiled_horner_neighbor,float32,,,spcauchy,,,,,,,,,False,,,,,,,,,1,neighbor,False,False,,,,,,,1000,direct_certified,4.5554274042300635e-07,,1,255,0.99,False,,,,,0,,True,False,5.0,,,,,,,1
0.39609014461939296,,,,,,,32,robustness,cpu,512,auto,,float32,,,spcauchy,,,,,,,,,True,,,,,,,,,1,laplace,False,False,,,,,,,1000,direct_certified,0.00016853515479334146,,1,,0.99,False,,,,,0,,True,False,5.0,,,,,,,1
0.0009661125518505287,,,,,,,32,robustness,cpu,512,auto,compiled_horner_direct,float32,,,spcauchy,,,,,,,,,False,,,,,,,,,1,direct,False,False,,,,,,,1000,direct_certified,3.57070434629131e-07,,1,255,0.995,False,,,,,0,,True,False,5.0,,,,,,,1
0.0009661125518505287,,,,,,,32,robustness,cpu,512,auto,compiled_horner_neighbor,float32,,,spcauchy,,,,,,,,,False,,,,,,,,,1,neighbor,False,False,,,,,,,1000,direct_certified,3.57070434629131e-07,,1,255,0.995,False,,,,,0,,True,False,5.0,,,,,,,1
1.4894915031768505,,,,,,,32,robustness,cpu,512,auto,,float32,,,spcauchy,,,,,,,,,True,,,,,,,,,1,laplace,False,False,,,,,,,1000,direct_certified,0.0005505087139143607,,1,,0.995,False,,,,,0,,True,False,5.0,,,,,,,1
0.010164691978388873,,,,,,,32,robustness,cpu,512,auto,compiled_horner_direct,float32,,,spcauchy,,,,,,,,,False,,,,,,,,,1,direct,False,False,,,,,,,1000,direct_certified,2.8802447510648414e-06,,1,255,0.999,False,,,,,0,,True,False,5.0,,,,,,,1
0.010164691978388873,,,,,,,32,robustness,cpu,512,auto,compiled_horner_neighbor,float32,,,spcauchy,,,,,,,,,False,,,,,,,,,1,neighbor,False,False,,,,,,,1000,direct_certified,2.8802447510648414e-06,,1,255,0.999,False,,,,,0,,True,False,5.0,,,,,,,1
44.63827280802161,,,,,,,32,robustness,cpu,512,auto,,float32,,,spcauchy,,,,,,,,,True,,,,,,,,,1,laplace,False,False,,,,,,,1000,direct_certified,0.012648602754048548,,1,,0.999,False,,,,,0,,True,False,5.0,,,,,,,1
0.0,,,,,,,32,robustness,cpu,1024,auto,compiled_horner_direct,float32,,,spcauchy,,,,,,,,,False,,,,,,,,,1,direct,False,False,,,,,,,1000,direct_certified,0.0,,1,511,0.0,False,,,,,0,,True,False,5.0,,,,,,,1
0.0,,,,,,,32,robustness,cpu,1024,auto,compiled_horner_neighbor,float32,,,spcauchy,,,,,,,,,False,,,,,,,,,1,neighbor,False,False,,,,,,,1000,direct_certified,0.0,,1,511,0.0,False,,,,,0,,True,False,5.0,,,,,,,1
0.002044110093265772,,,,,,,32,robustness,cpu,1024,auto,,float32,,,spcauchy,,,,,,,,,True,,,,,,,,,1,laplace,False,False,,,,,,,1000,direct_certified,2044110093.2657719,,1,,0.0,False,,,,,0,,True,False,5.0,,,,,,,1
9.358837593786973e-09,,,,,,,32,robustness,cpu,1024,auto,compiled_horner_direct,float32,,,spcauchy,,,,,,,,,False,,,,,,,,,1,direct,False,False,,,,,,,1000,direct_certified,4.578682385400761e-08,,1,511,0.01,False,,,,,0,,True,False,5.0,,,,,,,1
9.358837593786973e-09,,,,,,,32,robustness,cpu,1024,auto,compiled_horner_neighbor,float32,,,spcauchy,,,,,,,,,False,,,,,,,,,1,neighbor,False,False,,,,,,,1000,direct_certified,4.578682385400761e-08,,1,511,0.01,False,,,,,0,,True,False,5.0,,,,,,,1
6.650099301230838e-07,,,,,,,32,robustness,cpu,1024,auto,,float32,,,spcauchy,,,,,,,,,False,,,,,,,,,1,laplace,False,False,,,,,,,1000,direct_certified,3.2534694855614812e-06,,1,,0.01,False,,,,,0,,True,False,5.0,,,,,,,1
1.208829647936227e-06,,,,,,,32,robustness,cpu,1024,auto,compiled_horner_direct,float32,,,spcauchy,,,,,,,,,False,,,,,,,,,1,direct,False,False,,,,,,,1000,direct_certified,5.9137228147344136e-08,,1,511,0.1,False,,,,,0,,True,False,5.0,,,,,,,1
1.208829647936227e-06,,,,,,,32,robustness,cpu,1024,auto,compiled_horner_neighbor,float32,,,spcauchy,,,,,,,,,False,,,,,,,,,1,neighbor,False,False,,,,,,,1000,direct_certified,5.9137228147344136e-08,,1,511,0.1,False,,,,,0,,True,False,5.0,,,,,,,1
3.121609710987627e-05,,,,,,,32,robustness,cpu,1024,auto,,float32,,,spcauchy,,,,,,,,,False,,,,,,,,,1,laplace,False,False,,,,,,,1000,direct_certified,1.5271245702883293e-06,,1,,0.1,False,,,,,0,,True,False,5.0,,,,,,,1
1.0635871149133891e-05,,,,,,,32,robustness,cpu,1024,auto,compiled_horner_direct,float32,,,spcauchy,,,,,,,,,False,,,,,,,,,1,direct,False,False,,,,,,,1000,direct_certified,8.313740314829244e-08,,1,511,0.25,False,,,,,0,,True,False,5.0,,,,,,,1
1.0635871149133891e-05,,,,,,,32,robustness,cpu,1024,auto,compiled_horner_neighbor,float32,,,spcauchy,,,,,,,,,False,,,,,,,,,1,neighbor,False,False,,,,,,,1000,direct_certified,8.313740314829244e-08,,1,511,0.25,False,,,,,0,,True,False,5.0,,,,,,,1
0.0002029871757258661,,,,,,,32,robustness,cpu,1024,auto,,float32,,,spcauchy,,,,,,,,,False,,,,,,,,,1,laplace,False,False,,,,,,,1000,direct_certified,1.5866896491716957e-06,,1,,0.25,False,,,,,0,,True,False,5.0,,,,,,,1
1.2804855373360624e-05,,,,,,,32,robustness,cpu,1024,auto,compiled_horner_direct,float32,,,spcauchy,,,,,,,,,False,,,,,,,,,1,direct,False,False,,,,,,,1000,direct_certified,2.4518414465171424e-08,,1,511,0.5,False,,,,,0,,True,False,5.0,,,,,,,1
1.2804855373360624e-05,,,,,,,32,robustness,cpu,1024,auto,compiled_horner_neighbor,float32,,,spcauchy,,,,,,,,,False,,,,,,,,,1,neighbor,False,False,,,,,,,1000,direct_certified,2.4518414465171424e-08,,1,511,0.5,False,,,,,0,,True,False,5.0,,,,,,,1
0.0002923709258766394,,,,,,,32,robustness,cpu,1024,auto,,float32,,,spcauchy,,,,,,,,,False,,,,,,,,,1,laplace,False,False,,,,,,,1000,direct_certified,5.598244829162797e-07,,1,,0.5,False,,,,,0,,True,False,5.0,,,,,,,1
4.475115019886289e-05,,,,,,,32,robustness,cpu,1024,auto,compiled_horner_direct,float32,,,spcauchy,,,,,,,,,False,,,,,,,,,1,direct,False,False,,,,,,,1000,direct_certified,3.437681483569185e-08,,1,511,0.75,False,,,,,0,,True,False,5.0,,,,,,,1
4.475115019886289e-05,,,,,,,32,robustness,cpu,1024,auto,compiled_horner_neighbor,float32,,,spcauchy,,,,,,,,,False,,,,,,,,,1,neighbor,False,False,,,,,,,1000,direct_certified,3.437681483569185e-08,,1,511,0.75,False,,,,,0,,True,False,5.0,,,,,,,1
4.475115019886289e-05,,,,,,,32,robustness,cpu,1024,auto,,float32,,,spcauchy,,,,,,,,,False,,,,,,,,,1,laplace,False,False,,,,,,,1000,direct_certified,3.437681483569185e-08,,1,,0.75,False,,,,,0,,True,False,5.0,,,,,,,1
0.00016908073075683205,,,,,,,32,robustness,cpu,1024,auto,compiled_horner_direct,float32,,,spcauchy,,,,,,,,,False,,,,,,,,,1,direct,False,False,,,,,,,1000,direct_certified,7.334095691411542e-08,,1,511,0.9,False,,,,,0,,True,False,5.0,,,,,,,1
0.00016908073075683205,,,,,,,32,robustness,cpu,1024,auto,compiled_horner_neighbor,float32,,,spcauchy,,,,,,,,,False,,,,,,,,,1,neighbor,False,False,,,,,,,1000,direct_certified,7.334095691411542e-08,,1,511,0.9,False,,,,,0,,True,False,5.0,,,,,,,1
0.002760606769243168,,,,,,,32,robustness,cpu,1024,auto,,float32,,,spcauchy,,,,,,,,,False,,,,,,,,,1,laplace,False,False,,,,,,,1000,direct_certified,1.1974489417783493e-06,,1,,0.9,False,,,,,0,,True,False,5.0,,,,,,,1
0.0004500651980379189,,,,,,,32,robustness,cpu,1024,auto,compiled_horner_direct,float32,,,spcauchy,,,,,,,,,False,,,,,,,,,1,direct,False,False,,,,,,,1000,direct_certified,1.4810098959466525e-07,,1,511,0.95,False,,,,,0,,True,False,5.0,,,,,,,1
0.0004500651980379189,,,,,,,32,robustness,cpu,1024,auto,compiled_horner_neighbor,float32,,,spcauchy,,,,,,,,,False,,,,,,,,,1,neighbor,False,False,,,,,,,1000,direct_certified,1.4810098959466525e-07,,1,511,0.95,False,,,,,0,,True,False,5.0,,,,,,,1
0.07515709644803792,,,,,,,32,robustness,cpu,1024,auto,,float32,,,spcauchy,,,,,,,,,False,,,,,,,,,1,laplace,False,False,,,,,,,1000,direct_certified,2.4731617569057895e-05,,1,,0.95,False,,,,,0,,True,False,5.0,,,,,,,1
0.0011135338063468225,,,,,,,32,robustness,cpu,1024,auto,compiled_horner_direct,float32,,,spcauchy,,,,,,,,,False,,,,,,,,,1,direct,False,False,,,,,,,1000,direct_certified,2.789886915516772e-07,,1,511,0.98,False,,,,,0,,True,False,5.0,,,,,,,1
0.0011135338063468225,,,,,,,32,robustness,cpu,1024,auto,compiled_horner_neighbor,float32,,,spcauchy,,,,,,,,,False,,,,,,,,,1,neighbor,False,False,,,,,,,1000,direct_certified,2.789886915516772e-07,,1,511,0.98,False,,,,,0,,True,False,5.0,,,,,,,1
0.06407201306865318,,,,,,,32,robustness,cpu,1024,auto,,float32,,,spcauchy,,,,,,,,,False,,,,,,,,,1,laplace,False,False,,,,,,,1000,direct_certified,1.6052828382237756e-05,,1,,0.98,False,,,,,0,,True,False,5.0,,,,,,,1
0.0018609751023177523,,,,,,,32,robustness,cpu,1024,auto,compiled_horner_direct,float32,,,spcauchy,,,,,,,,,False,,,,,,,,,1,direct,False,False,,,,,,,1000,direct_certified,3.954904430684692e-07,,1,511,0.99,False,,,,,0,,True,False,5.0,,,,,,,1
0.0018609751023177523,,,,,,,32,robustness,cpu,1024,auto,compiled_horner_neighbor,float32,,,spcauchy,,,,,,,,,False,,,,,,,,,1,neighbor,False,False,,,,,,,1000,direct_certified,3.954904430684692e-07,,1,511,0.99,False,,,,,0,,True,False,5.0,,,,,,,1
0.7928766001023178,,,,,,,32,robustness,cpu,1024,auto,,float32,,,spcauchy,,,,,,,,,True,,,,,,,,,1,laplace,False,False,,,,,,,1000,direct_certified,0.0001685004369389708,,1,,0.99,False,,,,,0,,True,False,5.0,,,,,,,1
0.0015991986383596668,,,,,,,32,robustness,cpu,1024,auto,compiled_horner_direct,float32,,,spcauchy,,,,,,,,,False,,,,,,,,,1,direct,False,False,,,,,,,1000,direct_certified,2.952117381432475e-07,,1,511,0.995,False,,,,,0,,True,False,5.0,,,,,,,1
0.0015991986383596668,,,,,,,32,robustness,cpu,1024,auto,compiled_horner_neighbor,float32,,,spcauchy,,,,,,,,,False,,,,,,,,,1,neighbor,False,False,,,,,,,1000,direct_certified,2.952117381432475e-07,,1,511,0.995,False,,,,,0,,True,False,5.0,,,,,,,1
2.9820679486383597,,,,,,,32,robustness,cpu,1024,auto,,float32,,,spcauchy,,,,,,,,,True,,,,,,,,,1,laplace,False,False,,,,,,,1000,direct_certified,0.0005504891270303884,,1,,0.995,False,,,,,0,,True,False,5.0,,,,,,,1
0.020543515670397028,,,,,,,32,robustness,cpu,1024,auto,compiled_horner_direct,float32,,,spcauchy,,,,,,,,,False,,,,,,,,,1,direct,False,False,,,,,,,1000,direct_certified,2.9075310807412747e-06,,1,511,0.999,False,,,,,0,,True,False,5.0,,,,,,,1
0.020543515670397028,,,,,,,32,robustness,cpu,1024,auto,compiled_horner_neighbor,float32,,,spcauchy,,,,,,,,,False,,,,,,,,,1,neighbor,False,False,,,,,,,1000,direct_certified,2.9075310807412747e-06,,1,511,0.999,False,,,,,0,,True,False,5.0,,,,,,,1
89.3642221093296,,,,,,,32,robustness,cpu,1024,auto,,float32,,,spcauchy,,,,,,,,,True,,,,,,,,,1,laplace,False,False,,,,,,,1000,direct_certified,0.01264775014451657,,1,,0.999,False,,,,,0,,True,False,5.0,,,,,,,1
0.0,,,,,,,32,robustness,cpu,2048,auto,compiled_horner_direct,float32,,,spcauchy,,,,,,,,,False,,,,,,,,,1,direct,False,False,,,,,,,1000,direct_certified,0.0,,1,1023,0.0,False,,,,,0,,True,False,5.0,,,,,,,1
0.0,,,,,,,32,robustness,cpu,2048,auto,compiled_horner_neighbor,float32,,,spcauchy,,,,,,,,,False,,,,,,,,,1,neighbor,False,False,,,,,,,1000,direct_certified,0.0,,1,1023,0.0,False,,,,,0,,True,False,5.0,,,,,,,1
0.004092124756425619,,,,,,,32,robustness,cpu,2048,auto,,float32,,,spcauchy,,,,,,,,,True,,,,,,,,,1,laplace,False,False,,,,,,,1000,direct_certified,4092124756.425619,,1,,0.0,False,,,,,0,,True,False,5.0,,,,,,,1
3.684606897369491e-08,,,,,,,32,robustness,cpu,2048,auto,compiled_horner_direct,float32,,,spcauchy,,,,,,,,,False,,,,,,,,,1,direct,False,False,,,,,,,1000,direct_certified,9.004412625425889e-08,,1,1023,0.01,False,,,,,0,,True,False,5.0,,,,,,,1
3.684606897369491e-08,,,,,,,32,robustness,cpu,2048,auto,compiled_horner_neighbor,float32,,,spcauchy,,,,,,,,,False,,,,,,,,,1,neighbor,False,False,,,,,,,1000,direct_certified,9.004412625425889e-08,,1,1023,0.01,False,,,,,0,,True,False,5.0,,,,,,,1
2.9276713405801402e-06,,,,,,,32,robustness,cpu,2048,auto,,float32,,,spcauchy,,,,,,,,,False,,,,,,,,,1,laplace,False,False,,,,,,,1000,direct_certified,7.154619615199017e-06,,1,,0.01,False,,,,,0,,True,False,5.0,,,,,,,1
3.4999479936459466e-07,,,,,,,32,robustness,cpu,2048,auto,compiled_horner_direct,float32,,,spcauchy,,,,,,,,,False,,,,,,,,,1,direct,False,False,,,,,,,1000,direct_certified,8.552778089793782e-09,,1,1023,0.1,False,,,,,0,,True,False,5.0,,,,,,,1
3.4999479936459466e-07,,,,,,,32,robustness,cpu,2048,auto,compiled_horner_neighbor,float32,,,spcauchy,,,,,,,,,False,,,,,,,,,1,neighbor,False,False,,,,,,,1000,direct_certified,8.552778089793782e-09,,1,1023,0.1,False,,,,,0,,True,False,5.0,,,,,,,1
4.9241069653760405e-05,,,,,,,32,robustness,cpu,2048,auto,,float32,,,spcauchy,,,,,,,,,False,,,,,,,,,1,laplace,False,False,,,,,,,1000,direct_certified,1.203297713043946e-06,,1,,0.1,False,,,,,0,,True,False,5.0,,,,,,,1
3.4922945246762538e-06,,,,,,,32,robustness,cpu,2048,auto,compiled_horner_direct,float32,,,spcauchy,,,,,,,,,False,,,,,,,,,1,direct,False,False,,,,,,,1000,direct_certified,1.3636541233339863e-08,,1,1023,0.25,False,,,,,0,,True,False,5.0,,,,,,,1
3.4922945246762538e-06,,,,,,,32,robustness,cpu,2048,auto,compiled_horner_neighbor,float32,,,spcauchy,,,,,,,,,False,,,,,,,,,1,neighbor,False,False,,,,,,,1000,direct_certified,1.3636541233339863e-08,,1,1023,0.25,False,,,,,0,,True,False,5.0,,,,,,,1
0.00030168348672532375,,,,,,,32,robustness,cpu,2048,auto,,float32,,,spcauchy,,,,,,,,,False,,,,,,,,,1,laplace,False,False,,,,,,,1000,direct_certified,1.1779989565825607e-06,,1,,0.25,False,,,,,0,,True,False,5.0,,,,,,,1
0.0001517984148904361,,,,,,,32,robustness,cpu,2048,auto,compiled_horner_direct,float32,,,spcauchy,,,,,,,,,False,,,,,,,,,1,direct,False,False,,,,,,,1000,direct_certified,1.4521438617521675e-07,,1,1023,0.5,False,,,,,0,,True,False,5.0,,,,,,,1
0.0001517984148904361,,,,,,,32,robustness,cpu,2048,auto,compiled_horner_neighbor,float32,,,spcauchy,,,,,,,,,False,,,,,,,,,1,neighbor,False,False,,,,,,,1000,direct_certified,1.4521438617521675e-07,,1,1023,0.5,False,,,,,0,,True,False,5.0,,,,,,,1
0.0004585531476095639,,,,,,,32,robustness,cpu,2048,auto,,float32,,,spcauchy,,,,,,,,,False,,,,,,,,,1,laplace,False,False,,,,,,,1000,direct_certified,4.386640921573399e-07,,1,,0.5,False,,,,,0,,True,False,5.0,,,,,,,1
4.765059293276863e-05,,,,,,,32,robustness,cpu,2048,auto,compiled_horner_direct,float32,,,spcauchy,,,,,,,,,False,,,,,,,,,1,direct,False,False,,,,,,,1000,direct_certified,1.828986897228172e-08,,1,1023,0.75,False,,,,,0,,True,False,5.0,,,,,,,1
4.765059293276863e-05,,,,,,,32,robustness,cpu,2048,auto,compiled_horner_neighbor,float32,,,spcauchy,,,,,,,,,False,,,,,,,,,1,neighbor,False,False,,,,,,,1000,direct_certified,1.828986897228172e-08,,1,1023,0.75,False,,,,,0,,True,False,5.0,,,,,,,1
0.00029179121793276863,,,,,,,32,robustness,cpu,2048,auto,,float32,,,spcauchy,,,,,,,,,False,,,,,,,,,1,laplace,False,False,,,,,,,1000,direct_certified,1.1199909203192267e-07,,1,,0.75,False,,,,,0,,True,False,5.0,,,,,,,1
0.0007020235834716004,,,,,,,32,robustness,cpu,2048,auto,compiled_horner_direct,float32,,,spcauchy,,,,,,,,,False,,,,,,,,,1,direct,False,False,,,,,,,1000,direct_certified,1.521651923533858e-07,,1,1023,0.9,False,,,,,0,,True,False,5.0,,,,,,,1
0.0007020235834716004,,,,,,,32,robustness,cpu,2048,auto,compiled_horner_neighbor,float32,,,spcauchy,,,,,,,,,False,,,,,,,,,1,neighbor,False,False,,,,,,,1000,direct_certified,1.521651923533858e-07,,1,1023,0.9,False,,,,,0,,True,False,5.0,,,,,,,1
0.0056456326665284,,,,,,,32,robustness,cpu,2048,auto,,float32,,,spcauchy,,,,,,,,,False,,,,,,,,,1,laplace,False,False,,,,,,,1000,direct_certified,1.2237035918517757e-06,,1,,0.9,False,,,,,0,,True,False,5.0,,,,,,,1
0.0008065768870437751,,,,,,,32,robustness,cpu,2048,auto,compiled_horner_direct,float32,,,spcauchy,,,,,,,,,False,,,,,,,,,1,direct,False,False,,,,,,,1000,direct_certified,1.3263264077667231e-07,,1,1023,0.95,False,,,,,0,,True,False,5.0,,,,,,,1
0.0008065768870437751,,,,,,,32,robustness,cpu,2048,auto,compiled_horner_neighbor,float32,,,spcauchy,,,,,,,,,False,,,,,,,,,1,neighbor,False,False,,,,,,,1000,direct_certified,1.3263264077667231e-07,,1,1023,0.95,False,,,,,0,,True,False,5.0,,,,,,,1
0.15022063938704378,,,,,,,32,robustness,cpu,2048,auto,,float32,,,spcauchy,,,,,,,,,False,,,,,,,,,1,laplace,False,False,,,,,,,1000,direct_certified,2.4702121299419868e-05,,1,,0.95,False,,,,,0,,True,False,5.0,,,,,,,1
0.0028223944536875933,,,,,,,32,robustness,cpu,2048,auto,compiled_horner_direct,float32,,,spcauchy,,,,,,,,,False,,,,,,,,,1,direct,False,False,,,,,,,1000,direct_certified,3.5337146005835765e-07,,1,1023,0.98,False,,,,,0,,True,False,5.0,,,,,,,1
0.0028223944536875933,,,,,,,32,robustness,cpu,2048,auto,compiled_horner_neighbor,float32,,,spcauchy,,,,,,,,,False,,,,,,,,,1,neighbor,False,False,,,,,,,1000,direct_certified,3.5337146005835765e-07,,1,1023,0.98,False,,,,,0,,True,False,5.0,,,,,,,1
0.1285252617963124,,,,,,,32,robustness,cpu,2048,auto,,float32,,,spcauchy,,,,,,,,,False,,,,,,,,,1,laplace,False,False,,,,,,,1000,direct_certified,1.609171225375882e-05,,1,,0.98,False,,,,,0,,True,False,5.0,,,,,,,1
0.00380901325661398,,,,,,,32,robustness,cpu,2048,auto,compiled_horner_direct,float32,,,spcauchy,,,,,,,,,False,,,,,,,,,1,direct,False,False,,,,,,,1000,direct_certified,4.0452242928318693e-07,,1,1023,0.99,False,,,,,0,,True,False,5.0,,,,,,,1
0.00380901325661398,,,,,,,32,robustness,cpu,2048,auto,compiled_horner_neighbor,float32,,,spcauchy,,,,,,,,,False,,,,,,,,,1,neighbor,False,False,,,,,,,1000,direct_certified,4.0452242928318693e-07,,1,1023,0.99,False,,,,,0,,True,False,5.0,,,,,,,1
1.586816825756614,,,,,,,32,robustness,cpu,2048,auto,,float32,,,spcauchy,,,,,,,,,True,,,,,,,,,1,laplace,False,False,,,,,,,1000,direct_certified,0.00016852212211860881,,1,,0.99,False,,,,,0,,True,False,5.0,,,,,,,1
0.004451068834896432,,,,,,,32,robustness,cpu,2048,auto,compiled_horner_direct,float32,,,spcauchy,,,,,,,,,False,,,,,,,,,1,direct,False,False,,,,,,,1000,direct_certified,4.1061352090839107e-07,,1,1023,0.995,False,,,,,0,,True,False,5.0,,,,,,,1
0.004451068834896432,,,,,,,32,robustness,cpu,2048,auto,compiled_horner_neighbor,float32,,,spcauchy,,,,,,,,,False,,,,,,,,,1,neighbor,False,False,,,,,,,1000,direct_certified,4.1061352090839107e-07,,1,1023,0.995,False,,,,,0,,True,False,5.0,,,,,,,1
5.967341693834896,,,,,,,32,robustness,cpu,2048,auto,,float32,,,spcauchy,,,,,,,,,True,,,,,,,,,1,laplace,False,False,,,,,,,1000,direct_certified,0.0005504905168302126,,1,,0.995,False,,,,,0,,True,False,5.0,,,,,,,1
0.03971550073401886,,,,,,,32,robustness,cpu,2048,auto,compiled_horner_direct,float32,,,spcauchy,,,,,,,,,False,,,,,,,,,1,direct,False,False,,,,,,,1000,direct_certified,2.8090019899142285e-06,,1,1023,0.999,False,,,,,0,,True,False,5.0,,,,,,,1
0.03971550073401886,,,,,,,32,robustness,cpu,2048,auto,compiled_horner_neighbor,float32,,,spcauchy,,,,,,,,,False,,,,,,,,,1,neighbor,False,False,,,,,,,1000,direct_certified,2.8090019899142285e-06,,1,1023,0.999,False,,,,,0,,True,False,5.0,,,,,,,1
178.81575324926598,,,,,,,32,robustness,cpu,2048,auto,,float32,,,spcauchy,,,,,,,,,True,,,,,,,,,1,laplace,False,False,,,,,,,1000,direct_certified,0.012647298848606815,,1,,0.999,False,,,,,0,,True,False,5.0,,,,,,,1
,0.0,0.0001746799680404365,0.0001746799680404365,0.0001746799680404365,0.0001746799680404365,0.0,32,robustness,cpu,8,auto,,float32,,,vmf,0.0,9.272899478673935e-05,9.272899478673935e-05,9.272899478673935e-05,9.272899478673935e-05,0.0,0.0,native,,0.0,6.587011739611626e-06,6.587011739611626e-06,0.0,0.0,2.2397027350962162e-05,2.2397027350962162e-05,0.0,1,vmf_official,False,False,0.0,6.234500324353576e-05,6.234500324353576e-05,0.0,,,1000,,,0.000267408962827,1,,,False,0.0,1.3999524526298046e-06,1.3999524526298046e-06,0.0,0,,True,False,5.0,0.0,0.00026740896282717586,0.00026740896282717586,0.00026740896282717586,0.00026740896282717586,0.0,1
,0.0,0.00017925503198057413,0.00017925503198057413,0.00017925503198057413,0.00017925503198057413,0.0,32,robustness,cpu,8,auto,,float32,,,vmf,0.0,8.969195187091827e-05,8.969195187091827e-05,8.969195187091827e-05,8.969195187091827e-05,0.0,0.0,native,,0.0,6.454996764659882e-06,6.454996764659882e-06,0.0,0.0,2.2123975213617086e-05,2.2123975213617086e-05,0.0,1,vmf_robust,False,False,0.0,6.02009822614491e-05,6.02009822614491e-05,0.0,,,1000,,,0.000268946983851,1,,,False,0.0,9.119976311922073e-07,9.119976311922073e-07,0.0,0,,True,False,5.0,0.0,0.0002689469838514924,0.0002689469838514924,0.0002689469838514924,0.0002689469838514924,0.0,1
,0.0,0.0008356149774044752,0.0008356149774044752,0.0008356149774044752,0.0008356149774044752,0.0,32,robustness,cpu,8,auto,,float32,,,powerspherical,0.0,0.0009259670041501522,0.0009259670041501522,0.0009259670041501522,0.0009259670041501522,0.0,0.0,native,,0.0,0.00019228900782763958,0.00019228900782763958,0.0,0.0,2.1776999346911907e-05,2.1776999346911907e-05,0.0,1,power_spherical,False,False,0.0,6.772397318854928e-05,6.772397318854928e-05,0.0,,0.0,1000,,,0.00176158198155,1,,,False,0.0,0.0006441770237870514,0.0006441770237870514,0.0,0,,True,False,5.0,0.0,0.0017615819815546274,0.0017615819815546274,0.0017615819815546274,0.0017615819815546274,0.0,1
,0.0,0.001792701950762421,0.001792701950762421,0.001792701950762421,0.001792701950762421,0.0,32,robustness,cpu,8,auto,,float32,,,vmf,0.0,0.0021129290107637644,0.0021129290107637644,0.0021129290107637644,0.0021129290107637644,0.0,0.5,native,,0.0,0.0005762249929830432,0.0005762249929830432,0.0,0.0,2.138403942808509e-05,2.138403942808509e-05,0.0,1,vmf_official,False,False,0.0,6.832100916653872e-05,6.832100916653872e-05,0.0,,,1000,,,0.00390563090332,1,,,False,0.0,0.0014469989691860974,0.0014469989691860974,0.0,0,,True,False,5.0,0.0,0.0039056309615261853,0.0039056309615261853,0.0039056309615261853,0.0039056309615261853,0.0,1
,0.0,0.0016858269809745252,0.0016858269809745252,0.0016858269809745252,0.0016858269809745252,0.0,32,robustness,cpu,8,auto,,float32,,,vmf,0.0,0.0030252470169216394,0.0030252470169216394,0.0030252470169216394,0.0030252470169216394,0.0,0.5,native,,0.0,0.0010364369954913855,0.0010364369954913855,0.0,0.0,2.16779881156981e-05,2.16779881156981e-05,0.0,1,vmf_robust,False,False,0.0,0.00011546304449439049,0.00011546304449439049,0.0,,,1000,,,0.00471107382327,1,,,False,0.0,0.0018516689888201654,0.0018516689888201654,0.0,0,,True,False,5.0,0.0,0.004711073997896165,0.004711073997896165,0.004711073997896165,0.004711073997896165,0.0,1
,0.0,0.0008472420158796012,0.0008472420158796012,0.0008472420158796012,0.0008472420158796012,0.0,32,robustness,cpu,8,auto,,float32,,,powerspherical,0.0,0.0010063030058518052,0.0010063030058518052,0.0010063030058518052,0.0010063030058518052,0.0,0.5,native,,0.0,0.00018587702652439475,0.00018587702652439475,0.0,0.0,2.15600011870265e-05,2.15600011870265e-05,0.0,1,power_spherical,False,False,0.0,6.923399632796645e-05,6.923399632796645e-05,0.0,,1.0,1000,,,0.00185354496352,1,,,False,0.0,0.0007296319818124175,0.0007296319818124175,0.0,0,,True,False,5.0,0.0,0.0018535450217314065,0.0018535450217314065,0.0018535450217314065,0.0018535450217314065,0.0,1
,0.0,0.0016017929883673787,0.0016017929883673787,0.0016017929883673787,0.0016017929883673787,0.0,32,robustness,cpu,8,auto,,float32,,,vmf,0.0,0.0020264710183255374,0.0020264710183255374,0.0020264710183255374,0.0020264710183255374,0.0,1.0,native,,0.0,0.0004966900451108813,0.0004966900451108813,0.0,0.0,1.999997766688466e-05,1.999997766688466e-05,0.0,1,vmf_official,False,False,0.0,7.336901035159826e-05,7.336901035159826e-05,0.0,,,1000,,,0.00362826394849,1,,,False,0.0,0.0014364119851961732,0.0014364119851961732,0.0,0,,True,False,5.0,0.0,0.003628264006692916,0.003628264006692916,0.003628264006692916,0.003628264006692916,0.0,1
,0.0,0.001757559017278254,0.001757559017278254,0.001757559017278254,0.001757559017278254,0.0,32,robustness,cpu,8,auto,,float32,,,vmf,0.0,0.002983422949910164,0.002983422949910164,0.002983422949910164,0.002983422949910164,0.0,1.0,native,,0.0,0.0011479560052976012,0.0011479560052976012,0.0,0.0,2.2584979888051748e-05,2.2584979888051748e-05,0.0,1,vmf_robust,False,False,0.0,7.801095489412546e-05,7.801095489412546e-05,0.0,,,1000,,,0.00474098185077,1,,,False,0.0,0.0017348710098303854,0.0017348710098303854,0.0,0,,True,False,5.0,0.0,0.004740981967188418,0.004740981967188418,0.004740981967188418,0.004740981967188418,0.0,1
,0.0,0.0008708550012670457,0.0008708550012670457,0.0008708550012670457,0.0008708550012670457,0.0,32,robustness,cpu,8,auto,,float32,,,powerspherical,0.0,0.0009890900109894574,0.0009890900109894574,0.0009890900109894574,0.0009890900109894574,0.0,1.0,native,,0.0,0.00020276097347959876,0.00020276097347959876,0.0,0.0,2.2999010980129242e-05,2.2999010980129242e-05,0.0,1,power_spherical,False,False,0.0,7.107702549546957e-05,7.107702549546957e-05,0.0,,2.0,1000,,,0.00185994501226,1,,,False,0.0,0.0006922530010342598,0.0006922530010342598,0.0,0,,True,False,5.0,0.0,0.001859945012256503,0.001859945012256503,0.001859945012256503,0.001859945012256503,0.0,1
,0.0,0.001548037980683148,0.001548037980683148,0.001548037980683148,0.001548037980683148,0.0,32,robustness,cpu,8,auto,,float32,,,vmf,0.0,0.0022620190284214914,0.0022620190284214914,0.0022620190284214914,0.0022620190284214914,0.0,2.0,native,,0.0,0.0005101659917272627,0.0005101659917272627,0.0,0.0,2.0490027964115143e-05,2.0490027964115143e-05,0.0,1,vmf_official,False,False,0.0,7.416104199364781e-05,7.416104199364781e-05,0.0,,,1000,,,0.0038100569509,1,,,False,0.0,0.0016572019667364657,0.0016572019667364657,0.0,0,,True,False,5.0,0.0,0.0038100570091046393,0.0038100570091046393,0.0038100570091046393,0.0038100570091046393,0.0,1
,0.0,0.001973724050913006,0.001973724050913006,0.001973724050913006,0.001973724050913006,0.0,32,robustness,cpu,8,auto,,float32,,,vmf,0.0,0.003095421998295933,0.003095421998295933,0.003095421998295933,0.003095421998295933,0.0,2.0,native,,0.0,0.0013237929670140147,0.0013237929670140147,0.0,0.0,2.666597720235586e-05,2.666597720235586e-05,0.0,1,vmf_robust,False,False,0.0,7.943704258650541e-05,7.943704258650541e-05,0.0,,,1000,,,0.00506914593279,1,,,False,0.0,0.001665526011493057,0.001665526011493057,0.0,0,,True,False,5.0,0.0,0.005069146049208939,0.005069146049208939,0.005069146049208939,0.005069146049208939,0.0,1
,0.0,0.0009026200277730823,0.0009026200277730823,0.0009026200277730823,0.0009026200277730823,0.0,32,robustness,cpu,8,auto,,float32,,,powerspherical,0.0,0.001010590000078082,0.001010590000078082,0.001010590000078082,0.001010590000078082,0.0,2.0,native,,0.0,0.00017341203056275845,0.00017341203056275845,0.0,0.0,2.1388987079262733e-05,2.1388987079262733e-05,0.0,1,power_spherical,False,False,0.0,7.430900586768985e-05,7.430900586768985e-05,0.0,,4.0,1000,,,0.00191321002785,1,,,False,0.0,0.0007414799765683711,0.0007414799765683711,0.0,0,,True,False,5.0,0.0,0.0019132100278511643,0.0019132100278511643,0.0019132100278511643,0.0019132100278511643,0.0,1
,0.0,0.001601892989128828,0.001601892989128828,0.001601892989128828,0.001601892989128828,0.0,32,robustness,cpu,8,auto,,float32,,,vmf,0.0,0.002244225994218141,0.002244225994218141,0.002244225994218141,0.002244225994218141,0.0,5.0,native,,0.0,0.000548188982065767,0.000548188982065767,0.0,0.0,2.072099596261978e-05,2.072099596261978e-05,0.0,1,vmf_official,False,False,0.0,8.369999704882503e-05,8.369999704882503e-05,0.0,,,1000,,,0.00384611892514,1,,,False,0.0,0.001591616019140929,0.001591616019140929,0.0,0,,True,False,5.0,0.0,0.003846118983346969,0.003846118983346969,0.003846118983346969,0.003846118983346969,0.0,1
,0.0,0.0021672789589501917,0.0021672789589501917,0.0021672789589501917,0.0021672789589501917,0.0,32,robustness,cpu,8,auto,,float32,,,vmf,0.0,0.0033692190190777183,0.0033692190190777183,0.0033692190190777183,0.0033692190190777183,0.0,5.0,native,,0.0,0.0016040870104916394,0.0016040870104916394,0.0,0.0,2.2127991542220116e-05,2.2127991542220116e-05,0.0,1,vmf_robust,False,False,0.0,7.396697765216231e-05,7.396697765216231e-05,0.0,,,1000,,,0.00553649803624,1,,,False,0.0,0.0016690370393916965,0.0016690370393916965,0.0,0,,True,False,5.0,0.0,0.00553649797802791,0.00553649797802791,0.00553649797802791,0.00553649797802791,0.0,1
,0.0,0.0008930789772421122,0.0008930789772421122,0.0008930789772421122,0.0008930789772421122,0.0,32,robustness,cpu,8,auto,,float32,,,powerspherical,0.0,0.0009735390194691718,0.0009735390194691718,0.0009735390194691718,0.0009735390194691718,0.0,5.0,native,,0.0,0.0001776989665813744,0.0001776989665813744,0.0,0.0,3.718101652339101e-05,3.718101652339101e-05,0.0,1,power_spherical,False,False,0.0,9.72989946603775e-05,9.72989946603775e-05,0.0,,10.0,1000,,,0.0018666179385,1,,,False,0.0,0.0006613600417040288,0.0006613600417040288,0.0,0,,True,False,5.0,0.0,0.001866617996711284,0.001866617996711284,0.001866617996711284,0.001866617996711284,0.0,1
,0.0,0.001588024024385959,0.001588024024385959,0.001588024024385959,0.001588024024385959,0.0,32,robustness,cpu,8,auto,,float32,,,vmf,0.0,0.002131901972461492,0.002131901972461492,0.002131901972461492,0.002131901972461492,0.0,10.0,native,,0.0,0.0005454570055007935,0.0005454570055007935,0.0,0.0,2.1145970094949007e-05,2.1145970094949007e-05,0.0,1,vmf_official,False,False,0.0,8.464697748422623e-05,8.464697748422623e-05,0.0,,,1000,,,0.00371992588043,1,,,False,0.0,0.0014806520193815231,0.0014806520193815231,0.0,0,,True,False,5.0,0.0,0.0037199259968474507,0.0037199259968474507,0.0037199259968474507,0.0037199259968474507,0.0,1
,0.0,0.002021905966103077,0.002021905966103077,0.002021905966103077,0.002021905966103077,0.0,32,robustness,cpu,8,auto,,float32,,,vmf,0.0,0.0032024679821915925,0.0032024679821915925,0.0032024679821915925,0.0032024679821915925,0.0,10.0,native,,0.0,0.0014820400392636657,0.0014820400392636657,0.0,0.0,2.1899992134422064e-05,2.1899992134422064e-05,0.0,1,vmf_robust,False,False,0.0,7.25159770809114e-05,7.25159770809114e-05,0.0,,,1000,,,0.00522437412292,1,,,False,0.0,0.0016260119737125933,0.0016260119737125933,0.0,0,,True,False,5.0,0.0,0.005224373948294669,0.005224373948294669,0.005224373948294669,0.005224373948294669,0.0,1
,0.0,0.0008579849964007735,0.0008579849964007735,0.0008579849964007735,0.0008579849964007735,0.0,32,robustness,cpu,8,auto,,float32,,,powerspherical,0.0,0.0010197920491918921,0.0010197920491918921,0.0010197920491918921,0.0010197920491918921,0.0,10.0,native,,0.0,0.00018454802921041846,0.00018454802921041846,0.0,0.0,2.1871004719287157e-05,2.1871004719287157e-05,0.0,1,power_spherical,False,False,0.0,0.00011679099407047033,0.00011679099407047033,0.0,,20.0,1000,,,0.00187777704559,1,,,False,0.0,0.0006965820211917162,0.0006965820211917162,0.0,0,,True,False,5.0,0.0,0.0018777770455926657,0.0018777770455926657,0.0018777770455926657,0.0018777770455926657,0.0,1
,0.0,0.0015455569955520332,0.0015455569955520332,0.0015455569955520332,0.0015455569955520332,0.0,32,robustness,cpu,8,auto,,float32,,,vmf,0.0,0.0021740399533882737,0.0021740399533882737,0.0021740399533882737,0.0021740399533882737,0.0,20.0,native,,0.0,0.0005698800086975098,0.0005698800086975098,0.0,0.0,1.944799441844225e-05,1.944799441844225e-05,0.0,1,vmf_official,False,False,0.0,0.00011634198017418385,0.00011634198017418385,0.0,,,1000,,,0.00371959689073,1,,,False,0.0,0.0014683699700981379,0.0014683699700981379,0.0,0,,True,False,5.0,0.0,0.003719596948940307,0.003719596948940307,0.003719596948940307,0.003719596948940307,0.0,1
,0.0,0.002015231002587825,0.002015231002587825,0.002015231002587825,0.002015231002587825,0.0,32,robustness,cpu,8,auto,,float32,,,vmf,0.0,0.002915745018981397,0.002915745018981397,0.002915745018981397,0.002915745018981397,0.0,20.0,native,,0.0,0.0012249539722688496,0.0012249539722688496,0.0,0.0,2.3756001610308886e-05,2.3756001610308886e-05,0.0,1,vmf_robust,False,False,0.0,7.441500201821327e-05,7.441500201821327e-05,0.0,,,1000,,,0.00493097584695,1,,,False,0.0,0.0015926200430840254,0.0015926200430840254,0.0,0,,True,False,5.0,0.0,0.004930976021569222,0.004930976021569222,0.004930976021569222,0.004930976021569222,0.0,1
,0.0,0.0008236889843828976,0.0008236889843828976,0.0008236889843828976,0.0008236889843828976,0.0,32,robustness,cpu,8,auto,,float32,,,powerspherical,0.0,0.0008418040233664215,0.0008418040233664215,0.0008418040233664215,0.0008418040233664215,0.0,20.0,native,,0.0,0.00016411300748586655,0.00016411300748586655,0.0,0.0,2.0225998014211655e-05,2.0225998014211655e-05,0.0,1,power_spherical,False,False,0.0,6.624602247029543e-05,6.624602247029543e-05,0.0,,40.0,1000,,,0.00166549300775,1,,,False,0.0,0.0005912189953960478,0.0005912189953960478,0.0,0,,True,False,5.0,0.0,0.001665493007749319,0.001665493007749319,0.001665493007749319,0.001665493007749319,0.0,1
,0.0,0.0015776290092617273,0.0015776290092617273,0.0015776290092617273,0.0015776290092617273,0.0,32,robustness,cpu,8,auto,,float32,,,vmf,0.0,0.0021441709832288325,0.0021441709832288325,0.0021441709832288325,0.0021441709832288325,0.0,50.0,native,,0.0,0.0005215519922785461,0.0005215519922785461,0.0,0.0,2.172600943595171e-05,2.172600943595171e-05,0.0,1,vmf_official,False,False,0.0,9.173800935968757e-05,9.173800935968757e-05,0.0,,,1000,,,0.00372179993428,1,,,False,0.0,0.0015091549721546471,0.0015091549721546471,0.0,0,,True,False,5.0,0.0,0.00372179999249056,0.00372179999249056,0.00372179999249056,0.00372179999249056,0.0,1
,0.0,0.001795482006855309,0.001795482006855309,0.001795482006855309,0.001795482006855309,0.0,32,robustness,cpu,8,auto,,float32,,,vmf,0.0,0.003607838007155806,0.003607838007155806,0.003607838007155806,0.003607838007155806,0.0,50.0,native,,0.0,0.0018313080072402954,0.0018313080072402954,0.0,0.0,2.1942018065601587e-05,2.1942018065601587e-05,0.0,1,vmf_robust,False,False,0.0,9.30589740164578e-05,9.30589740164578e-05,0.0,,,1000,,,0.00540331983939,1,,,False,0.0,0.001661529007833451,0.001661529007833451,0.0,0,,True,False,5.0,0.0,0.005403320014011115,0.005403320014011115,0.005403320014011115,0.005403320014011115,0.0,1
,0.0,0.0009285160340368748,0.0009285160340368748,0.0009285160340368748,0.0009285160340368748,0.0,32,robustness,cpu,8,auto,,float32,,,powerspherical,0.0,0.0009023660095408559,0.0009023660095408559,0.0009023660095408559,0.0009023660095408559,0.0,50.0,native,,0.0,0.00017463101539760828,0.00017463101539760828,0.0,0.0,2.0716979634016752e-05,2.0716979634016752e-05,0.0,1,power_spherical,False,False,0.0,6.745802238583565e-05,6.745802238583565e-05,0.0,,100.0,1000,,,0.00183088204358,1,,,False,0.0,0.0006395599921233952,0.0006395599921233952,0.0,0,,True,False,5.0,0.0,0.0018308820435777307,0.0018308820435777307,0.0018308820435777307,0.0018308820435777307,0.0,1
,0.0,0.0015125059871934354,0.0015125059871934354,0.0015125059871934354,0.0015125059871934354,0.0,32,robustness,cpu,8,auto,,float32,,,vmf,0.0,0.0022848889930173755,0.0022848889930173755,0.0022848889930173755,0.0022848889930173755,0.0,100.0,native,,0.0,0.0005046770093031228,0.0005046770093031228,0.0,0.0,1.9301020074635744e-05,1.9301020074635744e-05,0.0,1,vmf_official,False,False,0.0,8.336495375260711e-05,8.336495375260711e-05,0.0,,,1000,,,0.003797394922,1,,,False,0.0,0.0016775460098870099,0.0016775460098870099,0.0,0,,True,False,5.0,0.0,0.003797394980210811,0.003797394980210811,0.003797394980210811,0.003797394980210811,0.0,1
,0.0,0.0015494120307266712,0.0015494120307266712,0.0015494120307266712,0.0015494120307266712,0.0,32,robustness,cpu,8,auto,,float32,,,vmf,0.0,0.002633708994835615,0.002633708994835615,0.002633708994835615,0.002633708994835615,0.0,100.0,native,,0.0,0.0009276099735870957,0.0009276099735870957,0.0,0.0,2.012000186368823e-05,2.012000186368823e-05,0.0,1,vmf_robust,False,False,0.0,8.430401794612408e-05,8.430401794612408e-05,0.0,,,1000,,,0.00418312102556,1,,,False,0.0,0.0016016750014387071,0.0016016750014387071,0.0,0,,True,False,5.0,0.0,0.004183121025562286,0.004183121025562286,0.004183121025562286,0.004183121025562286,0.0,1
,0.0,0.0007931130239740014,0.0007931130239740014,0.0007931130239740014,0.0007931130239740014,0.0,32,robustness,cpu,8,auto,,float32,,,powerspherical,0.0,0.0008424859843216836,0.0008424859843216836,0.0008424859843216836,0.0008424859843216836,0.0,100.0,native,,0.0,0.0001612839987501502,0.0001612839987501502,0.0,0.0,1.9483966752886772e-05,1.9483966752886772e-05,0.0,1,power_spherical,False,False,0.0,7.305201143026352e-05,7.305201143026352e-05,0.0,,200.0,1000,,,0.00163559895009,1,,,False,0.0,0.0005886660073883832,0.0005886660073883832,0.0,0,,True,False,5.0,0.0,0.001635599008295685,0.001635599008295685,0.001635599008295685,0.001635599008295685,0.0,1
,0.0,0.0001564190024510026,0.0001564190024510026,0.0001564190024510026,0.0001564190024510026,0.0,32,robustness,cpu,16,auto,,float32,,,vmf,0.0,9.034801041707397e-05,9.034801041707397e-05,9.034801041707397e-05,9.034801041707397e-05,0.0,0.0,native,,0.0,5.743990186601877e-06,5.743990186601877e-06,0.0,0.0,2.1360989194363356e-05,2.1360989194363356e-05,0.0,1,vmf_official,False,False,0.0,6.236403714865446e-05,6.236403714865446e-05,0.0,,,1000,,,0.000246767012868,1,,,False,0.0,8.789938874542713e-07,8.789938874542713e-07,0.0,0,,True,False,5.0,0.0,0.00024676701286807656,0.00024676701286807656,0.00024676701286807656,0.00024676701286807656,0.0,1
,0.0,0.00015611498383805156,0.00015611498383805156,0.00015611498383805156,0.00015611498383805156,0.0,32,robustness,cpu,16,auto,,float32,,,vmf,0.0,8.846400305628777e-05,8.846400305628777e-05,8.846400305628777e-05,8.846400305628777e-05,0.0,0.0,native,,0.0,5.611975211650133e-06,5.611975211650133e-06,0.0,0.0,2.125900937244296e-05,2.125900937244296e-05,0.0,1,vmf_robust,False,False,0.0,6.07810216024518e-05,6.07810216024518e-05,0.0,,,1000,,,0.000244578986894,1,,,False,0.0,8.119968697428703e-07,8.119968697428703e-07,0.0,0,,True,False,5.0,0.0,0.0002445789868943393,0.0002445789868943393,0.0002445789868943393,0.0002445789868943393,0.0,1
,0.0,0.0007450190023519099,0.0007450190023519099,0.0007450190023519099,0.0007450190023519099,0.0,32,robustness,cpu,16,auto,,float32,,,powerspherical,0.0,0.0007642180426046252,0.0007642180426046252,0.0007642180426046252,0.0007642180426046252,0.0,0.0,native,,0.0,0.00014331401325762272,0.00014331401325762272,0.0,0.0,1.801201142370701e-05,1.801201142370701e-05,0.0,1,power_spherical,False,False,0.0,6.521702744066715e-05,6.521702744066715e-05,0.0,,0.0,1000,,,0.00150923710316,1,,,False,0.0,0.0005376749904826283,0.0005376749904826283,0.0,0,,True,False,5.0,0.0,0.001509237044956535,0.001509237044956535,0.001509237044956535,0.001509237044956535,0.0,1
,0.0,0.0016896139713935554,0.0016896139713935554,0.0016896139713935554,0.0016896139713935554,0.0,32,robustness,cpu,16,auto,,float32,,,vmf,0.0,0.00203973101451993,0.00203973101451993,0.00203973101451993,0.00203973101451993,0.0,0.5,native,,0.0,0.0005081940325908363,0.0005081940325908363,0.0,0.0,2.0503008272498846e-05,2.0503008272498846e-05,0.0,1,vmf_official,False,False,0.0,7.48909660615027e-05,7.48909660615027e-05,0.0,,,1000,,,0.00372934504412,1,,,False,0.0,0.001436143007595092,0.001436143007595092,0.0,0,,True,False,5.0,0.0,0.0037293449859134853,0.0037293449859134853,0.0037293449859134853,0.0037293449859134853,0.0,1
,0.0,0.001526365987956524,0.001526365987956524,0.001526365987956524,0.001526365987956524,0.0,32,robustness,cpu,16,auto,,float32,,,vmf,0.0,0.0027497970149852335,0.0027497970149852335,0.0027497970149852335,0.0027497970149852335,0.0,0.5,native,,0.0,0.0008936420199461281,0.0008936420199461281,0.0,0.0,2.016196958720684e-05,2.016196958720684e-05,0.0,1,vmf_robust,False,False,0.0,0.00010581803508102894,0.00010581803508102894,0.0,,,1000,,,0.00427616294473,1,,,False,0.0,0.0017301749903708696,0.0017301749903708696,0.0,0,,True,False,5.0,0.0,0.0042761630029417574,0.0042761630029417574,0.0042761630029417574,0.0042761630029417574,0.0,1
,0.0,0.0008069080067798495,0.0008069080067798495,0.0008069080067798495,0.0008069080067798495,0.0,32,robustness,cpu,16,auto,,float32,,,powerspherical,0.0,0.0008766870014369488,0.0008766870014369488,0.0008766870014369488,0.0008766870014369488,0.0,0.5,native,,0.0,0.00016484997468069196,0.00016484997468069196,0.0,0.0,2.7819012757390738e-05,2.7819012757390738e-05,0.0,1,power_spherical,False,False,0.0,7.803499465808272e-05,7.803499465808272e-05,0.0,,1.0,1000,,,0.00168359500822,1,,,False,0.0,0.0006059830193407834,0.0006059830193407834,0.0,0,,True,False,5.0,0.0,0.0016835950082167983,0.0016835950082167983,0.0016835950082167983,0.0016835950082167983,0.0,1
,0.0,0.001468832022510469,0.001468832022510469,0.001468832022510469,0.001468832022510469,0.0,32,robustness,cpu,16,auto,,float32,,,vmf,0.0,0.0019908089889213443,0.0019908089889213443,0.0019908089889213443,0.0019908089889213443,0.0,1.0,native,,0.0,0.0004690890200436115,0.0004690890200436115,0.0,0.0,1.9131985027343035e-05,1.9131985027343035e-05,0.0,1,vmf_official,False,False,0.0,9.181600762531161e-05,9.181600762531161e-05,0.0,,,1000,,,0.00345964101143,1,,,False,0.0,0.001410771976225078,0.001410771976225078,0.0,0,,True,False,5.0,0.0,0.0034596410114318132,0.0034596410114318132,0.0034596410114318132,0.0034596410114318132,0.0,1
,0.0,0.0016959350323304534,0.0016959350323304534,0.0016959350323304534,0.0016959350323304534,0.0,32,robustness,cpu,16,auto,,float32,,,vmf,0.0,0.002698061987757683,0.002698061987757683,0.002698061987757683,0.002698061987757683,0.0,1.0,native,,0.0,0.0010404890053905547,0.0010404890053905547,0.0,0.0,2.0464998669922352e-05,2.0464998669922352e-05,0.0,1,vmf_robust,False,False,0.0,0.00010167201980948448,0.00010167201980948448,0.0,,,1000,,,0.0043939971365,1,,,False,0.0,0.0015354359638877213,0.0015354359638877213,0.0,0,,True,False,5.0,0.0,0.004393997020088136,0.004393997020088136,0.004393997020088136,0.004393997020088136,0.0,1
,0.0,0.000951506954152137,0.000951506954152137,0.000951506954152137,0.000951506954152137,0.0,32,robustness,cpu,16,auto,,float32,,,powerspherical,0.0,0.0008719570469111204,0.0008719570469111204,0.0008719570469111204,0.0008719570469111204,0.0,1.0,native,,0.0,0.00017656100681051612,0.00017656100681051612,0.0,0.0,2.3792032152414322e-05,2.3792032152414322e-05,0.0,1,power_spherical,False,False,0.0,7.538002682849765e-05,7.538002682849765e-05,0.0,,2.0,1000,,,0.00182346394286,1,,,False,0.0,0.0005962239811196923,0.0005962239811196923,0.0,0,,True,False,5.0,0.0,0.0018234640010632575,0.0018234640010632575,0.0018234640010632575,0.0018234640010632575,0.0,1
,0.0,0.0015471299993805587,0.0015471299993805587,0.0015471299993805587,0.0015471299993805587,0.0,32,robustness,cpu,16,auto,,float32,,,vmf,0.0,0.002076654986012727,0.002076654986012727,0.002076654986012727,0.002076654986012727,0.0,2.0,native,,0.0,0.000507272023241967,0.000507272023241967,0.0,0.0,2.079299883916974e-05,2.079299883916974e-05,0.0,1,vmf_official,False,False,0.0,8.381897350773215e-05,8.381897350773215e-05,0.0,,,1000,,,0.00362378498539,1,,,False,0.0,0.0014647709904238582,0.0014647709904238582,0.0,0,,True,False,5.0,0.0,0.0036237849853932858,0.0036237849853932858,0.0036237849853932858,0.0036237849853932858,0.0,1
,0.0,0.0016610659658908844,0.0016610659658908844,0.0016610659658908844,0.0016610659658908844,0.0,32,robustness,cpu,16,auto,,float32,,,vmf,0.0,0.002744860015809536,0.002744860015809536,0.002744860015809536,0.002744860015809536,0.0,2.0,native,,0.0,0.0010334340040571988,0.0010334340040571988,0.0,0.0,2.0109990146011114e-05,2.0109990146011114e-05,0.0,1,vmf_robust,False,False,0.0,0.00010226701851934195,0.00010226701851934195,0.0,,,1000,,,0.0044059259817,1,,,False,0.0,0.0015890490030869842,0.0015890490030869842,0.0,0,,True,False,5.0,0.0,0.00440592598170042,0.00440592598170042,0.00440592598170042,0.00440592598170042,0.0,1
,0.0,0.0007983990362845361,0.0007983990362845361,0.0007983990362845361,0.0007983990362845361,0.0,32,robustness,cpu,16,auto,,float32,,,powerspherical,0.0,0.0008230420062318444,0.0008230420062318444,0.0008230420062318444,0.0008230420062318444,0.0,2.0,native,,0.0,0.0001610959880053997,0.0001610959880053997,0.0,0.0,1.9530009012669325e-05,1.9530009012669325e-05,0.0,1,power_spherical,False,False,0.0,7.298903074115515e-05,7.298903074115515e-05,0.0,,4.0,1000,,,0.00162144098431,1,,,False,0.0,0.0005694269784726202,0.0005694269784726202,0.0,0,,True,False,5.0,0.0,0.0016214410425163805,0.0016214410425163805,0.0016214410425163805,0.0016214410425163805,0.0,1
,0.0,0.0015254930476658046,0.0015254930476658046,0.0015254930476658046,0.0015254930476658046,0.0,32,robustness,cpu,16,auto,,float32,,,vmf,0.0,0.0019009229727089405,0.0019009229727089405,0.0019009229727089405,0.0019009229727089405,0.0,5.0,native,,0.0,0.0004826439544558525,0.0004826439544558525,0.0,0.0,2.009299350902438e-05,2.009299350902438e-05,0.0,1,vmf_official,False,False,0.0,7.324997568503022e-05,7.324997568503022e-05,0.0,,,1000,,,0.00342641607858,1,,,False,0.0,0.0013249360490590334,0.0013249360490590334,0.0,0,,True,False,5.0,0.0,0.003426416020374745,0.003426416020374745,0.003426416020374745,0.003426416020374745,0.0,1
,0.0,0.0018960559973493218,0.0018960559973493218,0.0018960559973493218,0.0018960559973493218,0.0,32,robustness,cpu,16,auto,,float32,,,vmf,0.0,0.003249800007324666,0.003249800007324666,0.003249800007324666,0.003249800007324666,0.0,5.0,native,,0.0,0.0012880740105174482,0.0012880740105174482,0.0,0.0,2.0381994545459747e-05,2.0381994545459747e-05,0.0,1,vmf_robust,False,False,0.0,0.00018201698549091816,0.00018201698549091816,0.0,,,1000,,,0.0051458561793,1,,,False,0.0,0.0017593270167708397,0.0017593270167708397,0.0,0,,True,False,5.0,0.0,0.005145856004673988,0.005145856004673988,0.005145856004673988,0.005145856004673988,0.0,1
,0.0,0.000789456011261791,0.000789456011261791,0.000789456011261791,0.000789456011261791,0.0,32,robustness,cpu,16,auto,,float32,,,powerspherical,0.0,0.0008536240202374756,0.0008536240202374756,0.0008536240202374756,0.0008536240202374756,0.0,5.0,native,,0.0,0.0001740989973768592,0.0001740989973768592,0.0,0.0,2.0595034584403038e-05,2.0595034584403038e-05,0.0,1,power_spherical,False,False,0.0,7.757300045341253e-05,7.757300045341253e-05,0.0,,10.0,1000,,,0.0016430800315,1,,,False,0.0,0.0005813569878228009,0.0005813569878228009,0.0,0,,True,False,5.0,0.0,0.0016430800314992666,0.0016430800314992666,0.0016430800314992666,0.0016430800314992666,0.0,1
,0.0,0.0016183920088224113,0.0016183920088224113,0.0016183920088224113,0.0016183920088224113,0.0,32,robustness,cpu,16,auto,,float32,,,vmf,0.0,0.0020019779913127422,0.0020019779913127422,0.0020019779913127422,0.0020019779913127422,0.0,10.0,native,,0.0,0.0005277299787849188,0.0005277299787849188,0.0,0.0,2.674298593774438e-05,2.674298593774438e-05,0.0,1,vmf_official,False,False,0.0,8.351000724360347e-05,8.351000724360347e-05,0.0,,,1000,,,0.00362037005834,1,,,False,0.0,0.0013639950193464756,0.0013639950193464756,0.0,0,,True,False,5.0,0.0,0.0036203700001351535,0.0036203700001351535,0.0036203700001351535,0.0036203700001351535,0.0,1
,0.0,0.0019739450071938336,0.0019739450071938336,0.0019739450071938336,0.0019739450071938336,0.0,32,robustness,cpu,16,auto,,float32,,,vmf,0.0,0.0033462360152043402,0.0033462360152043402,0.0033462360152043402,0.0033462360152043402,0.0,10.0,native,,0.0,0.0013867989764548838,0.0013867989764548838,0.0,0.0,2.0486011635512114e-05,2.0486011635512114e-05,0.0,1,vmf_robust,False,False,0.0,0.00010627199662849307,0.00010627199662849307,0.0,,,1000,,,0.00532018113881,1,,,False,0.0,0.0018326790304854512,0.0018326790304854512,0.0,0,,True,False,5.0,0.0,0.005320181022398174,0.005320181022398174,0.005320181022398174,0.005320181022398174,0.0,1
,0.0,0.0008155190153047442,0.0008155190153047442,0.0008155190153047442,0.0008155190153047442,0.0,32,robustness,cpu,16,auto,,float32,,,powerspherical,0.0,0.0008974800002761185,0.0008974800002761185,0.0008974800002761185,0.0008974800002761185,0.0,10.0,native,,0.0,0.00016450899420306087,0.00016450899420306087,0.0,0.0,2.0565988961607218e-05,2.0565988961607218e-05,0.0,1,power_spherical,False,False,0.0,8.206500206142664e-05,8.206500206142664e-05,0.0,,20.0,1000,,,0.00171299907379,1,,,False,0.0,0.0006303400150500238,0.0006303400150500238,0.0,0,,True,False,5.0,0.0,0.0017129990155808628,0.0017129990155808628,0.0017129990155808628,0.0017129990155808628,0.0,1
,0.0,0.0016349039506167173,0.0016349039506167173,0.0016349039506167173,0.0016349039506167173,0.0,32,robustness,cpu,16,auto,,float32,,,vmf,0.0,0.0019952040165662766,0.0019952040165662766,0.0019952040165662766,0.0019952040165662766,0.0,20.0,native,,0.0,0.0005380430375225842,0.0005380430375225842,0.0,0.0,1.8946011550724506e-05,1.8946011550724506e-05,0.0,1,vmf_official,False,False,0.0,8.097698446363211e-05,8.097698446363211e-05,0.0,,,1000,,,0.00363010796718,1,,,False,0.0,0.0013572379830293357,0.0013572379830293357,0.0,0,,True,False,5.0,0.0,0.003630107967182994,0.003630107967182994,0.003630107967182994,0.003630107967182994,0.0,1
,0.0,0.0019099689670838416,0.0019099689670838416,0.0019099689670838416,0.0019099689670838416,0.0,32,robustness,cpu,16,auto,,float32,,,vmf,0.0,0.003323590033687651,0.003323590033687651,0.003323590033687651,0.003323590033687651,0.0,20.0,native,,0.0,0.0012929789954796433,0.0012929789954796433,0.0,0.0,2.0208011846989393e-05,2.0208011846989393e-05,0.0,1,vmf_robust,False,False,0.0,0.00010023900540545583,0.00010023900540545583,0.0,,,1000,,,0.00523355882615,1,,,False,0.0,0.0019101640209555626,0.0019101640209555626,0.0,0,,True,False,5.0,0.0,0.005233559000771493,0.005233559000771493,0.005233559000771493,0.005233559000771493,0.0,1
,0.0,0.0008188179926946759,0.0008188179926946759,0.0008188179926946759,0.0008188179926946759,0.0,32,robustness,cpu,16,auto,,float32,,,powerspherical,0.0,0.0009305729763582349,0.0009305729763582349,0.0009305729763582349,0.0009305729763582349,0.0,20.0,native,,0.0,0.00017087894957512617,0.00017087894957512617,0.0,0.0,2.116500400006771e-05,2.116500400006771e-05,0.0,1,power_spherical,False,False,0.0,8.912000339478254e-05,8.912000339478254e-05,0.0,,40.0,1000,,,0.00174939096905,1,,,False,0.0,0.0006494090193882585,0.0006494090193882585,0.0,0,,True,False,5.0,0.0,0.0017493909690529108,0.0017493909690529108,0.0017493909690529108,0.0017493909690529108,0.0,1
,0.0,0.0015105640050023794,0.0015105640050023794,0.0015105640050023794,0.0015105640050023794,0.0,32,robustness,cpu,16,auto,,float32,,,vmf,0.0,0.0019689739565365016,0.0019689739565365016,0.0019689739565365016,0.0019689739565365016,0.0,50.0,native,,0.0,0.00048238399904221296,0.00048238399904221296,0.0,0.0,1.9544968381524086e-05,1.9544968381524086e-05,0.0,1,vmf_official,False,False,0.0,8.251296821981668e-05,8.251296821981668e-05,0.0,,,1000,,,0.00347953801975,1,,,False,0.0,0.001384532020892948,0.001384532020892948,0.0,0,,True,False,5.0,0.0,0.003479537961538881,0.003479537961538881,0.003479537961538881,0.003479537961538881,0.0,1
,0.0,0.0018283380195498466,0.0018283380195498466,0.0018283380195498466,0.0018283380195498466,0.0,32,robustness,cpu,16,auto,,float32,,,vmf,0.0,0.00280620000557974,0.00280620000557974,0.00280620000557974,0.00280620000557974,0.0,50.0,native,,0.0,0.0011233279947191477,0.0011233279947191477,0.0,0.0,3.2604963053017855e-05,3.2604963053017855e-05,0.0,1,vmf_robust,False,False,0.0,8.394004544243217e-05,8.394004544243217e-05,0.0,,,1000,,,0.00463453819975,1,,,False,0.0,0.001566327002365142,0.001566327002365142,0.0,0,,True,False,5.0,0.0,0.0046345380251295865,0.0046345380251295865,0.0046345380251295865,0.0046345380251295865,0.0,1
,0.0,0.0009113239939324558,0.0009113239939324558,0.0009113239939324558,0.0009113239939324558,0.0,32,robustness,cpu,16,auto,,float32,,,powerspherical,0.0,0.0009176509920507669,0.0009176509920507669,0.0009176509920507669,0.0009176509920507669,0.0,50.0,native,,0.0,0.000205133983399719,0.000205133983399719,0.0,0.0,2.355600008741021e-05,2.355600008741021e-05,0.0,1,power_spherical,False,False,0.0,7.407600060105324e-05,7.407600060105324e-05,0.0,,100.0,1000,,,0.00182897504419,1,,,False,0.0,0.0006148850079625845,0.0006148850079625845,0.0,0,,True,False,5.0,0.0,0.0018289749859832227,0.0018289749859832227,0.0018289749859832227,0.0018289749859832227,0.0,1
,0.0,0.0015045449836179614,0.0015045449836179614,0.0015045449836179614,0.0015045449836179614,0.0,32,robustness,cpu,16,auto,,float32,,,vmf,0.0,0.0022693999926559627,0.0022693999926559627,0.0022693999926559627,0.0022693999926559627,0.0,100.0,native,,0.0,0.0005167580093257129,0.0005167580093257129,0.0,0.0,2.012000186368823e-05,2.012000186368823e-05,0.0,1,vmf_official,False,False,0.0,9.299698285758495e-05,9.299698285758495e-05,0.0,,,1000,,,0.00377394491807,1,,,False,0.0,0.0016395249986089766,0.0016395249986089766,0.0,0,,True,False,5.0,0.0,0.003773944976273924,0.003773944976273924,0.003773944976273924,0.003773944976273924,0.0,1
,0.0,0.0015789910103194416,0.0015789910103194416,0.0015789910103194416,0.0015789910103194416,0.0,32,robustness,cpu,16,auto,,float32,,,vmf,0.0,0.0026249130023643374,0.0026249130023643374,0.0026249130023643374,0.0026249130023643374,0.0,100.0,native,,0.0,0.0009195060119964182,0.0009195060119964182,0.0,0.0,1.9624014385044575e-05,1.9624014385044575e-05,0.0,1,vmf_robust,False,False,0.0,9.82999918051064e-05,9.82999918051064e-05,0.0,,,1000,,,0.00420390395448,1,,,False,0.0,0.0015874829841777682,0.0015874829841777682,0.0,0,,True,False,5.0,0.0,0.004203904012683779,0.004203904012683779,0.004203904012683779,0.004203904012683779,0.0,1
,0.0,0.0008182020392268896,0.0008182020392268896,0.0008182020392268896,0.0008182020392268896,0.0,32,robustness,cpu,16,auto,,float32,,,powerspherical,0.0,0.0008195929694920778,0.0008195929694920778,0.0008195929694920778,0.0008195929694920778,0.0,100.0,native,,0.0,0.0001630439655855298,0.0001630439655855298,0.0,0.0,2.037599915638566e-05,2.037599915638566e-05,0.0,1,power_spherical,False,False,0.0,6.46099797450006e-05,6.46099797450006e-05,0.0,,200.0,1000,,,0.00163779500872,1,,,False,0.0,0.0005715630250051618,0.0005715630250051618,0.0,0,,True,False,5.0,0.0,0.0016377950087189674,0.0016377950087189674,0.0016377950087189674,0.0016377950087189674,0.0,1
,0.0,0.00016594596672803164,0.00016594596672803164,0.00016594596672803164,0.00016594596672803164,0.0,32,robustness,cpu,32,auto,,float32,,,vmf,0.0,9.322504047304392e-05,9.322504047304392e-05,9.322504047304392e-05,9.322504047304392e-05,0.0,0.0,native,,0.0,6.492016837000847e-06,6.492016837000847e-06,0.0,0.0,2.1252024453133345e-05,2.1252024453133345e-05,0.0,1,vmf_official,False,False,0.0,6.467604544013739e-05,6.467604544013739e-05,0.0,,,1000,,,0.000259171007201,1,,,False,0.0,8.049537427723408e-07,8.049537427723408e-07,0.0,0,,True,False,5.0,0.0,0.00025917100720107555,0.00025917100720107555,0.00025917100720107555,0.00025917100720107555,0.0,1
,0.0,0.00015507201896980405,0.00015507201896980405,0.00015507201896980405,0.00015507201896980405,0.0,32,robustness,cpu,32,auto,,float32,,,vmf,0.0,9.16720018722117e-05,9.16720018722117e-05,9.16720018722117e-05,9.16720018722117e-05,0.0,0.0,native,,0.0,5.748996045440435e-06,5.748996045440435e-06,0.0,0.0,2.116698306053877e-05,2.116698306053877e-05,0.0,1,vmf_robust,False,False,0.0,6.390101043507457e-05,6.390101043507457e-05,0.0,,,1000,,,0.000246744020842,1,,,False,0.0,8.550123311579227e-07,8.550123311579227e-07,0.0,0,,True,False,5.0,0.0,0.00024674402084201574,0.00024674402084201574,0.00024674402084201574,0.00024674402084201574,0.0,1
,0.0,0.0008015750208869576,0.0008015750208869576,0.0008015750208869576,0.0008015750208869576,0.0,32,robustness,cpu,32,auto,,float32,,,powerspherical,0.0,0.0008611519588157535,0.0008611519588157535,0.0008611519588157535,0.0008611519588157535,0.0,0.0,native,,0.0,0.00015405804151669145,0.00015405804151669145,0.0,0.0,1.8178950995206833e-05,1.8178950995206833e-05,0.0,1,power_spherical,False,False,0.0,7.96539825387299e-05,7.96539825387299e-05,0.0,,0.0,1000,,,0.0016627269797,1,,,False,0.0,0.0006092609837651253,0.0006092609837651253,0.0,0,,True,False,5.0,0.0,0.001662726979702711,0.001662726979702711,0.001662726979702711,0.001662726979702711,0.0,1
,0.0,0.0016005999641492963,0.0016005999641492963,0.0016005999641492963,0.0016005999641492963,0.0,32,robustness,cpu,32,auto,,float32,,,vmf,0.0,0.0022963969968259335,0.0022963969968259335,0.0022963969968259335,0.0022963969968259335,0.0,0.5,native,,0.0,0.0006398800178430974,0.0006398800178430974,0.0,0.0,2.0808016415685415e-05,2.0808016415685415e-05,0.0,1,vmf_official,False,False,0.0,7.609999738633633e-05,7.609999738633633e-05,0.0,,,1000,,,0.00389699684456,1,,,False,0.0,0.0015596089651808143,0.0015596089651808143,0.0,0,,True,False,5.0,0.0,0.0038969969609752297,0.0038969969609752297,0.0038969969609752297,0.0038969969609752297,0.0,1
,0.0,0.0012298210058361292,0.0012298210058361292,0.0012298210058361292,0.0012298210058361292,0.0,32,robustness,cpu,32,auto,,float32,,,vmf,0.0,0.002251111960504204,0.002251111960504204,0.002251111960504204,0.002251111960504204,0.0,0.5,native,,0.0,0.0007502210210077465,0.0007502210210077465,0.0,0.0,1.8332968465983868e-05,1.8332968465983868e-05,0.0,1,vmf_robust,False,False,0.0,9.866396430879831e-05,9.866396430879831e-05,0.0,,,1000,,,0.00348093290813,1,,,False,0.0,0.0013838940067216754,0.0013838940067216754,0.0,0,,True,False,5.0,0.0,0.0034809329663403332,0.0034809329663403332,0.0034809329663403332,0.0034809329663403332,0.0,1
,0.0,0.0007127990247681737,0.0007127990247681737,0.0007127990247681737,0.0007127990247681737,0.0,32,robustness,cpu,32,auto,,float32,,,powerspherical,0.0,0.000808433978818357,0.000808433978818357,0.000808433978818357,0.000808433978818357,0.0,0.5,native,,0.0,0.00014458800433203578,0.00014458800433203578,0.0,0.0,1.795397838577628e-05,1.795397838577628e-05,0.0,1,power_spherical,False,False,0.0,8.417200297117233e-05,8.417200297117233e-05,0.0,,1.0,1000,,,0.00152123300359,1,,,False,0.0,0.0005617199931293726,0.0005617199931293726,0.0,0,,True,False,5.0,0.0,0.0015212330035865307,0.0015212330035865307,0.0015212330035865307,0.0015212330035865307,0.0,1
,0.0,0.0014533119974657893,0.0014533119974657893,0.0014533119974657893,0.0014533119974657893,0.0,32,robustness,cpu,32,auto,,float32,,,vmf,0.0,0.0020084099960513413,0.0020084099960513413,0.0020084099960513413,0.0020084099960513413,0.0,1.0,native,,0.0,0.000494165054988116,0.000494165054988116,0.0,0.0,1.9468949176371098e-05,1.9468949176371098e-05,0.0,1,vmf_official,False,False,0.0,8.651003008708358e-05,8.651003008708358e-05,0.0,,,1000,,,0.00346172205172,1,,,False,0.0,0.0014082659617997706,0.0014082659617997706,0.0,0,,True,False,5.0,0.0,0.0034617219935171306,0.0034617219935171306,0.0034617219935171306,0.0034617219935171306,0.0,1
,0.0,0.0015102369943633676,0.0015102369943633676,0.0015102369943633676,0.0015102369943633676,0.0,32,robustness,cpu,32,auto,,float32,,,vmf,0.0,0.0022533510345965624,0.0022533510345965624,0.0022533510345965624,0.0022533510345965624,0.0,1.0,native,,0.0,0.0007893690490163863,0.0007893690490163863,0.0,0.0,2.4851993657648563e-05,2.4851993657648563e-05,0.0,1,vmf_robust,False,False,0.0,8.072704076766968e-05,8.072704076766968e-05,0.0,,,1000,,,0.00376358814538,1,,,False,0.0,0.0013584029511548579,0.0013584029511548579,0.0,0,,True,False,5.0,0.0,0.00376358802895993,0.00376358802895993,0.00376358802895993,0.00376358802895993,0.0,1
,0.0,0.0007747659692540765,0.0007747659692540765,0.0007747659692540765,0.0007747659692540765,0.0,32,robustness,cpu,32,auto,,float32,,,powerspherical,0.0,0.0007564200204797089,0.0007564200204797089,0.0007564200204797089,0.0007564200204797089,0.0,1.0,native,,0.0,0.00014139001723378897,0.00014139001723378897,0.0,0.0,1.7318001482635736e-05,1.7318001482635736e-05,0.0,1,power_spherical,False,False,0.0,6.791297346353531e-05,6.791297346353531e-05,0.0,,2.0,1000,,,0.00153118604794,1,,,False,0.0,0.0005297990282997489,0.0005297990282997489,0.0,0,,True,False,5.0,0.0,0.0015311859897337854,0.0015311859897337854,0.0015311859897337854,0.0015311859897337854,0.0,1
,0.0,0.0018574289861135185,0.0018574289861135185,0.0018574289861135185,0.0018574289861135185,0.0,32,robustness,cpu,32,auto,,float32,,,vmf,0.0,0.001965606992598623,0.001965606992598623,0.001965606992598623,0.001965606992598623,0.0,2.0,native,,0.0,0.0005454039783217013,0.0005454039783217013,0.0,0.0,2.000300446525216e-05,2.000300446525216e-05,0.0,1,vmf_official,False,False,0.0,7.633201312273741e-05,7.633201312273741e-05,0.0,,,1000,,,0.0038230358623,1,,,False,0.0,0.0013238679966889322,0.0013238679966889322,0.0,0,,True,False,5.0,0.0,0.0038230359787121415,0.0038230359787121415,0.0038230359787121415,0.0038230359787121415,0.0,1
,0.0,0.0013593049952760339,0.0013593049952760339,0.0013593049952760339,0.0013593049952760339,0.0,32,robustness,cpu,32,auto,,float32,,,vmf,0.0,0.0027837080415338278,0.0027837080415338278,0.0027837080415338278,0.0027837080415338278,0.0,2.0,native,,0.0,0.0008729890105314553,0.0008729890105314553,0.0,0.0,1.824402716010809e-05,1.824402716010809e-05,0.0,1,vmf_robust,False,False,0.0,0.00011440605157986283,0.00011440605157986283,0.0,,,1000,,,0.00414301315323,1,,,False,0.0,0.0017780689522624016,0.0017780689522624016,0.0,0,,True,False,5.0,0.0,0.004143013036809862,0.004143013036809862,0.004143013036809862,0.004143013036809862,0.0,1
,0.0,0.0009528970113024116,0.0009528970113024116,0.0009528970113024116,0.0009528970113024116,0.0,32,robustness,cpu,32,auto,,float32,,,powerspherical,0.0,0.0009644989622756839,0.0009644989622756839,0.0009644989622756839,0.0009644989622756839,0.0,2.0,native,,0.0,0.00019044498912990093,0.00019044498912990093,0.0,0.0,1.8831982742995024e-05,1.8831982742995024e-05,0.0,1,power_spherical,False,False,0.0,8.394999895244837e-05,8.394999895244837e-05,0.0,,4.0,1000,,,0.00191739597358,1,,,False,0.0,0.0006712719914503396,0.0006712719914503396,0.0,0,,True,False,5.0,0.0,0.0019173959735780954,0.0019173959735780954,0.0019173959735780954,0.0019173959735780954,0.0,1
,0.0,0.0014737910241819918,0.0014737910241819918,0.0014737910241819918,0.0014737910241819918,0.0,32,robustness,cpu,32,auto,,float32,,,vmf,0.0,0.0021443209843710065,0.0021443209843710065,0.0021443209843710065,0.0021443209843710065,0.0,5.0,native,,0.0,0.0005350189749151468,0.0005350189749151468,0.0,0.0,2.0225008483976126e-05,2.0225008483976126e-05,0.0,1,vmf_official,False,False,0.0,0.0001046149991452694,0.0001046149991452694,0.0,,,1000,,,0.00361811206676,1,,,False,0.0,0.0014844620018266141,0.0014844620018266141,0.0,0,,True,False,5.0,0.0,0.0036181120085529983,0.0036181120085529983,0.0036181120085529983,0.0036181120085529983,0.0,1
,0.0,0.0017665309715084732,0.0017665309715084732,0.0017665309715084732,0.0017665309715084732,0.0,32,robustness,cpu,32,auto,,float32,,,vmf,0.0,0.002519903995562345,0.002519903995562345,0.002519903995562345,0.002519903995562345,0.0,5.0,native,,0.0,0.0010393099510110915,0.0010393099510110915,0.0,0.0,1.7831043805927038e-05,1.7831043805927038e-05,0.0,1,vmf_robust,False,False,0.0,9.194895392283797e-05,9.194895392283797e-05,0.0,,,1000,,,0.00428643496707,1,,,False,0.0,0.0013708140468224883,0.0013708140468224883,0.0,0,,True,False,5.0,0.0,0.004286434967070818,0.004286434967070818,0.004286434967070818,0.004286434967070818,0.0,1
,0.0,0.0007664999575354159,0.0007664999575354159,0.0007664999575354159,0.0007664999575354159,0.0,32,robustness,cpu,32,auto,,float32,,,powerspherical,0.0,0.0007567660068161786,0.0007567660068161786,0.0007567660068161786,0.0007567660068161786,0.0,5.0,native,,0.0,0.00014174700481817126,0.00014174700481817126,0.0,0.0,1.7662998288869858e-05,1.7662998288869858e-05,0.0,1,power_spherical,False,False,0.0,6.5983971580863e-05,6.5983971580863e-05,0.0,,10.0,1000,,,0.00152326596435,1,,,False,0.0,0.0005313720321282744,0.0005313720321282744,0.0,0,,True,False,5.0,0.0,0.0015232659643515944,0.0015232659643515944,0.0015232659643515944,0.0015232659643515944,0.0,1
,0.0,0.001730652991682291,0.001730652991682291,0.001730652991682291,0.001730652991682291,0.0,32,robustness,cpu,32,auto,,float32,,,vmf,0.0,0.002256642037536949,0.002256642037536949,0.002256642037536949,0.002256642037536949,0.0,10.0,native,,0.0,0.0007230989867821336,0.0007230989867821336,0.0,0.0,2.1602027118206024e-05,2.1602027118206024e-05,0.0,1,vmf_official,False,False,0.0,7.552403258159757e-05,7.552403258159757e-05,0.0,,,1000,,,0.00398729508743,1,,,False,0.0,0.0014364169910550117,0.0014364169910550117,0.0,0,,True,False,5.0,0.0,0.00398729502921924,0.00398729502921924,0.00398729502921924,0.00398729502921924,0.0,1
,0.0,0.0014686539652757347,0.0014686539652757347,0.0014686539652757347,0.0014686539652757347,0.0,32,robustness,cpu,32,auto,,float32,,,vmf,0.0,0.0027033720398321748,0.0027033720398321748,0.0027033720398321748,0.0027033720398321748,0.0,10.0,native,,0.0,0.0010156509815715253,0.0010156509815715253,0.0,0.0,1.8343038391321898e-05,1.8343038391321898e-05,0.0,1,vmf_robust,False,False,0.0,0.0001611660118214786,0.0001611660118214786,0.0,,,1000,,,0.00417202617973,1,,,False,0.0,0.001508212008047849,0.001508212008047849,0.0,0,,True,False,5.0,0.0,0.0041720260051079094,0.0041720260051079094,0.0041720260051079094,0.0041720260051079094,0.0,1
,0.0,0.0006896269624121487,0.0006896269624121487,0.0006896269624121487,0.0006896269624121487,0.0,32,robustness,cpu,32,auto,,float32,,,powerspherical,0.0,0.0008436890202574432,0.0008436890202574432,0.0008436890202574432,0.0008436890202574432,0.0,10.0,native,,0.0,0.0001462819636799395,0.0001462819636799395,0.0,0.0,1.8276041373610497e-05,1.8276041373610497e-05,0.0,1,power_spherical,False,False,0.0,8.060701657086611e-05,8.060701657086611e-05,0.0,,20.0,1000,,,0.00153331598267,1,,,False,0.0,0.0005985239986330271,0.0005985239986330271,0.0,0,,True,False,5.0,0.0,0.001533315982669592,0.001533315982669592,0.001533315982669592,0.001533315982669592,0.0,1
,0.0,0.0015778950182721019,0.0015778950182721019,0.0015778950182721019,0.0015778950182721019,0.0,32,robustness,cpu,32,auto,,float32,,,vmf,0.0,0.0020218139979988337,0.0020218139979988337,0.0020218139979988337,0.0020218139979988337,0.0,20.0,native,,0.0,0.0005357899935916066,0.0005357899935916066,0.0,0.0,2.0088977180421352e-05,2.0088977180421352e-05,0.0,1,vmf_official,False,False,0.0,8.475501090288162e-05,8.475501090288162e-05,0.0,,,1000,,,0.00359970889986,1,,,False,0.0,0.001381180016323924,0.001381180016323924,0.0,0,,True,False,5.0,0.0,0.0035997090162709355,0.0035997090162709355,0.0035997090162709355,0.0035997090162709355,0.0,1
,0.0,0.0016071160207502544,0.0016071160207502544,0.0016071160207502544,0.0016071160207502544,0.0,32,robustness,cpu,32,auto,,float32,,,vmf,0.0,0.0030903209699317813,0.0030903209699317813,0.0030903209699317813,0.0030903209699317813,0.0,20.0,native,,0.0,0.0013180410023778677,0.0013180410023778677,0.0,0.0,2.0712963305413723e-05,2.0712963305413723e-05,0.0,1,vmf_robust,False,False,0.0,8.67979833856225e-05,8.67979833856225e-05,0.0,,,1000,,,0.00469743693247,1,,,False,0.0,0.0016647690208628774,0.0016647690208628774,0.0,0,,True,False,5.0,0.0,0.004697436990682036,0.004697436990682036,0.004697436990682036,0.004697436990682036,0.0,1
,0.0,0.0009676589979790151,0.0009676589979790151,0.0009676589979790151,0.0009676589979790151,0.0,32,robustness,cpu,32,auto,,float32,,,powerspherical,0.0,0.0010060329805128276,0.0010060329805128276,0.0010060329805128276,0.0010060329805128276,0.0,20.0,native,,0.0,0.00024590297834947705,0.00024590297834947705,0.0,0.0,3.050698433071375e-05,3.050698433071375e-05,0.0,1,power_spherical,False,False,0.0,6.945902714505792e-05,6.945902714505792e-05,0.0,,40.0,1000,,,0.00197369186208,1,,,False,0.0,0.0006601639906875789,0.0006601639906875789,0.0,0,,True,False,5.0,0.0,0.0019736919784918427,0.0019736919784918427,0.0019736919784918427,0.0019736919784918427,0.0,1
,0.0,0.0016243630088865757,0.0016243630088865757,0.0016243630088865757,0.0016243630088865757,0.0,32,robustness,cpu,32,auto,,float32,,,vmf,0.0,0.0024251510039903224,0.0024251510039903224,0.0024251510039903224,0.0024251510039903224,0.0,50.0,native,,0.0,0.0005869129672646523,0.0005869129672646523,0.0,0.0,2.0068022422492504e-05,2.0068022422492504e-05,0.0,1,vmf_official,False,False,0.0,0.00013035599840804935,0.00013035599840804935,0.0,,,1000,,,0.00404951395467,1,,,False,0.0,0.0016878140158951283,0.0016878140158951283,0.0,0,,True,False,5.0,0.0,0.004049514012876898,0.004049514012876898,0.004049514012876898,0.004049514012876898,0.0,1
,0.0,0.0020242740283720195,0.0020242740283720195,0.0020242740283720195,0.0020242740283720195,0.0,32,robustness,cpu,32,auto,,float32,,,vmf,0.0,0.0024857099633663893,0.0024857099633663893,0.0024857099633663893,0.0024857099633663893,0.0,50.0,native,,0.0,0.00100046704756096,0.00100046704756096,0.0,0.0,1.823296770453453e-05,1.823296770453453e-05,0.0,1,vmf_robust,False,False,0.0,9.031197987496853e-05,9.031197987496853e-05,0.0,,,1000,,,0.00450998404995,1,,,False,0.0,0.0013766979682259262,0.0013766979682259262,0.0,0,,True,False,5.0,0.0,0.004509983991738409,0.004509983991738409,0.004509983991738409,0.004509983991738409,0.0,1
,0.0,0.0006873680395074189,0.0006873680395074189,0.0006873680395074189,0.0006873680395074189,0.0,32,robustness,cpu,32,auto,,float32,,,powerspherical,0.0,0.0007609809981659055,0.0007609809981659055,0.0007609809981659055,0.0007609809981659055,0.0,50.0,native,,0.0,0.00014115800149738789,0.00014115800149738789,0.0,0.0,1.740199513733387e-05,1.740199513733387e-05,0.0,1,power_spherical,False,False,0.0,6.847799522802234e-05,6.847799522802234e-05,0.0,,100.0,1000,,,0.00144834909588,1,,,False,0.0,0.0005339430063031614,0.0005339430063031614,0.0,0,,True,False,5.0,0.0,0.0014483490376733243,0.0014483490376733243,0.0014483490376733243,0.0014483490376733243,0.0,1
,0.0,0.001838113006670028,0.001838113006670028,0.001838113006670028,0.001838113006670028,0.0,32,robustness,cpu,32,auto,,float32,,,vmf,0.0,0.002346991968806833,0.002346991968806833,0.002346991968806833,0.002346991968806833,0.0,100.0,native,,0.0,0.0008347429684363306,0.0008347429684363306,0.0,0.0,2.2477004677057266e-05,2.2477004677057266e-05,0.0,1,vmf_official,False,False,0.0,7.888599066063762e-05,7.888599066063762e-05,0.0,,,1000,,,0.00418510474265,1,,,False,0.0,0.0014108860050328076,0.0014108860050328076,0.0,0,,True,False,5.0,0.0,0.004185104975476861,0.004185104975476861,0.004185104975476861,0.004185104975476861,0.0,1
,0.0,0.001362459035590291,0.001362459035590291,0.001362459035590291,0.001362459035590291,0.0,32,robustness,cpu,32,auto,,float32,,,vmf,0.0,0.002579015970695764,0.002579015970695764,0.002579015970695764,0.002579015970695764,0.0,100.0,native,,0.0,0.0008835439803078771,0.0008835439803078771,0.0,0.0,1.7930986359715462e-05,1.7930986359715462e-05,0.0,1,vmf_robust,False,False,0.0,9.540998144075274e-05,9.540998144075274e-05,0.0,,,1000,,,0.00394147494808,1,,,False,0.0,0.0015821310225874186,0.0015821310225874186,0.0,0,,True,False,5.0,0.0,0.003941475006286055,0.003941475006286055,0.003941475006286055,0.003941475006286055,0.0,1
,0.0,0.0007275189855135977,0.0007275189855135977,0.0007275189855135977,0.0007275189855135977,0.0,32,robustness,cpu,32,auto,,float32,,,powerspherical,0.0,0.0010409660171717405,0.0010409660171717405,0.0010409660171717405,0.0010409660171717405,0.0,100.0,native,,0.0,0.00015086197527125478,0.00015086197527125478,0.0,0.0,1.8535996787250042e-05,1.8535996787250042e-05,0.0,1,power_spherical,False,False,0.0,7.994502084329724e-05,7.994502084329724e-05,0.0,,200.0,1000,,,0.00176848494448,1,,,False,0.0,0.0007916230242699385,0.0007916230242699385,0.0,0,,True,False,5.0,0.0,0.0017684850026853383,0.0017684850026853383,0.0017684850026853383,0.0017684850026853383,0.0,1
,0.0,0.0001474739983677864,0.0001474739983677864,0.0001474739983677864,0.0001474739983677864,0.0,32,robustness,cpu,64,auto,,float32,,,vmf,0.0,8.642795728519559e-05,8.642795728519559e-05,8.642795728519559e-05,8.642795728519559e-05,0.0,0.0,native,,0.0,5.051027983427048e-06,5.051027983427048e-06,0.0,0.0,1.925596734508872e-05,1.925596734508872e-05,0.0,1,vmf_official,False,False,0.0,6.14379532635212e-05,6.14379532635212e-05,0.0,,,1000,,,0.000233901955653,1,,,False,0.0,6.830086931586266e-07,6.830086931586266e-07,0.0,0,,True,False,5.0,0.0,0.000233901955652982,0.000233901955652982,0.000233901955652982,0.000233901955652982,0.0,1
,0.0,0.00019687600433826447,0.00019687600433826447,0.00019687600433826447,0.00019687600433826447,0.0,32,robustness,cpu,64,auto,,float32,,,vmf,0.0,9.333802154287696e-05,9.333802154287696e-05,9.333802154287696e-05,9.333802154287696e-05,0.0,0.0,native,,0.0,4.762026946991682e-06,4.762026946991682e-06,0.0,0.0,2.602499444037676e-05,2.602499444037676e-05,0.0,1,vmf_robust,False,False,0.0,6.182602373883128e-05,6.182602373883128e-05,0.0,,,1000,,,0.000290214025881,1,,,False,0.0,7.249764166772366e-07,7.249764166772366e-07,0.0,0,,True,False,5.0,0.0,0.0002902140258811414,0.0002902140258811414,0.0002902140258811414,0.0002902140258811414,0.0,1
,0.0,0.0012750800233334303,0.0012750800233334303,0.0012750800233334303,0.0012750800233334303,0.0,32,robustness,cpu,64,auto,,float32,,,powerspherical,0.0,0.0012001079740002751,0.0012001079740002751,0.0012001079740002751,0.0012001079740002751,0.0,0.0,native,,0.0,0.0002570709912106395,0.0002570709912106395,0.0,0.0,2.7443980798125267e-05,2.7443980798125267e-05,0.0,1,power_spherical,False,False,0.0,0.00010843097697943449,0.00010843097697943449,0.0,,0.0,1000,,,0.00247518811375,1,,,False,0.0,0.0008071620250120759,0.0008071620250120759,0.0,0,,True,False,5.0,0.0,0.0024751879973337054,0.0024751879973337054,0.0024751879973337054,0.0024751879973337054,0.0,1
,,,,,,,32,robustness,cpu,64,auto,,float32,Encountered NaN/Inf in loss or gradients.,non_finite,vmf,,,,,,,0.5,native,,,,,,,,,,1,vmf_official,True,True,,,,,,,1000,,,,1,,,False,,,,,0,,False,False,5.0,,,,,,,1
,0.0,0.002248655946459621,0.002248655946459621,0.002248655946459621,0.002248655946459621,0.0,32,robustness,cpu,64,auto,,float32,,,vmf,0.0,0.0031926120282150805,0.0031926120282150805,0.0031926120282150805,0.0031926120282150805,0.0,0.5,native,,0.0,0.0012368230381980538,0.0012368230381980538,0.0,0.0,2.9014016035944223e-05,2.9014016035944223e-05,0.0,1,vmf_robust,False,False,0.0,0.00013001501793041825,0.00013001501793041825,0.0,,,1000,,,0.00544126797467,1,,,False,0.0,0.0017967599560506642,0.0017967599560506642,0.0,0,,True,False,5.0,0.0,0.005441267974674702,0.005441267974674702,0.005441267974674702,0.005441267974674702,0.0,1
,0.0,0.001165842986665666,0.001165842986665666,0.001165842986665666,0.001165842986665666,0.0,32,robustness,cpu,64,auto,,float32,,,powerspherical,0.0,0.0011910939938388765,0.0011910939938388765,0.0011910939938388765,0.0011910939938388765,0.0,0.5,native,,0.0,0.0001885310048237443,0.0001885310048237443,0.0,0.0,2.3343018256127834e-05,2.3343018256127834e-05,0.0,1,power_spherical,False,False,0.0,0.00011186400661244988,0.00011186400661244988,0.0,,1.0,1000,,,0.0023569369223,1,,,False,0.0,0.0008673559641465545,0.0008673559641465545,0.0,0,,True,False,5.0,0.0,0.0023569369805045426,0.0023569369805045426,0.0023569369805045426,0.0023569369805045426,0.0,1
,,,,,,,32,robustness,cpu,64,auto,,float32,Encountered NaN/Inf in loss or gradients.,non_finite,vmf,,,,,,,1.0,native,,,,,,,,,,1,vmf_official,True,False,,,,,,,1000,,,,1,,,False,,,,,0,,False,False,5.0,,,,,,,1
,0.0,0.001980702974833548,0.001980702974833548,0.001980702974833548,0.001980702974833548,0.0,32,robustness,cpu,64,auto,,float32,,,vmf,0.0,0.0025876660365611315,0.0025876660365611315,0.0025876660365611315,0.0025876660365611315,0.0,1.0,native,,0.0,0.0009249690338037908,0.0009249690338037908,0.0,0.0,2.1509011276066303e-05,2.1509011276066303e-05,0.0,1,vmf_robust,False,False,0.0,9.383104043081403e-05,9.383104043081403e-05,0.0,,,1000,,,0.00456836912781,1,,,False,0.0,0.0015473569510504603,0.0015473569510504603,0.0,0,,True,False,5.0,0.0,0.0045683690113946795,0.0045683690113946795,0.0045683690113946795,0.0045683690113946795,0.0,1
,0.0,0.0010249229962937534,0.0010249229962937534,0.0010249229962937534,0.0010249229962937534,0.0,32,robustness,cpu,64,auto,,float32,,,powerspherical,0.0,0.0008757649920880795,0.0008757649920880795,0.0008757649920880795,0.0008757649920880795,0.0,1.0,native,,0.0,0.00023029797011986375,0.00023029797011986375,0.0,0.0,3.2401003409177065e-05,3.2401003409177065e-05,0.0,1,power_spherical,False,False,0.0,7.339700823649764e-05,7.339700823649764e-05,0.0,,2.0,1000,,,0.00190068804659,1,,,False,0.0,0.000539669010322541,0.000539669010322541,0.0,0,,True,False,5.0,0.0,0.0019006879883818328,0.0019006879883818328,0.0019006879883818328,0.0019006879883818328,0.0,1
,0.0,0.0020203760359436274,0.0020203760359436274,0.0020203760359436274,0.0020203760359436274,0.0,32,robustness,cpu,64,auto,,float32,,,vmf,0.0,0.002804333984386176,0.002804333984386176,0.002804333984386176,0.002804333984386176,0.0,2.0,native,,0.0,0.0006424700259231031,0.0006424700259231031,0.0,0.0,2.4326960556209087e-05,2.4326960556209087e-05,0.0,1,vmf_official,False,False,0.0,9.500101441517472e-05,9.500101441517472e-05,0.0,,,1000,,,0.00482471007854,1,,,False,0.0,0.002042535983491689,0.002042535983491689,0.0,0,,True,False,5.0,0.0,0.004824710020329803,0.004824710020329803,0.004824710020329803,0.004824710020329803,0.0,1
,0.0,0.0018345129792578518,0.0018345129792578518,0.0018345129792578518,0.0018345129792578518,0.0,32,robustness,cpu,64,auto,,float32,,,vmf,0.0,0.002159742987714708,0.002159742987714708,0.002159742987714708,0.002159742987714708,0.0,2.0,native,,0.0,0.0007240389822982252,0.0007240389822982252,0.0,0.0,1.770904054865241e-05,1.770904054865241e-05,0.0,1,vmf_robust,False,False,0.0,8.600897854194045e-05,8.600897854194045e-05,0.0,,,1000,,,0.00399425579235,1,,,False,0.0,0.0013319859863258898,0.0013319859863258898,0.0,0,,True,False,5.0,0.0,0.00399425596697256,0.00399425596697256,0.00399425596697256,0.00399425596697256,0.0,1
,0.0,0.0006911069503985345,0.0006911069503985345,0.0006911069503985345,0.0006911069503985345,0.0,32,robustness,cpu,64,auto,,float32,,,powerspherical,0.0,0.0007440700428560376,0.0007440700428560376,0.0007440700428560376,0.0007440700428560376,0.0,2.0,native,,0.0,0.00013584602857008576,0.00013584602857008576,0.0,0.0,1.7179001588374376e-05,1.7179001588374376e-05,0.0,1,power_spherical,False,False,0.0,7.087300764396787e-05,7.087300764396787e-05,0.0,,4.0,1000,,,0.00143517693505,1,,,False,0.0,0.0005201720050536096,0.0005201720050536096,0.0,0,,True,False,5.0,0.0,0.0014351769932545722,0.0014351769932545722,0.0014351769932545722,0.0014351769932545722,0.0,1
,0.0,0.0020026129786856472,0.0020026129786856472,0.0020026129786856472,0.0020026129786856472,0.0,32,robustness,cpu,64,auto,,float32,,,vmf,0.0,0.0020680029992945492,0.0020680029992945492,0.0020680029992945492,0.0020680029992945492,0.0,5.0,native,,0.0,0.000467028992716223,0.000467028992716223,0.0,0.0,1.991703175008297e-05,1.991703175008297e-05,0.0,1,vmf_official,False,False,0.0,8.376198820769787e-05,8.376198820769787e-05,0.0,,,1000,,,0.00407061586156,1,,,False,0.0,0.0014972949866205454,0.0014972949866205454,0.0,0,,True,False,5.0,0.0,0.0040706159779801965,0.0040706159779801965,0.0040706159779801965,0.0040706159779801965,0.0,1
,0.0,0.0013977540074847639,0.0013977540074847639,0.0013977540074847639,0.0013977540074847639,0.0,32,robustness,cpu,64,auto,,float32,,,vmf,0.0,0.0029321080073714256,0.0029321080073714256,0.0029321080073714256,0.0029321080073714256,0.0,5.0,native,,0.0,0.0008987539913505316,0.0008987539913505316,0.0,0.0,1.8572027329355478e-05,1.8572027329355478e-05,0.0,1,vmf_robust,False,False,0.0,0.00013317697448655963,0.00013317697448655963,0.0,,,1000,,,0.00432986207306,1,,,False,0.0,0.001881605014204979,0.001881605014204979,0.0,0,,True,False,5.0,0.0,0.0043298620148561895,0.0043298620148561895,0.0043298620148561895,0.0043298620148561895,0.0,1
,0.0,0.0009742840193212032,0.0009742840193212032,0.0009742840193212032,0.0009742840193212032,0.0,32,robustness,cpu,64,auto,,float32,,,powerspherical,0.0,0.0012541879550553858,0.0012541879550553858,0.0012541879550553858,0.0012541879550553858,0.0,5.0,native,,0.0,0.0002515509841032326,0.0002515509841032326,0.0,0.0,3.0373979825526476e-05,3.0373979825526476e-05,0.0,1,power_spherical,False,False,0.0,0.0001340140006504953,0.0001340140006504953,0.0,,10.0,1000,,,0.00222847191617,1,,,False,0.0,0.0008382489904761314,0.0008382489904761314,0.0,0,,True,False,5.0,0.0,0.002228471974376589,0.002228471974376589,0.002228471974376589,0.002228471974376589,0.0,1
,0.0,0.0024240139755420387,0.0024240139755420387,0.0024240139755420387,0.0024240139755420387,0.0,32,robustness,cpu,64,auto,,float32,,,vmf,0.0,0.002540834015235305,0.002540834015235305,0.002540834015235305,0.002540834015235305,0.0,10.0,native,,0.0,0.0005791870062239468,0.0005791870062239468,0.0,0.0,4.065601387992501e-05,4.065601387992501e-05,0.0,1,vmf_official,False,False,0.0,0.0001063909730874002,0.0001063909730874002,0.0,,,1000,,,0.00496484804899,1,,,False,0.0,0.0018146000220440328,0.0018146000220440328,0.0,0,,True,False,5.0,0.0,0.0049648479907773435,0.0049648479907773435,0.0049648479907773435,0.0049648479907773435,0.0,1
,0.0,0.001700725988484919,0.001700725988484919,0.001700725988484919,0.001700725988484919,0.0,32,robustness,cpu,64,auto,,float32,,,vmf,0.0,0.003524046973325312,0.003524046973325312,0.003524046973325312,0.003524046973325312,0.0,10.0,native,,0.0,0.001156692043878138,0.001156692043878138,0.0,0.0,1.776998396962881e-05,1.776998396962881e-05,0.0,1,vmf_robust,False,False,0.0,0.00015334197087213397,0.00015334197087213397,0.0,,,1000,,,0.00522477272898,1,,,False,0.0,0.0021962429746054113,0.0021962429746054113,0.0,0,,True,False,5.0,0.0,0.005224772961810231,0.005224772961810231,0.005224772961810231,0.005224772961810231,0.0,1
,0.0,0.0008639309671707451,0.0008639309671707451,0.0008639309671707451,0.0008639309671707451,0.0,32,robustness,cpu,64,auto,,float32,,,powerspherical,0.0,0.0010372769902460277,0.0010372769902460277,0.0010372769902460277,0.0010372769902460277,0.0,10.0,native,,0.0,0.00017370603745803237,0.00017370603745803237,0.0,0.0,2.1689978893846273e-05,2.1689978893846273e-05,0.0,1,power_spherical,False,False,0.0,0.00010233395732939243,0.00010233395732939243,0.0,,20.0,1000,,,0.00190120795742,1,,,False,0.0,0.0007395470165647566,0.0007395470165647566,0.0,0,,True,False,5.0,0.0,0.0019012079574167728,0.0019012079574167728,0.0019012079574167728,0.0019012079574167728,0.0,1
,0.0,0.001939263951499015,0.001939263951499015,0.001939263951499015,0.001939263951499015,0.0,32,robustness,cpu,64,auto,,float32,,,vmf,0.0,0.0026397600304335356,0.0026397600304335356,0.0026397600304335356,0.0026397600304335356,0.0,20.0,native,,0.0,0.0005964509909972548,0.0005964509909972548,0.0,0.0,2.0414008758962154e-05,2.0414008758962154e-05,0.0,1,vmf_official,False,False,0.0,0.00011915998766198754,0.00011915998766198754,0.0,,,1000,,,0.00457902392372,1,,,False,0.0,0.001903735043015331,0.001903735043015331,0.0,0,,True,False,5.0,0.0,0.004579023981932551,0.004579023981932551,0.004579023981932551,0.004579023981932551,0.0,1
,0.0,0.0026074390043504536,0.0026074390043504536,0.0026074390043504536,0.0026074390043504536,0.0,32,robustness,cpu,64,auto,,float32,,,vmf,0.0,0.003534001996740699,0.003534001996740699,0.003534001996740699,0.003534001996740699,0.0,20.0,native,,0.0,0.0016679600230418146,0.0016679600230418146,0.0,0.0,3.167398972436786e-05,3.167398972436786e-05,0.0,1,vmf_robust,False,False,0.0,8.53219535201788e-05,8.53219535201788e-05,0.0,,,1000,,,0.00614144094288,1,,,False,0.0,0.0017490460304543376,0.0017490460304543376,0.0,0,,True,False,5.0,0.0,0.006141441001091152,0.006141441001091152,0.006141441001091152,0.006141441001091152,0.0,1
,0.0,0.0011188340140506625,0.0011188340140506625,0.0011188340140506625,0.0011188340140506625,0.0,32,robustness,cpu,64,auto,,float32,,,powerspherical,0.0,0.0010915779857896268,0.0010915779857896268,0.0010915779857896268,0.0010915779857896268,0.0,20.0,native,,0.0,0.0002405139966867864,0.0002405139966867864,0.0,0.0,2.7465983293950558e-05,2.7465983293950558e-05,0.0,1,power_spherical,False,False,0.0,0.00010646699229255319,0.00010646699229255319,0.0,,40.0,1000,,,0.00221041194163,1,,,False,0.0,0.0007171310135163367,0.0007171310135163367,0.0,0,,True,False,5.0,0.0,0.0022104119998402894,0.0022104119998402894,0.0022104119998402894,0.0022104119998402894,0.0,1
,0.0,0.0022652290062978864,0.0022652290062978864,0.0022652290062978864,0.0022652290062978864,0.0,32,robustness,cpu,64,auto,,float32,,,vmf,0.0,0.0029835340101271868,0.0029835340101271868,0.0029835340101271868,0.0029835340101271868,0.0,50.0,native,,0.0,0.0008482530247420073,0.0008482530247420073,0.0,0.0,3.3073010854423046e-05,3.3073010854423046e-05,0.0,1,vmf_official,False,False,0.0,0.00010295002721250057,0.00010295002721250057,0.0,,,1000,,,0.00524876313284,1,,,False,0.0,0.001999257947318256,0.001999257947318256,0.0,0,,True,False,5.0,0.0,0.005248763016425073,0.005248763016425073,0.005248763016425073,0.005248763016425073,0.0,1
,0.0,0.002094899013172835,0.002094899013172835,0.002094899013172835,0.002094899013172835,0.0,32,robustness,cpu,64,auto,,float32,,,vmf,0.0,0.0027580420137383044,0.0027580420137383044,0.0027580420137383044,0.0027580420137383044,0.0,50.0,native,,0.0,0.001093053026124835,0.001093053026124835,0.0,0.0,2.836197381839156e-05,2.836197381839156e-05,0.0,1,vmf_robust,False,False,0.0,0.00012445804895833135,0.00012445804895833135,0.0,,,1000,,,0.00485294125974,1,,,False,0.0,0.0015121689648367465,0.0015121689648367465,0.0,0,,True,False,5.0,0.0,0.0048529410269111395,0.0048529410269111395,0.0048529410269111395,0.0048529410269111395,0.0,1
,0.0,0.001081724010873586,0.001081724010873586,0.001081724010873586,0.001081724010873586,0.0,32,robustness,cpu,64,auto,,float32,,,powerspherical,0.0,0.0007994420011527836,0.0007994420011527836,0.0007994420011527836,0.0007994420011527836,0.0,50.0,native,,0.0,0.00013877102173864841,0.00013877102173864841,0.0,0.0,2.4591980036348104e-05,2.4591980036348104e-05,0.0,1,power_spherical,False,False,0.0,6.78999931551516e-05,6.78999931551516e-05,0.0,,100.0,1000,,,0.00188116601203,1,,,False,0.0,0.0005681790062226355,0.0005681790062226355,0.0,0,,True,False,5.0,0.0,0.0018811660120263696,0.0018811660120263696,0.0018811660120263696,0.0018811660120263696,0.0,1
,0.0,0.0026047599967569113,0.0026047599967569113,0.0026047599967569113,0.0026047599967569113,0.0,32,robustness,cpu,64,auto,,float32,,,vmf,0.0,0.0028096369933336973,0.0028096369933336973,0.0028096369933336973,0.0028096369933336973,0.0,100.0,native,,0.0,0.0007349130464717746,0.0007349130464717746,0.0,0.0,2.4014967493712902e-05,2.4014967493712902e-05,0.0,1,vmf_official,False,False,0.0,0.00013445498188957572,0.00013445498188957572,0.0,,,1000,,,0.00541439699009,1,,,False,0.0,0.0019162539974786341,0.0019162539974786341,0.0,0,,True,False,5.0,0.0,0.005414396990090609,0.005414396990090609,0.005414396990090609,0.005414396990090609,0.0,1
,0.0,0.0014092570054344833,0.0014092570054344833,0.0014092570054344833,0.0014092570054344833,0.0,32,robustness,cpu,64,auto,,float32,,,vmf,0.0,0.0037310579791665077,0.0037310579791665077,0.0037310579791665077,0.0037310579791665077,0.0,100.0,native,,0.0,0.0012170629925094545,0.0012170629925094545,0.0,0.0,1.8578022718429565e-05,1.8578022718429565e-05,0.0,1,vmf_robust,False,False,0.0,0.00013167195720598102,0.00013167195720598102,0.0,,,1000,,,0.00514031480998,1,,,False,0.0,0.0023637450067326427,0.0023637450067326427,0.0,0,,True,False,5.0,0.0,0.005140314984600991,0.005140314984600991,0.005140314984600991,0.005140314984600991,0.0,1
,0.0,0.000935997988563031,0.000935997988563031,0.000935997988563031,0.000935997988563031,0.0,32,robustness,cpu,64,auto,,float32,,,powerspherical,0.0,0.001227045024279505,0.001227045024279505,0.001227045024279505,0.001227045024279505,0.0,100.0,native,,0.0,0.00025530304992571473,0.00025530304992571473,0.0,0.0,3.093999112024903e-05,3.093999112024903e-05,0.0,1,power_spherical,False,False,0.0,0.0001154670026153326,0.0001154670026153326,0.0,,200.0,1000,,,0.00216304301284,1,,,False,0.0,0.0008253349806182086,0.0008253349806182086,0.0,0,,True,False,5.0,0.0,0.002163043012842536,0.002163043012842536,0.002163043012842536,0.002163043012842536,0.0,1
,0.0,0.00023994501680135727,0.00023994501680135727,0.00023994501680135727,0.00023994501680135727,0.0,32,robustness,cpu,128,auto,,float32,,,vmf,0.0,0.00015133898705244064,0.00015133898705244064,0.00015133898705244064,0.00015133898705244064,0.0,0.0,native,,0.0,1.1858006473630667e-05,1.1858006473630667e-05,0.0,0.0,3.022298915311694e-05,3.022298915311694e-05,0.0,1,vmf_official,False,False,0.0,0.00010701396968215704,0.00010701396968215704,0.0,,,1000,,,0.000391284003854,1,,,False,0.0,2.2440217435359955e-06,2.2440217435359955e-06,0.0,0,,True,False,5.0,0.0,0.0003912840038537979,0.0003912840038537979,0.0003912840038537979,0.0003912840038537979,0.0,1
,0.0,0.00014349399134516716,0.00014349399134516716,0.00014349399134516716,0.00014349399134516716,0.0,32,robustness,cpu,128,auto,,float32,,,vmf,0.0,9.257096098735929e-05,9.257096098735929e-05,9.257096098735929e-05,9.257096098735929e-05,0.0,0.0,native,,0.0,4.960980731993914e-06,4.960980731993914e-06,0.0,0.0,1.8452992662787437e-05,1.8452992662787437e-05,0.0,1,vmf_robust,False,False,0.0,6.84799742884934e-05,6.84799742884934e-05,0.0,,,1000,,,0.000236064952333,1,,,False,0.0,6.770133040845394e-07,6.770133040845394e-07,0.0,0,,True,False,5.0,0.0,0.00023606495233252645,0.00023606495233252645,0.00023606495233252645,0.00023606495233252645,0.0,1
,0.0,0.0008042200352065265,0.0008042200352065265,0.0008042200352065265,0.0008042200352065265,0.0,32,robustness,cpu,128,auto,,float32,,,powerspherical,0.0,0.0008135659736581147,0.0008135659736581147,0.0008135659736581147,0.0008135659736581147,0.0,0.0,native,,0.0,0.00014262396143749356,0.00014262396143749356,0.0,0.0,1.8018006812781096e-05,1.8018006812781096e-05,0.0,1,power_spherical,False,False,0.0,7.840001489967108e-05,7.840001489967108e-05,0.0,,0.0,1000,,,0.00161778600886,1,,,False,0.0,0.0005745239905081689,0.0005745239905081689,0.0,0,,True,False,5.0,0.0,0.0016177860088646412,0.0016177860088646412,0.0016177860088646412,0.0016177860088646412,0.0,1
,,,,,,,32,robustness,cpu,128,auto,,float32,Encountered NaN/Inf in loss or gradients.,non_finite,vmf,,,,,,,0.5,native,,,,,,,,,,1,vmf_official,True,True,,,,,,,1000,,,,1,,,False,,,,,0,,False,False,5.0,,,,,,,1
,0.0,0.001447462011128664,0.001447462011128664,0.001447462011128664,0.001447462011128664,0.0,32,robustness,cpu,128,auto,,float32,,,vmf,0.0,0.0024130319943651557,0.0024130319943651557,0.0024130319943651557,0.0024130319943651557,0.0,0.5,native,,0.0,0.0007667570025660098,0.0007667570025660098,0.0,0.0,2.0248990040272474e-05,2.0248990040272474e-05,0.0,1,vmf_robust,False,False,0.0,0.00010330998338758945,0.00010330998338758945,0.0,,,1000,,,0.00386049412191,1,,,False,0.0,0.001522716018371284,0.001522716018371284,0.0,0,,True,False,5.0,0.0,0.0038604940054938197,0.0038604940054938197,0.0038604940054938197,0.0038604940054938197,0.0,1
,0.0,0.0008227260550484061,0.0008227260550484061,0.0008227260550484061,0.0008227260550484061,0.0,32,robustness,cpu,128,auto,,float32,,,powerspherical,0.0,0.0008496479713357985,0.0008496479713357985,0.0008496479713357985,0.0008496479713357985,0.0,0.5,native,,0.0,0.00015673600137233734,0.00015673600137233734,0.0,0.0,2.046395093202591e-05,2.046395093202591e-05,0.0,1,power_spherical,False,False,0.0,8.698302553966641e-05,8.698302553966641e-05,0.0,,1.0,1000,,,0.00167237408459,1,,,False,0.0,0.0005854649934917688,0.0005854649934917688,0.0,0,,True,False,5.0,0.0,0.0016723740263842046,0.0016723740263842046,0.0016723740263842046,0.0016723740263842046,0.0,1
,,,,,,,32,robustness,cpu,128,auto,,float32,Encountered NaN/Inf in loss or gradients.,non_finite,vmf,,,,,,,1.0,native,,,,,,,,,,1,vmf_official,True,True,,,,,,,1000,,,,1,,,False,,,,,0,,False,False,5.0,,,,,,,1
,0.0,0.0014297679881565273,0.0014297679881565273,0.0014297679881565273,0.0014297679881565273,0.0,32,robustness,cpu,128,auto,,float32,,,vmf,0.0,0.002459449984598905,0.002459449984598905,0.002459449984598905,0.002459449984598905,0.0,1.0,native,,0.0,0.0007663869764655828,0.0007663869764655828,0.0,0.0,1.959101064130664e-05,1.959101064130664e-05,0.0,1,vmf_robust,False,False,0.0,0.00011240498861297965,0.00011240498861297965,0.0,,,1000,,,0.00388921797276,1,,,False,0.0,0.0015610670088790357,0.0015610670088790357,0.0,0,,True,False,5.0,0.0,0.003889217972755432,0.003889217972755432,0.003889217972755432,0.003889217972755432,0.0,1
,0.0,0.000828159973025322,0.000828159973025322,0.000828159973025322,0.000828159973025322,0.0,32,robustness,cpu,128,auto,,float32,,,powerspherical,0.0,0.0008643660112284124,0.0008643660112284124,0.0008643660112284124,0.0008643660112284124,0.0,1.0,native,,0.0,0.00015961099416017532,0.00015961099416017532,0.0,0.0,2.0346022211015224e-05,2.0346022211015224e-05,0.0,1,power_spherical,False,False,0.0,9.619101183488965e-05,9.619101183488965e-05,0.0,,2.0,1000,,,0.00169252604246,1,,,False,0.0,0.0005882179830223322,0.0005882179830223322,0.0,0,,True,False,5.0,0.0,0.0016925259842537344,0.0016925259842537344,0.0016925259842537344,0.0016925259842537344,0.0,1
,,,,,,,32,robustness,cpu,128,auto,,float32,Encountered NaN/Inf in loss or gradients.,non_finite,vmf,,,,,,,2.0,native,,,,,,,,,,1,vmf_official,True,True,,,,,,,1000,,,,1,,,False,,,,,0,,False,False,5.0,,,,,,,1
,0.0,0.0015544259804300964,0.0015544259804300964,0.0015544259804300964,0.0015544259804300964,0.0,32,robustness,cpu,128,auto,,float32,,,vmf,0.0,0.0026564259896986187,0.0026564259896986187,0.0026564259896986187,0.0026564259896986187,0.0,2.0,native,,0.0,0.000855705002322793,0.000855705002322793,0.0,0.0,2.0728970412164927e-05,2.0728970412164927e-05,0.0,1,vmf_robust,False,False,0.0,0.00012560398317873478,0.00012560398317873478,0.0,,,1000,,,0.00421085208654,1,,,False,0.0,0.001654388033784926,0.001654388033784926,0.0,0,,True,False,5.0,0.0,0.004210851970128715,0.004210851970128715,0.004210851970128715,0.004210851970128715,0.0,1
,0.0,0.0008415989577770233,0.0008415989577770233,0.0008415989577770233,0.0008415989577770233,0.0,32,robustness,cpu,128,auto,,float32,,,powerspherical,0.0,0.0009178110049106181,0.0009178110049106181,0.0009178110049106181,0.0009178110049106181,0.0,2.0,native,,0.0,0.00016379496082663536,0.00016379496082663536,0.0,0.0,2.0460051018744707e-05,2.0460051018744707e-05,0.0,1,power_spherical,False,False,0.0,9.273097384721041e-05,9.273097384721041e-05,0.0,,4.0,1000,,,0.00175940990448,1,,,False,0.0,0.0006408250192180276,0.0006408250192180276,0.0,0,,True,False,5.0,0.0,0.0017594099626876414,0.0017594099626876414,0.0017594099626876414,0.0017594099626876414,0.0,1
,,,,,,,32,robustness,cpu,128,auto,,float32,Encountered NaN/Inf in loss or gradients.,non_finite,vmf,,,,,,,5.0,native,,,,,,,,,,1,vmf_official,True,True,,,,,,,1000,,,,1,,,False,,,,,0,,False,False,5.0,,,,,,,1
,0.0,0.0015999579918570817,0.0015999579918570817,0.0015999579918570817,0.0015999579918570817,0.0,32,robustness,cpu,128,auto,,float32,,,vmf,0.0,0.002735847025178373,0.002735847025178373,0.002735847025178373,0.002735847025178373,0.0,5.0,native,,0.0,0.0009556639706715941,0.0009556639706715941,0.0,0.0,2.0574021618813276e-05,2.0574021618813276e-05,0.0,1,vmf_robust,False,False,0.0,0.000126330996863544,0.000126330996863544,0.0,,,1000,,,0.00433580484241,1,,,False,0.0,0.0016332780360244215,0.0016332780360244215,0.0,0,,True,False,5.0,0.0,0.0043358050170354545,0.0043358050170354545,0.0043358050170354545,0.0043358050170354545,0.0,1
,0.0,0.0008369730203412473,0.0008369730203412473,0.0008369730203412473,0.0008369730203412473,0.0,32,robustness,cpu,128,auto,,float32,,,powerspherical,0.0,0.0008966859895735979,0.0008966859895735979,0.0008966859895735979,0.0008966859895735979,0.0,5.0,native,,0.0,0.0001617110101506114,0.0001617110101506114,0.0,0.0,2.1133979316800833e-05,2.1133979316800833e-05,0.0,1,power_spherical,False,False,0.0,9.161699563264847e-05,9.161699563264847e-05,0.0,,10.0,1000,,,0.00173365906812,1,,,False,0.0,0.0006222240044735372,0.0006222240044735372,0.0,0,,True,False,5.0,0.0,0.0017336590099148452,0.0017336590099148452,0.0017336590099148452,0.0017336590099148452,0.0,1
,,,,,,,32,robustness,cpu,128,auto,,float32,Encountered NaN/Inf in loss or gradients.,non_finite,vmf,,,,,,,10.0,native,,,,,,,,,,1,vmf_official,True,True,,,,,,,1000,,,,1,,,False,,,,,0,,False,False,5.0,,,,,,,1
,0.0,0.0017290940159000456,0.0017290940159000456,0.0017290940159000456,0.0017290940159000456,0.0,32,robustness,cpu,128,auto,,float32,,,vmf,0.0,0.002819924964569509,0.002819924964569509,0.002819924964569509,0.002819924964569509,0.0,10.0,native,,0.0,0.0010286099859513342,0.0010286099859513342,0.0,0.0,2.0566978491842747e-05,2.0566978491842747e-05,0.0,1,vmf_robust,False,False,0.0,0.00013142696116119623,0.00013142696116119623,0.0,,,1000,,,0.00454901903868,1,,,False,0.0,0.0016393210389651358,0.0016393210389651358,0.0,0,,True,False,5.0,0.0,0.004549018980469555,0.004549018980469555,0.004549018980469555,0.004549018980469555,0.0,1
,0.0,0.0008303180220536888,0.0008303180220536888,0.0008303180220536888,0.0008303180220536888,0.0,32,robustness,cpu,128,auto,,float32,,,powerspherical,0.0,0.0008902169647626579,0.0008902169647626579,0.0008902169647626579,0.0008902169647626579,0.0,10.0,native,,0.0,0.00016171601600944996,0.00016171601600944996,0.0,0.0,2.097699325531721e-05,2.097699325531721e-05,0.0,1,power_spherical,False,False,0.0,9.535398567095399e-05,9.535398567095399e-05,0.0,,20.0,1000,,,0.00172053498682,1,,,False,0.0,0.0006121699698269367,0.0006121699698269367,0.0,0,,True,False,5.0,0.0,0.0017205349868163466,0.0017205349868163466,0.0017205349868163466,0.0017205349868163466,0.0,1
,0.0,0.001808598986826837,0.001808598986826837,0.001808598986826837,0.001808598986826837,0.0,32,robustness,cpu,128,auto,,float32,,,vmf,0.0,0.0020725069916807115,0.0020725069916807115,0.0020725069916807115,0.0020725069916807115,0.0,20.0,native,,0.0,0.0005453170160762966,0.0005453170160762966,0.0,0.0,2.044398570433259e-05,2.044398570433259e-05,0.0,1,vmf_official,False,False,0.0,9.215198224410415e-05,9.215198224410415e-05,0.0,,,1000,,,0.0038811059203,1,,,False,0.0,0.0014145940076559782,0.0014145940076559782,0.0,0,,True,False,5.0,0.0,0.0038811059785075486,0.0038811059785075486,0.0038811059785075486,0.0038811059785075486,0.0,1
,0.0,0.0017711010295897722,0.0017711010295897722,0.0017711010295897722,0.0017711010295897722,0.0,32,robustness,cpu,128,auto,,float32,,,vmf,0.0,0.0030327329877763987,0.0030327329877763987,0.0030327329877763987,0.0030327329877763987,0.0,20.0,native,,0.0,0.0011361109791323543,0.0011361109791323543,0.0,0.0,2.0892999600619078e-05,2.0892999600619078e-05,0.0,1,vmf_robust,False,False,0.0,0.000130140979308635,0.000130140979308635,0.0,,,1000,,,0.00480383401737,1,,,False,0.0,0.0017455880297347903,0.0017455880297347903,0.0,0,,True,False,5.0,0.0,0.004803834017366171,0.004803834017366171,0.004803834017366171,0.004803834017366171,0.0,1
,0.0,0.0008388590067625046,0.0008388590067625046,0.0008388590067625046,0.0008388590067625046,0.0,32,robustness,cpu,128,auto,,float32,,,powerspherical,0.0,0.0009333449997939169,0.0009333449997939169,0.0009333449997939169,0.0009333449997939169,0.0,20.0,native,,0.0,0.00016351096564903855,0.00016351096564903855,0.0,0.0,2.066203160211444e-05,2.066203160211444e-05,0.0,1,power_spherical,False,False,0.0,0.00010614597704261541,0.00010614597704261541,0.0,,40.0,1000,,,0.00177220394835,1,,,False,0.0,0.0006430260255001485,0.0006430260255001485,0.0,0,,True,False,5.0,0.0,0.0017722040065564215,0.0017722040065564215,0.0017722040065564215,0.0017722040065564215,0.0,1
,0.0,0.0017785750096663833,0.0017785750096663833,0.0017785750096663833,0.0017785750096663833,0.0,32,robustness,cpu,128,auto,,float32,,,vmf,0.0,0.0020222170278429985,0.0020222170278429985,0.0020222170278429985,0.0020222170278429985,0.0,50.0,native,,0.0,0.0005389229627326131,0.0005389229627326131,0.0,0.0,2.1570012904703617e-05,2.1570012904703617e-05,0.0,1,vmf_official,False,False,0.0,9.453704115003347e-05,9.453704115003347e-05,0.0,,,1000,,,0.00380079215392,1,,,False,0.0,0.0013671870110556483,0.0013671870110556483,0.0,0,,True,False,5.0,0.0,0.0038007920375093818,0.0038007920375093818,0.0038007920375093818,0.0038007920375093818,0.0,1
,0.0,0.001852653978858143,0.001852653978858143,0.001852653978858143,0.001852653978858143,0.0,32,robustness,cpu,128,auto,,float32,,,vmf,0.0,0.003186482994351536,0.003186482994351536,0.003186482994351536,0.003186482994351536,0.0,50.0,native,,0.0,0.0011978060356341302,0.0011978060356341302,0.0,0.0,2.146599581465125e-05,2.146599581465125e-05,0.0,1,vmf_robust,False,False,0.0,0.00011392898159101605,0.00011392898159101605,0.0,,,1000,,,0.00503913685679,1,,,False,0.0,0.0018532819813117385,0.0018532819813117385,0.0,0,,True,False,5.0,0.0,0.005039136973209679,0.005039136973209679,0.005039136973209679,0.005039136973209679,0.0,1
,0.0,0.0008328219992108643,0.0008328219992108643,0.0008328219992108643,0.0008328219992108643,0.0,32,robustness,cpu,128,auto,,float32,,,powerspherical,0.0,0.0009090169914998114,0.0009090169914998114,0.0009090169914998114,0.0009090169914998114,0.0,50.0,native,,0.0,0.00016077299369499087,0.00016077299369499087,0.0,0.0,2.1328043658286333e-05,2.1328043658286333e-05,0.0,1,power_spherical,False,False,0.0,9.931897511705756e-05,9.931897511705756e-05,0.0,,100.0,1000,,,0.00174183899071,1,,,False,0.0,0.0006275969790294766,0.0006275969790294766,0.0,0,,True,False,5.0,0.0,0.0017418389907106757,0.0017418389907106757,0.0017418389907106757,0.0017418389907106757,0.0,1
,0.0,0.0017106449813582003,0.0017106449813582003,0.0017106449813582003,0.0017106449813582003,0.0,32,robustness,cpu,128,auto,,float32,,,vmf,0.0,0.0020027360296808183,0.0020027360296808183,0.0020027360296808183,0.0020027360296808183,0.0,100.0,native,,0.0,0.000519866996910423,0.000519866996910423,0.0,0.0,1.965701812878251e-05,1.965701812878251e-05,0.0,1,vmf_official,False,False,0.0,0.0001044970122165978,0.0001044970122165978,0.0,,,1000,,,0.00371338101104,1,,,False,0.0,0.001358715002425015,0.001358715002425015,0.0,0,,True,False,5.0,0.0,0.0037133810110390186,0.0037133810110390186,0.0037133810110390186,0.0037133810110390186,0.0,1
,0.0,0.0018538039876148105,0.0018538039876148105,0.0018538039876148105,0.0018538039876148105,0.0,32,robustness,cpu,128,auto,,float32,,,vmf,0.0,0.003191222029272467,0.003191222029272467,0.003191222029272467,0.003191222029272467,0.0,100.0,native,,0.0,0.0012255570036359131,0.0012255570036359131,0.0,0.0,2.121098805218935e-05,2.121098805218935e-05,0.0,1,vmf_robust,False,False,0.0,9.92530258372426e-05,9.92530258372426e-05,0.0,,,1000,,,0.00504502607509,1,,,False,0.0,0.0018452010117471218,0.0018452010117471218,0.0,0,,True,False,5.0,0.0,0.005045026016887277,0.005045026016887277,0.005045026016887277,0.005045026016887277,0.0,1
,0.0,0.0008550569764338434,0.0008550569764338434,0.0008550569764338434,0.0008550569764338434,0.0,32,robustness,cpu,128,auto,,float32,,,powerspherical,0.0,0.000986415019724518,0.000986415019724518,0.000986415019724518,0.000986415019724518,0.0,100.0,native,,0.0,0.00017999898409470916,0.00017999898409470916,0.0,0.0,2.1270010620355606e-05,2.1270010620355606e-05,0.0,1,power_spherical,False,False,0.0,0.00010395102435722947,0.00010395102435722947,0.0,,200.0,1000,,,0.00184147199616,1,,,False,0.0,0.0006811950006522238,0.0006811950006522238,0.0,0,,True,False,5.0,0.0,0.0018414719961583614,0.0018414719961583614,0.0018414719961583614,0.0018414719961583614,0.0,1
,0.0,0.00017567997565492988,0.00017567997565492988,0.00017567997565492988,0.00017567997565492988,0.0,32,robustness,cpu,256,auto,,float32,,,vmf,0.0,0.00013181701069697738,0.00013181701069697738,0.00013181701069697738,0.00013181701069697738,0.0,0.0,native,,0.0,5.9480080381035805e-06,5.9480080381035805e-06,0.0,0.0,2.274400321766734e-05,2.274400321766734e-05,0.0,1,vmf_official,False,False,0.0,0.0001021859934553504,0.0001021859934553504,0.0,,,1000,,,0.000307496986352,1,,,False,0.0,9.390059858560562e-07,9.390059858560562e-07,0.0,0,,True,False,5.0,0.0,0.00030749698635190725,0.00030749698635190725,0.00030749698635190725,0.00030749698635190725,0.0,1
,0.0,0.00022741500288248062,0.00022741500288248062,0.00022741500288248062,0.00022741500288248062,0.0,32,robustness,cpu,256,auto,,float32,,,vmf,0.0,0.00013777503045275807,0.00013777503045275807,0.00013777503045275807,0.00013777503045275807,0.0,0.0,native,,0.0,6.726011633872986e-06,6.726011633872986e-06,0.0,0.0,2.3216998670250177e-05,2.3216998670250177e-05,0.0,1,vmf_robust,False,False,0.0,0.00010625604772940278,0.00010625604772940278,0.0,,,1000,,,0.000365190033335,1,,,False,0.0,1.57597241923213e-06,1.57597241923213e-06,0.0,0,,True,False,5.0,0.0,0.0003651900333352387,0.0003651900333352387,0.0003651900333352387,0.0003651900333352387,0.0,1
,0.0,0.0007538899662904441,0.0007538899662904441,0.0007538899662904441,0.0007538899662904441,0.0,32,robustness,cpu,256,auto,,float32,,,powerspherical,0.0,0.0008155530085787177,0.0008155530085787177,0.0008155530085787177,0.0008155530085787177,0.0,0.0,native,,0.0,0.0001374860294163227,0.0001374860294163227,0.0,0.0,1.8062011804431677e-05,1.8062011804431677e-05,0.0,1,power_spherical,False,False,0.0,9.526900248602033e-05,9.526900248602033e-05,0.0,,0.0,1000,,,0.00156944291666,1,,,False,0.0,0.000564735964871943,0.000564735964871943,0.0,0,,True,False,5.0,0.0,0.0015694429748691618,0.0015694429748691618,0.0015694429748691618,0.0015694429748691618,0.0,1
,,,,,,,32,robustness,cpu,256,auto,,float32,Encountered NaN/Inf in loss or gradients.,non_finite,vmf,,,,,,,0.5,native,,,,,,,,,,1,vmf_official,True,True,,,,,,,1000,,,,1,,,False,,,,,0,,False,False,5.0,,,,,,,1
,0.0,0.0015068189823068678,0.0015068189823068678,0.0015068189823068678,0.0015068189823068678,0.0,32,robustness,cpu,256,auto,,float32,,,vmf,0.0,0.002605938003398478,0.002605938003398478,0.002605938003398478,0.002605938003398478,0.0,0.5,native,,0.0,0.0007880740449763834,0.0007880740449763834,0.0,0.0,2.093700459226966e-05,2.093700459226966e-05,0.0,1,vmf_robust,False,False,0.0,0.00013551500160247087,0.00013551500160247087,0.0,,,1000,,,0.00411275681108,1,,,False,0.0,0.001661411952227354,0.001661411952227354,0.0,0,,True,False,5.0,0.0,0.004112756985705346,0.004112756985705346,0.004112756985705346,0.004112756985705346,0.0,1
,0.0,0.0008725280058570206,0.0008725280058570206,0.0008725280058570206,0.0008725280058570206,0.0,32,robustness,cpu,256,auto,,float32,,,powerspherical,0.0,0.0009381810086779296,0.0009381810086779296,0.0009381810086779296,0.0009381810086779296,0.0,0.5,native,,0.0,0.00016290502389892936,0.00016290502389892936,0.0,0.0,2.108997432515025e-05,2.108997432515025e-05,0.0,1,power_spherical,False,False,0.0,0.00011901400284841657,0.00011901400284841657,0.0,,1.0,1000,,,0.00181070901453,1,,,False,0.0,0.0006351720076054335,0.0006351720076054335,0.0,0,,True,False,5.0,0.0,0.0018107090145349503,0.0018107090145349503,0.0018107090145349503,0.0018107090145349503,0.0,1
,,,,,,,32,robustness,cpu,256,auto,,float32,Encountered NaN/Inf in loss or gradients.,non_finite,vmf,,,,,,,1.0,native,,,,,,,,,,1,vmf_official,True,True,,,,,,,1000,,,,1,,,False,,,,,0,,False,False,5.0,,,,,,,1
,0.0,0.00157771201338619,0.00157771201338619,0.00157771201338619,0.00157771201338619,0.0,32,robustness,cpu,256,auto,,float32,,,vmf,0.0,0.0026248270296491683,0.0026248270296491683,0.0026248270296491683,0.0026248270296491683,0.0,1.0,native,,0.0,0.000789718993473798,0.000789718993473798,0.0,0.0,2.1390034817159176e-05,2.1390034817159176e-05,0.0,1,vmf_robust,False,False,0.0,0.00013943802332505584,0.00013943802332505584,0.0,,,1000,,,0.00420253910124,1,,,False,0.0,0.0016742799780331552,0.0016742799780331552,0.0,0,,True,False,5.0,0.0,0.004202539043035358,0.004202539043035358,0.004202539043035358,0.004202539043035358,0.0,1
,0.0,0.0008713459828868508,0.0008713459828868508,0.0008713459828868508,0.0008713459828868508,0.0,32,robustness,cpu,256,auto,,float32,,,powerspherical,0.0,0.0009408129844814539,0.0009408129844814539,0.0009408129844814539,0.0009408129844814539,0.0,1.0,native,,0.0,0.00016061298083513975,0.00016061298083513975,0.0,0.0,2.1135027054697275e-05,2.1135027054697275e-05,0.0,1,power_spherical,False,False,0.0,0.00011696695582941175,0.00011696695582941175,0.0,,2.0,1000,,,0.00181215896737,1,,,False,0.0,0.0006420980207622051,0.0006420980207622051,0.0,0,,True,False,5.0,0.0,0.0018121589673683047,0.0018121589673683047,0.0018121589673683047,0.0018121589673683047,0.0,1
,,,,,,,32,robustness,cpu,256,auto,,float32,Encountered NaN/Inf in loss or gradients.,non_finite,vmf,,,,,,,2.0,native,,,,,,,,,,1,vmf_official,True,True,,,,,,,1000,,,,1,,,False,,,,,0,,False,False,5.0,,,,,,,1
,0.0,0.0015132079715840518,0.0015132079715840518,0.0015132079715840518,0.0015132079715840518,0.0,32,robustness,cpu,256,auto,,float32,,,vmf,0.0,0.002583976020105183,0.002583976020105183,0.002583976020105183,0.002583976020105183,0.0,2.0,native,,0.0,0.0007787140202708542,0.0007787140202708542,0.0,0.0,2.1025014575570822e-05,2.1025014575570822e-05,0.0,1,vmf_robust,False,False,0.0,0.00013337400741875172,0.00013337400741875172,0.0,,,1000,,,0.00409718416631,1,,,False,0.0,0.0016508629778400064,0.0016508629778400064,0.0,0,,True,False,5.0,0.0,0.004097183991689235,0.004097183991689235,0.004097183991689235,0.004097183991689235,0.0,1
,0.0,0.000882491993252188,0.000882491993252188,0.000882491993252188,0.000882491993252188,0.0,32,robustness,cpu,256,auto,,float32,,,powerspherical,0.0,0.0009219020139425993,0.0009219020139425993,0.0009219020139425993,0.0009219020139425993,0.0,2.0,native,,0.0,0.00016311899526044726,0.00016311899526044726,0.0,0.0,2.1082989405840635e-05,2.1082989405840635e-05,0.0,1,power_spherical,False,False,0.0,0.00010706699686124921,0.00010706699686124921,0.0,,4.0,1000,,,0.00180439394899,1,,,False,0.0,0.0006306330324150622,0.0006306330324150622,0.0,0,,True,False,5.0,0.0,0.0018043940071947873,0.0018043940071947873,0.0018043940071947873,0.0018043940071947873,0.0,1
,,,,,,,32,robustness,cpu,256,auto,,float32,Encountered NaN/Inf in loss or gradients.,non_finite,vmf,,,,,,,5.0,native,,,,,,,,,,1,vmf_official,True,True,,,,,,,1000,,,,1,,,False,,,,,0,,False,False,5.0,,,,,,,1
,0.0,0.0016198430093936622,0.0016198430093936622,0.0016198430093936622,0.0016198430093936622,0.0,32,robustness,cpu,256,auto,,float32,,,vmf,0.0,0.002703100035432726,0.002703100035432726,0.002703100035432726,0.002703100035432726,0.0,5.0,native,,0.0,0.0008703359635546803,0.0008703359635546803,0.0,0.0,2.1931016817688942e-05,2.1931016817688942e-05,0.0,1,vmf_robust,False,False,0.0,0.0001367240329273045,0.0001367240329273045,0.0,,,1000,,,0.00432294327766,1,,,False,0.0,0.0016741090221330523,0.0016741090221330523,0.0,0,,True,False,5.0,0.0,0.004322943044826388,0.004322943044826388,0.004322943044826388,0.004322943044826388,0.0,1
,0.0,0.0009024449973367155,0.0009024449973367155,0.0009024449973367155,0.0009024449973367155,0.0,32,robustness,cpu,256,auto,,float32,,,powerspherical,0.0,0.0009383779834024608,0.0009383779834024608,0.0009383779834024608,0.0009383779834024608,0.0,5.0,native,,0.0,0.000161006988491863,0.000161006988491863,0.0,0.0,2.1253013983368874e-05,2.1253013983368874e-05,0.0,1,power_spherical,False,False,0.0,0.00011775200255215168,0.00011775200255215168,0.0,,10.0,1000,,,0.00184082298074,1,,,False,0.0,0.0006383659783750772,0.0006383659783750772,0.0,0,,True,False,5.0,0.0,0.0018408229807391763,0.0018408229807391763,0.0018408229807391763,0.0018408229807391763,0.0,1
,,,,,,,32,robustness,cpu,256,auto,,float32,Encountered NaN/Inf in loss or gradients.,non_finite,vmf,,,,,,,10.0,native,,,,,,,,,,1,vmf_official,True,True,,,,,,,1000,,,,1,,,False,,,,,0,,False,False,5.0,,,,,,,1
,0.0,0.0018196360324509442,0.0018196360324509442,0.0018196360324509442,0.0018196360324509442,0.0,32,robustness,cpu,256,auto,,float32,,,vmf,0.0,0.0027418009703978896,0.0027418009703978896,0.0027418009703978896,0.0027418009703978896,0.0,10.0,native,,0.0,0.0009588710381649435,0.0009588710381649435,0.0,0.0,2.090795896947384e-05,2.090795896947384e-05,0.0,1,vmf_robust,False,False,0.0,0.00013035000301897526,0.00013035000301897526,0.0,,,1000,,,0.00456143682823,1,,,False,0.0,0.001631671970244497,0.001631671970244497,0.0,0,,True,False,5.0,0.0,0.004561437002848834,0.004561437002848834,0.004561437002848834,0.004561437002848834,0.0,1
,0.0,0.0009317960357293487,0.0009317960357293487,0.0009317960357293487,0.0009317960357293487,0.0,32,robustness,cpu,256,auto,,float32,,,powerspherical,0.0,0.0009620729833841324,0.0009620729833841324,0.0009620729833841324,0.0009620729833841324,0.0,10.0,native,,0.0,0.00016784202307462692,0.00016784202307462692,0.0,0.0,2.1716987248510122e-05,2.1716987248510122e-05,0.0,1,power_spherical,False,False,0.0,0.00010752602247521281,0.00010752602247521281,0.0,,20.0,1000,,,0.00189386901911,1,,,False,0.0,0.0006649879505857825,0.0006649879505857825,0.0,0,,True,False,5.0,0.0,0.001893869019113481,0.001893869019113481,0.001893869019113481,0.001893869019113481,0.0,1
,,,,,,,32,robustness,cpu,256,auto,,float32,Encountered NaN/Inf in loss or gradients.,non_finite,vmf,,,,,,,20.0,native,,,,,,,,,,1,vmf_official,True,True,,,,,,,1000,,,,1,,,False,,,,,0,,False,False,5.0,,,,,,,1
,0.0,0.0019070639973506331,0.0019070639973506331,0.0019070639973506331,0.0019070639973506331,0.0,32,robustness,cpu,256,auto,,float32,,,vmf,0.0,0.002845273003913462,0.002845273003913462,0.002845273003913462,0.002845273003913462,0.0,20.0,native,,0.0,0.0010361670283600688,0.0010361670283600688,0.0,0.0,2.2935972083359957e-05,2.2935972083359957e-05,0.0,1,vmf_robust,False,False,0.0,0.00013014499563723803,0.00013014499563723803,0.0,,,1000,,,0.00475233700126,1,,,False,0.0,0.0016560250078327954,0.0016560250078327954,0.0,0,,True,False,5.0,0.0,0.004752337001264095,0.004752337001264095,0.004752337001264095,0.004752337001264095,0.0,1
,0.0,0.0009908769861795008,0.0009908769861795008,0.0009908769861795008,0.0009908769861795008,0.0,32,robustness,cpu,256,auto,,float32,,,powerspherical,0.0,0.0009847420151345432,0.0009847420151345432,0.0009847420151345432,0.0009847420151345432,0.0,20.0,native,,0.0,0.00017039204249158502,0.00017039204249158502,0.0,0.0,2.2060004994273186e-05,2.2060004994273186e-05,0.0,1,power_spherical,False,False,0.0,0.0001154000055976212,0.0001154000055976212,0.0,,40.0,1000,,,0.00197561900131,1,,,False,0.0,0.0006768899620510638,0.0006768899620510638,0.0,0,,True,False,5.0,0.0,0.001975619001314044,0.001975619001314044,0.001975619001314044,0.001975619001314044,0.0,1
,,,,,,,32,robustness,cpu,256,auto,,float32,Encountered NaN/Inf in loss or gradients.,non_finite,vmf,,,,,,,50.0,native,,,,,,,,,,1,vmf_official,True,True,,,,,,,1000,,,,1,,,False,,,,,0,,False,False,5.0,,,,,,,1
,0.0,0.0018810359761118889,0.0018810359761118889,0.0018810359761118889,0.0018810359761118889,0.0,32,robustness,cpu,256,auto,,float32,,,vmf,0.0,0.0030605929787270725,0.0030605929787270725,0.0030605929787270725,0.0030605929787270725,0.0,50.0,native,,0.0,0.0012729649897664785,0.0012729649897664785,0.0,0.0,2.3344007786363363e-05,2.3344007786363363e-05,0.0,1,vmf_robust,False,False,0.0,0.00011904799612239003,0.00011904799612239003,0.0,,,1000,,,0.00494162878022,1,,,False,0.0,0.0016452359850518405,0.0016452359850518405,0.0,0,,True,False,5.0,0.0,0.004941628954838961,0.004941628954838961,0.004941628954838961,0.004941628954838961,0.0,1
,0.0,0.0009437859989702702,0.0009437859989702702,0.0009437859989702702,0.0009437859989702702,0.0,32,robustness,cpu,256,auto,,float32,,,powerspherical,0.0,0.0011832360178232193,0.0011832360178232193,0.0011832360178232193,0.0011832360178232193,0.0,50.0,native,,0.0,0.00017488800222054124,0.00017488800222054124,0.0,0.0,2.2015010472387075e-05,2.2015010472387075e-05,0.0,1,power_spherical,False,False,0.0,0.00013912096619606018,0.00013912096619606018,0.0,,100.0,1000,,,0.00212702201679,1,,,False,0.0,0.0008472120389342308,0.0008472120389342308,0.0,0,,True,False,5.0,0.0,0.0021270220167934895,0.0021270220167934895,0.0021270220167934895,0.0021270220167934895,0.0,1
,0.0,0.0015380830154754221,0.0015380830154754221,0.0015380830154754221,0.0015380830154754221,0.0,32,robustness,cpu,256,auto,,float32,,,vmf,0.0,0.002144703990779817,0.002144703990779817,0.002144703990779817,0.002144703990779817,0.0,100.0,native,,0.0,0.0005264490027911961,0.0005264490027911961,0.0,0.0,2.162897726520896e-05,2.162897726520896e-05,0.0,1,vmf_official,False,False,0.0,0.00012519501615315676,0.00012519501615315676,0.0,,,1000,,,0.00368278706446,1,,,False,0.0,0.0014714309945702553,0.0014714309945702553,0.0,0,,True,False,5.0,0.0,0.0036827870062552392,0.0036827870062552392,0.0036827870062552392,0.0036827870062552392,0.0,1
,0.0,0.002039899001829326,0.002039899001829326,0.002039899001829326,0.002039899001829326,0.0,32,robustness,cpu,256,auto,,float32,,,vmf,0.0,0.003066964040044695,0.003066964040044695,0.003066964040044695,0.003066964040044695,0.0,100.0,native,,0.0,0.0012557629961520433,0.0012557629961520433,0.0,0.0,2.7403992135077715e-05,2.7403992135077715e-05,0.0,1,vmf_robust,False,False,0.0,0.00013487902469933033,0.00013487902469933033,0.0,,,1000,,,0.00510686310008,1,,,False,0.0,0.0016489180270582438,0.0016489180270582438,0.0,0,,True,False,5.0,0.0,0.005106863041874021,0.005106863041874021,0.005106863041874021,0.005106863041874021,0.0,1
,0.0,0.0009266979759559035,0.0009266979759559035,0.0009266979759559035,0.0009266979759559035,0.0,32,robustness,cpu,256,auto,,float32,,,powerspherical,0.0,0.001222146034706384,0.001222146034706384,0.001222146034706384,0.001222146034706384,0.0,100.0,native,,0.0,0.00021096598356962204,0.00021096598356962204,0.0,0.0,2.2599007934331894e-05,2.2599007934331894e-05,0.0,1,power_spherical,False,False,0.0,0.00012575200526043773,0.00012575200526043773,0.0,,200.0,1000,,,0.00214884406887,1,,,False,0.0,0.0008628290379419923,0.0008628290379419923,0.0,0,,True,False,5.0,0.0,0.0021488440106622875,0.0021488440106622875,0.0021488440106622875,0.0021488440106622875,0.0,1
,0.0,0.00020055397180840373,0.00020055397180840373,0.00020055397180840373,0.00020055397180840373,0.0,32,robustness,cpu,512,auto,,float32,,,vmf,0.0,0.00017513602506369352,0.00017513602506369352,0.00017513602506369352,0.00017513602506369352,0.0,0.0,native,,0.0,5.606969352811575e-06,5.606969352811575e-06,0.0,0.0,2.334901364520192e-05,2.334901364520192e-05,0.0,1,vmf_official,False,False,0.0,0.00014533399371430278,0.00014533399371430278,0.0,,,1000,,,0.000375689996872,1,,,False,0.0,8.460483513772488e-07,8.460483513772488e-07,0.0,0,,True,False,5.0,0.0,0.00037568999687209725,0.00037568999687209725,0.00037568999687209725,0.00037568999687209725,0.0,1
,0.0,0.00026483001420274377,0.00026483001420274377,0.00026483001420274377,0.00026483001420274377,0.0,32,robustness,cpu,512,auto,,float32,,,vmf,0.0,0.00016177201177924871,0.00016177201177924871,0.00016177201177924871,0.00016177201177924871,0.0,0.0,native,,0.0,6.287009455263615e-06,6.287009455263615e-06,0.0,0.0,2.5924004148691893e-05,2.5924004148691893e-05,0.0,1,vmf_robust,False,False,0.0,0.00012862600851804018,0.00012862600851804018,0.0,,,1000,,,0.000426602025982,1,,,False,0.0,9.34989657253027e-07,9.34989657253027e-07,0.0,0,,True,False,5.0,0.0,0.0004266020259819925,0.0004266020259819925,0.0004266020259819925,0.0004266020259819925,0.0,1
,0.0,0.0008552719955332577,0.0008552719955332577,0.0008552719955332577,0.0008552719955332577,0.0,32,robustness,cpu,512,auto,,float32,,,powerspherical,0.0,0.0009398040128871799,0.0009398040128871799,0.0009398040128871799,0.0009398040128871799,0.0,0.0,native,,0.0,0.00014400703366845846,0.00014400703366845846,0.0,0.0,1.983495894819498e-05,1.983495894819498e-05,0.0,1,power_spherical,False,False,0.0,0.00013189803576096892,0.00013189803576096892,0.0,,0.0,1000,,,0.00179507606663,1,,,False,0.0,0.0006440639845095575,0.0006440639845095575,0.0,0,,True,False,5.0,0.0,0.0017950760084204376,0.0017950760084204376,0.0017950760084204376,0.0017950760084204376,0.0,1
,,,,,,,32,robustness,cpu,512,auto,,float32,Encountered NaN/Inf in loss or gradients.,non_finite,vmf,,,,,,,0.5,native,,,,,,,,,,1,vmf_official,True,True,,,,,,,1000,,,,1,,,False,,,,,0,,False,False,5.0,,,,,,,1
,0.0,0.001504219020716846,0.001504219020716846,0.001504219020716846,0.001504219020716846,0.0,32,robustness,cpu,512,auto,,float32,,,vmf,0.0,0.0026668370119296014,0.0026668370119296014,0.0026668370119296014,0.0026668370119296014,0.0,0.5,native,,0.0,0.0007101799710653722,0.0007101799710653722,0.0,0.0,2.279301406815648e-05,2.279301406815648e-05,0.0,1,vmf_robust,False,False,0.0,0.00018618401372805238,0.00018618401372805238,0.0,,,1000,,,0.00417105620727,1,,,False,0.0,0.0017476800130680203,0.0017476800130680203,0.0,0,,True,False,5.0,0.0,0.004171056032646447,0.004171056032646447,0.004171056032646447,0.004171056032646447,0.0,1
,0.0,0.0009847779874689877,0.0009847779874689877,0.0009847779874689877,0.0009847779874689877,0.0,32,robustness,cpu,512,auto,,float32,,,powerspherical,0.0,0.0010485120001249015,0.0010485120001249015,0.0010485120001249015,0.0010485120001249015,0.0,0.5,native,,0.0,0.00016077602049335837,0.00016077602049335837,0.0,0.0,2.178997965529561e-05,2.178997965529561e-05,0.0,1,power_spherical,False,False,0.0,0.00015513499965891242,0.00015513499965891242,0.0,,1.0,1000,,,0.00203328998759,1,,,False,0.0,0.0007108110003173351,0.0007108110003173351,0.0,0,,True,False,5.0,0.0,0.0020332899875938892,0.0020332899875938892,0.0020332899875938892,0.0020332899875938892,0.0,1
,,,,,,,32,robustness,cpu,512,auto,,float32,Encountered NaN/Inf in loss or gradients.,non_finite,vmf,,,,,,,1.0,native,,,,,,,,,,1,vmf_official,True,True,,,,,,,1000,,,,1,,,False,,,,,0,,False,False,5.0,,,,,,,1
,0.0,0.0018215019954368472,0.0018215019954368472,0.0018215019954368472,0.0018215019954368472,0.0,32,robustness,cpu,512,auto,,float32,,,vmf,0.0,0.0026799289626069367,0.0026799289626069367,0.0026799289626069367,0.0026799289626069367,0.0,1.0,native,,0.0,0.0008071060292422771,0.0008071060292422771,0.0,0.0,2.3775966838002205e-05,2.3775966838002205e-05,0.0,1,vmf_robust,False,False,0.0,0.00017045094864442945,0.00017045094864442945,0.0,,,1000,,,0.00450143078342,1,,,False,0.0,0.001678596017882228,0.001678596017882228,0.0,0,,True,False,5.0,0.0,0.004501430958043784,0.004501430958043784,0.004501430958043784,0.004501430958043784,0.0,1
,0.0,0.0010939280036836863,0.0010939280036836863,0.0010939280036836863,0.0010939280036836863,0.0,32,robustness,cpu,512,auto,,float32,,,powerspherical,0.0,0.0011322720092721283,0.0011322720092721283,0.0011322720092721283,0.0011322720092721283,0.0,1.0,native,,0.0,0.0001840109471231699,0.0001840109471231699,0.0,0.0,2.4645007215440273e-05,2.4645007215440273e-05,0.0,1,power_spherical,False,False,0.0,0.00017599505372345448,0.00017599505372345448,0.0,,2.0,1000,,,0.00222619995475,1,,,False,0.0,0.0007476210012100637,0.0007476210012100637,0.0,0,,True,False,5.0,0.0,0.0022262000129558146,0.0022262000129558146,0.0022262000129558146,0.0022262000129558146,0.0,1
,,,,,,,32,robustness,cpu,512,auto,,float32,Encountered NaN/Inf in loss or gradients.,non_finite,vmf,,,,,,,2.0,native,,,,,,,,,,1,vmf_official,True,True,,,,,,,1000,,,,1,,,False,,,,,0,,False,False,5.0,,,,,,,1
,0.0,0.0017390069551765919,0.0017390069551765919,0.0017390069551765919,0.0017390069551765919,0.0,32,robustness,cpu,512,auto,,float32,,,vmf,0.0,0.0029780330369248986,0.0029780330369248986,0.0029780330369248986,0.0029780330369248986,0.0,2.0,native,,0.0,0.0009135419968515635,0.0009135419968515635,0.0,0.0,3.701203968375921e-05,3.701203968375921e-05,0.0,1,vmf_robust,False,False,0.0,0.0001749180373735726,0.0001749180373735726,0.0,,,1000,,,0.00471703987569,1,,,False,0.0,0.0018525609630160034,0.0018525609630160034,0.0,0,,True,False,5.0,0.0,0.0047170399921014905,0.0047170399921014905,0.0047170399921014905,0.0047170399921014905,0.0,1
,0.0,0.0010713799856603146,0.0010713799856603146,0.0010713799856603146,0.0010713799856603146,0.0,32,robustness,cpu,512,auto,,float32,,,powerspherical,0.0,0.0014494269853457808,0.0014494269853457808,0.0014494269853457808,0.0014494269853457808,0.0,2.0,native,,0.0,0.00019575702026486397,0.00019575702026486397,0.0,0.0,2.6104971766471863e-05,2.6104971766471863e-05,0.0,1,power_spherical,False,False,0.0,0.00025556900072842836,0.00025556900072842836,0.0,,4.0,1000,,,0.00252080708742,1,,,False,0.0,0.0009719959925860167,0.0009719959925860167,0.0,0,,True,False,5.0,0.0,0.0025208069710060954,0.0025208069710060954,0.0025208069710060954,0.0025208069710060954,0.0,1
,,,,,,,32,robustness,cpu,512,auto,,float32,Encountered NaN/Inf in loss or gradients.,non_finite,vmf,,,,,,,5.0,native,,,,,,,,,,1,vmf_official,True,True,,,,,,,1000,,,,1,,,False,,,,,0,,False,False,5.0,,,,,,,1
,0.0,0.001634020998608321,0.001634020998608321,0.001634020998608321,0.001634020998608321,0.0,32,robustness,cpu,512,auto,,float32,,,vmf,0.0,0.0031272570486180484,0.0031272570486180484,0.0031272570486180484,0.0031272570486180484,0.0,5.0,native,,0.0,0.0008347880211658776,0.0008347880211658776,0.0,0.0,2.4337030481547117e-05,2.4337030481547117e-05,0.0,1,vmf_robust,False,False,0.0,0.00019331404473632574,0.00019331404473632574,0.0,,,1000,,,0.00476127816364,1,,,False,0.0,0.002074817952234298,0.002074817952234298,0.0,0,,True,False,5.0,0.0,0.004761278047226369,0.004761278047226369,0.004761278047226369,0.004761278047226369,0.0,1
,0.0,0.0009892939706332982,0.0009892939706332982,0.0009892939706332982,0.0009892939706332982,0.0,32,robustness,cpu,512,auto,,float32,,,powerspherical,0.0,0.0011536640231497586,0.0011536640231497586,0.0011536640231497586,0.0011536640231497586,0.0,5.0,native,,0.0,0.00017209502402693033,0.00017209502402693033,0.0,0.0,2.3362983483821154e-05,2.3362983483821154e-05,0.0,1,power_spherical,False,False,0.0,0.00017418904462829232,0.00017418904462829232,0.0,,10.0,1000,,,0.00214295787737,1,,,False,0.0,0.0007840169710107148,0.0007840169710107148,0.0,0,,True,False,5.0,0.0,0.0021429579937830567,0.0021429579937830567,0.0021429579937830567,0.0021429579937830567,0.0,1
,,,,,,,32,robustness,cpu,512,auto,,float32,Encountered NaN/Inf in loss or gradients.,non_finite,vmf,,,,,,,10.0,native,,,,,,,,,,1,vmf_official,True,True,,,,,,,1000,,,,1,,,False,,,,,0,,False,False,5.0,,,,,,,1
,0.0,0.0016851160326041281,0.0016851160326041281,0.0016851160326041281,0.0016851160326041281,0.0,32,robustness,cpu,512,auto,,float32,,,vmf,0.0,0.002904460998252034,0.002904460998252034,0.002904460998252034,0.002904460998252034,0.0,10.0,native,,0.0,0.000883579021319747,0.000883579021319747,0.0,0.0,3.008998464792967e-05,3.008998464792967e-05,0.0,1,vmf_robust,False,False,0.0,0.00018662901129573584,0.00018662901129573584,0.0,,,1000,,,0.00458957720548,1,,,False,0.0,0.0018041629809886217,0.0018041629809886217,0.0,0,,True,False,5.0,0.0,0.004589577030856162,0.004589577030856162,0.004589577030856162,0.004589577030856162,0.0,1
,0.0,0.0010343510075472295,0.0010343510075472295,0.0010343510075472295,0.0010343510075472295,0.0,32,robustness,cpu,512,auto,,float32,,,powerspherical,0.0,0.0010751219815574586,0.0010751219815574586,0.0010751219815574586,0.0010751219815574586,0.0,10.0,native,,0.0,0.00016564701218158007,0.00016564701218158007,0.0,0.0,2.2522988729178905e-05,2.2522988729178905e-05,0.0,1,power_spherical,False,False,0.0,0.00015900703147053719,0.00015900703147053719,0.0,,20.0,1000,,,0.00210947310552,1,,,False,0.0,0.0007279449491761625,0.0007279449491761625,0.0,0,,True,False,5.0,0.0,0.002109472989104688,0.002109472989104688,0.002109472989104688,0.002109472989104688,0.0,1
,,,,,,,32,robustness,cpu,512,auto,,float32,Encountered NaN/Inf in loss or gradients.,non_finite,vmf,,,,,,,20.0,native,,,,,,,,,,1,vmf_official,True,True,,,,,,,1000,,,,1,,,False,,,,,0,,False,False,5.0,,,,,,,1
,0.0,0.001936418004333973,0.001936418004333973,0.001936418004333973,0.001936418004333973,0.0,32,robustness,cpu,512,auto,,float32,,,vmf,0.0,0.002921567007433623,0.002921567007433623,0.002921567007433623,0.002921567007433623,0.0,20.0,native,,0.0,0.0009703700197860599,0.0009703700197860599,0.0,0.0,3.094499697908759e-05,3.094499697908759e-05,0.0,1,vmf_robust,False,False,0.0,0.00017335097072646022,0.00017335097072646022,0.0,,,1000,,,0.00485798483714,1,,,False,0.0,0.0017469010199420154,0.0017469010199420154,0.0,0,,True,False,5.0,0.0,0.004857985011767596,0.004857985011767596,0.004857985011767596,0.004857985011767596,0.0,1
,0.0,0.001025858975481242,0.001025858975481242,0.001025858975481242,0.001025858975481242,0.0,32,robustness,cpu,512,auto,,float32,,,powerspherical,0.0,0.0011824460234493017,0.0011824460234493017,0.0011824460234493017,0.0011824460234493017,0.0,20.0,native,,0.0,0.00018033396918326616,0.00018033396918326616,0.0,0.0,2.3802043870091438e-05,2.3802043870091438e-05,0.0,1,power_spherical,False,False,0.0,0.00017067400040104985,0.00017067400040104985,0.0,,40.0,1000,,,0.00220830505714,1,,,False,0.0,0.0008076360099948943,0.0008076360099948943,0.0,0,,True,False,5.0,0.0,0.0022083049989305437,0.0022083049989305437,0.0022083049989305437,0.0022083049989305437,0.0,1
,,,,,,,32,robustness,cpu,512,auto,,float32,Encountered NaN/Inf in loss or gradients.,non_finite,vmf,,,,,,,50.0,native,,,,,,,,,,1,vmf_official,True,True,,,,,,,1000,,,,1,,,False,,,,,0,,False,False,5.0,,,,,,,1
,0.0,0.0018202090286649764,0.0018202090286649764,0.0018202090286649764,0.0018202090286649764,0.0,32,robustness,cpu,512,auto,,float32,,,vmf,0.0,0.003310740983579308,0.003310740983579308,0.003310740983579308,0.003310740983579308,0.0,50.0,native,,0.0,0.0010532810119912028,0.0010532810119912028,0.0,0.0,2.311298158019781e-05,2.311298158019781e-05,0.0,1,vmf_robust,False,False,0.0,0.00017595099052414298,0.00017595099052414298,0.0,,,1000,,,0.00513094989583,1,,,False,0.0,0.002058395999483764,0.002058395999483764,0.0,0,,True,False,5.0,0.0,0.005130950012244284,0.005130950012244284,0.005130950012244284,0.005130950012244284,0.0,1
,0.0,0.0009701090166345239,0.0009701090166345239,0.0009701090166345239,0.0009701090166345239,0.0,32,robustness,cpu,512,auto,,float32,,,powerspherical,0.0,0.0011304590152576566,0.0011304590152576566,0.0011304590152576566,0.0011304590152576566,0.0,50.0,native,,0.0,0.00016762904124334455,0.00016762904124334455,0.0,0.0,2.3306987714022398e-05,2.3306987714022398e-05,0.0,1,power_spherical,False,False,0.0,0.00016962800873443484,0.00016962800873443484,0.0,,100.0,1000,,,0.00210056803189,1,,,False,0.0,0.0007698949775658548,0.0007698949775658548,0.0,0,,True,False,5.0,0.0,0.0021005680318921804,0.0021005680318921804,0.0021005680318921804,0.0021005680318921804,0.0,1
,,,,,,,32,robustness,cpu,512,auto,,float32,Encountered NaN/Inf in loss or gradients.,non_finite,vmf,,,,,,,100.0,native,,,,,,,,,,1,vmf_official,True,True,,,,,,,1000,,,,1,,,False,,,,,0,,False,False,5.0,,,,,,,1
,0.0,0.0019818369764834642,0.0019818369764834642,0.0019818369764834642,0.0019818369764834642,0.0,32,robustness,cpu,512,auto,,float32,,,vmf,0.0,0.0031572580337524414,0.0031572580337524414,0.0031572580337524414,0.0031572580337524414,0.0,100.0,native,,0.0,0.0011267150403000414,0.0011267150403000414,0.0,0.0,2.4612003471702337e-05,2.4612003471702337e-05,0.0,1,vmf_robust,False,False,0.0,0.00020369398407638073,0.00020369398407638073,0.0,,,1000,,,0.00513909477741,1,,,False,0.0,0.001802237005904317,0.001802237005904317,0.0,0,,True,False,5.0,0.0,0.005139095010235906,0.005139095010235906,0.005139095010235906,0.005139095010235906,0.0,1
,0.0,0.001067906036041677,0.001067906036041677,0.001067906036041677,0.001067906036041677,0.0,32,robustness,cpu,512,auto,,float32,,,powerspherical,0.0,0.0010779299773275852,0.0010779299773275852,0.0010779299773275852,0.0010779299773275852,0.0,100.0,native,,0.0,0.000171542982570827,0.000171542982570827,0.0,0.0,2.2550986614078283e-05,2.2550986614078283e-05,0.0,1,power_spherical,False,False,0.0,0.0001576970098540187,0.0001576970098540187,0.0,,200.0,1000,,,0.00214583612978,1,,,False,0.0,0.0007261389982886612,0.0007261389982886612,0.0,0,,True,False,5.0,0.0,0.0021458360133692622,0.0021458360133692622,0.0021458360133692622,0.0021458360133692622,0.0,1
,0.0,0.0002782209776341915,0.0002782209776341915,0.0002782209776341915,0.0002782209776341915,0.0,32,robustness,cpu,1024,auto,,float32,,,vmf,0.0,0.00028582598315551877,0.00028582598315551877,0.00028582598315551877,0.00028582598315551877,0.0,0.0,native,,0.0,5.9720478020608425e-06,5.9720478020608425e-06,0.0,0.0,3.666797420009971e-05,3.666797420009971e-05,0.0,1,vmf_official,False,False,0.0,0.00024197896709665656,0.00024197896709665656,0.0,,,1000,,,0.00056404696079,1,,,False,0.0,1.2069940567016602e-06,1.2069940567016602e-06,0.0,0,,True,False,5.0,0.0,0.0005640469607897103,0.0005640469607897103,0.0005640469607897103,0.0005640469607897103,0.0,1
,0.0,0.0002684629871509969,0.0002684629871509969,0.0002684629871509969,0.0002684629871509969,0.0,32,robustness,cpu,1024,auto,,float32,,,vmf,0.0,0.00028541701612994075,0.00028541701612994075,0.00028541701612994075,0.00028541701612994075,0.0,0.0,native,,0.0,5.585025064647198e-06,5.585025064647198e-06,0.0,0.0,3.6372977774590254e-05,3.6372977774590254e-05,0.0,1,vmf_robust,False,False,0.0,0.00024253304582089186,0.00024253304582089186,0.0,,,1000,,,0.000553880003281,1,,,False,0.0,9.259674698114395e-07,9.259674698114395e-07,0.0,0,,True,False,5.0,0.0,0.0005538800032809377,0.0005538800032809377,0.0005538800032809377,0.0005538800032809377,0.0,1
,0.0,0.0012635280145332217,0.0012635280145332217,0.0012635280145332217,0.0012635280145332217,0.0,32,robustness,cpu,1024,auto,,float32,,,powerspherical,0.0,0.001363941002637148,0.001363941002637148,0.001363941002637148,0.001363941002637148,0.0,0.0,native,,0.0,0.00017897301586344838,0.00017897301586344838,0.0,0.0,3.628496779128909e-05,3.628496779128909e-05,0.0,1,power_spherical,False,False,0.0,0.0002520729904063046,0.0002520729904063046,0.0,,0.0,1000,,,0.00262746913359,1,,,False,0.0,0.0008966100285761058,0.0008966100285761058,0.0,0,,True,False,5.0,0.0,0.0026274690171703696,0.0026274690171703696,0.0026274690171703696,0.0026274690171703696,0.0,1
,,,,,,,32,robustness,cpu,1024,auto,,float32,Encountered NaN/Inf in loss or gradients.,non_finite,vmf,,,,,,,0.5,native,,,,,,,,,,1,vmf_official,True,True,,,,,,,1000,,,,1,,,False,,,,,0,,False,False,5.0,,,,,,,1
,0.0,0.0017407530103810132,0.0017407530103810132,0.0017407530103810132,0.0017407530103810132,0.0,32,robustness,cpu,1024,auto,,float32,,,vmf,0.0,0.0033725809771567583,0.0033725809771567583,0.0033725809771567583,0.0033725809771567583,0.0,0.5,native,,0.0,0.0007565710111521184,0.0007565710111521184,0.0,0.0,4.02829609811306e-05,4.02829609811306e-05,0.0,1,vmf_robust,False,False,0.0,0.00028580299112945795,0.00028580299112945795,0.0,,,1000,,,0.00511333392933,1,,,False,0.0,0.0022899240138940513,0.0022899240138940513,0.0,0,,True,False,5.0,0.0,0.0051133339875377715,0.0051133339875377715,0.0051133339875377715,0.0051133339875377715,0.0,1
,0.0,0.0011594370007514954,0.0011594370007514954,0.0011594370007514954,0.0011594370007514954,0.0,32,robustness,cpu,1024,auto,,float32,,,powerspherical,0.0,0.0014636690029874444,0.0014636690029874444,0.0014636690029874444,0.0014636690029874444,0.0,0.5,native,,0.0,0.0001717780251055956,0.0001717780251055956,0.0,0.0,3.559497417882085e-05,3.559497417882085e-05,0.0,1,power_spherical,False,False,0.0,0.00027189304819330573,0.00027189304819330573,0.0,,1.0,1000,,,0.00262310588732,1,,,False,0.0,0.0009844029555097222,0.0009844029555097222,0.0,0,,True,False,5.0,0.0,0.0026231060037389398,0.0026231060037389398,0.0026231060037389398,0.0026231060037389398,0.0,1
,,,,,,,32,robustness,cpu,1024,auto,,float32,Encountered NaN/Inf in loss or gradients.,non_finite,vmf,,,,,,,1.0,native,,,,,,,,,,1,vmf_official,True,True,,,,,,,1000,,,,1,,,False,,,,,0,,False,False,5.0,,,,,,,1
,0.0,0.001792385010048747,0.001792385010048747,0.001792385010048747,0.001792385010048747,0.0,32,robustness,cpu,1024,auto,,float32,,,vmf,0.0,0.0034484450006857514,0.0034484450006857514,0.0034484450006857514,0.0034484450006857514,0.0,1.0,native,,0.0,0.0008929030154831707,0.0008929030154831707,0.0,0.0,4.320900188758969e-05,4.320900188758969e-05,0.0,1,vmf_robust,False,False,0.0,0.00027270003920421004,0.00027270003920421004,0.0,,,1000,,,0.00524083012715,1,,,False,0.0,0.002239632944110781,0.002239632944110781,0.0,0,,True,False,5.0,0.0,0.0052408300107344985,0.0052408300107344985,0.0052408300107344985,0.0052408300107344985,0.0,1
,0.0,0.001213891024235636,0.001213891024235636,0.001213891024235636,0.001213891024235636,0.0,32,robustness,cpu,1024,auto,,float32,,,powerspherical,0.0,0.0015268059796653688,0.0015268059796653688,0.0015268059796653688,0.0015268059796653688,0.0,1.0,native,,0.0,0.00018453103257343173,0.00018453103257343173,0.0,0.0,3.821897553279996e-05,3.821897553279996e-05,0.0,1,power_spherical,False,False,0.0,0.00028158497298136353,0.00028158497298136353,0.0,,2.0,1000,,,0.0027406970039,1,,,False,0.0,0.0010224709985777736,0.0010224709985777736,0.0,0,,True,False,5.0,0.0,0.002740697003901005,0.002740697003901005,0.002740697003901005,0.002740697003901005,0.0,1
,,,,,,,32,robustness,cpu,1024,auto,,float32,Encountered NaN/Inf in loss or gradients.,non_finite,vmf,,,,,,,2.0,native,,,,,,,,,,1,vmf_official,True,True,,,,,,,1000,,,,1,,,False,,,,,0,,False,False,5.0,,,,,,,1
,0.0,0.0020267689833417535,0.0020267689833417535,0.0020267689833417535,0.0020267689833417535,0.0,32,robustness,cpu,1024,auto,,float32,,,vmf,0.0,0.0032060230150818825,0.0032060230150818825,0.0032060230150818825,0.0032060230150818825,0.0,2.0,native,,0.0,0.000838403997477144,0.000838403997477144,0.0,0.0,4.431401612237096e-05,4.431401612237096e-05,0.0,1,vmf_robust,False,False,0.0,0.00027460401179268956,0.00027460401179268956,0.0,,,1000,,,0.00523279188201,1,,,False,0.0,0.002048700989689678,0.002048700989689678,0.0,0,,True,False,5.0,0.0,0.005232791998423636,0.005232791998423636,0.005232791998423636,0.005232791998423636,0.0,1
,0.0,0.00121243397006765,0.00121243397006765,0.00121243397006765,0.00121243397006765,0.0,32,robustness,cpu,1024,auto,,float32,,,powerspherical,0.0,0.0016740339924581349,0.0016740339924581349,0.0016740339924581349,0.0016740339924581349,0.0,2.0,native,,0.0,0.00018604699289426208,0.00018604699289426208,0.0,0.0,4.1462015360593796e-05,4.1462015360593796e-05,0.0,1,power_spherical,False,False,0.0,0.00035448098788037896,0.00035448098788037896,0.0,,4.0,1000,,,0.00288646807894,1,,,False,0.0,0.0010920439963229,0.0010920439963229,0.0,0,,True,False,5.0,0.0,0.002886467962525785,0.002886467962525785,0.002886467962525785,0.002886467962525785,0.0,1
,,,,,,,32,robustness,cpu,1024,auto,,float32,Encountered NaN/Inf in loss or gradients.,non_finite,vmf,,,,,,,5.0,native,,,,,,,,,,1,vmf_official,True,True,,,,,,,1000,,,,1,,,False,,,,,0,,False,False,5.0,,,,,,,1
,0.0,0.002134906011633575,0.002134906011633575,0.002134906011633575,0.002134906011633575,0.0,32,robustness,cpu,1024,auto,,float32,,,vmf,0.0,0.003279434982687235,0.003279434982687235,0.003279434982687235,0.003279434982687235,0.0,5.0,native,,0.0,0.0008564900490455329,0.0008564900490455329,0.0,0.0,4.065298708155751e-05,4.065298708155751e-05,0.0,1,vmf_robust,False,False,0.0,0.00028832198586314917,0.00028832198586314917,0.0,,,1000,,,0.00541434111074,1,,,False,0.0,0.0020939699606969953,0.0020939699606969953,0.0,0,,True,False,5.0,0.0,0.00541434099432081,0.00541434099432081,0.00541434099432081,0.00541434099432081,0.0,1
,0.0,0.0012732819886878133,0.0012732819886878133,0.0012732819886878133,0.0012732819886878133,0.0,32,robustness,cpu,1024,auto,,float32,,,powerspherical,0.0,0.0018182810163125396,0.0018182810163125396,0.0018182810163125396,0.0018182810163125396,0.0,5.0,native,,0.0,0.00018754199845716357,0.00018754199845716357,0.0,0.0,4.0323007851839066e-05,4.0323007851839066e-05,0.0,1,power_spherical,False,False,0.0,0.00036828499287366867,0.00036828499287366867,0.0,,10.0,1000,,,0.003091563005,1,,,False,0.0,0.0012221310171298683,0.0012221310171298683,0.0,0,,True,False,5.0,0.0,0.003091563005000353,0.003091563005000353,0.003091563005000353,0.003091563005000353,0.0,1
,,,,,,,32,robustness,cpu,1024,auto,,float32,Encountered NaN/Inf in loss or gradients.,non_finite,vmf,,,,,,,10.0,native,,,,,,,,,,1,vmf_official,True,True,,,,,,,1000,,,,1,,,False,,,,,0,,False,False,5.0,,,,,,,1
,0.0,0.002090587979182601,0.002090587979182601,0.002090587979182601,0.002090587979182601,0.0,32,robustness,cpu,1024,auto,,float32,,,vmf,0.0,0.0032713469699956477,0.0032713469699956477,0.0032713469699956477,0.0032713469699956477,0.0,10.0,native,,0.0,0.0008461539982818067,0.0008461539982818067,0.0,0.0,4.4949003495275974e-05,4.4949003495275974e-05,0.0,1,vmf_robust,False,False,0.0,0.00028010900132358074,0.00028010900132358074,0.0,,,1000,,,0.0053619351238,1,,,False,0.0,0.0021001349668949842,0.0021001349668949842,0.0,0,,True,False,5.0,0.0,0.005361934949178249,0.005361934949178249,0.005361934949178249,0.005361934949178249,0.0,1
,0.0,0.0012962000328116119,0.0012962000328116119,0.0012962000328116119,0.0012962000328116119,0.0,32,robustness,cpu,1024,auto,,float32,,,powerspherical,0.0,0.0017558279796503484,0.0017558279796503484,0.0017558279796503484,0.0017558279796503484,0.0,10.0,native,,0.0,0.00019534101011231542,0.00019534101011231542,0.0,0.0,4.107697168365121e-05,4.107697168365121e-05,0.0,1,power_spherical,False,False,0.0,0.0003776709781959653,0.0003776709781959653,0.0,,20.0,1000,,,0.00305202789605,1,,,False,0.0,0.0011417390196584165,0.0011417390196584165,0.0,0,,True,False,5.0,0.0,0.0030520280124619603,0.0030520280124619603,0.0030520280124619603,0.0030520280124619603,0.0,1
,,,,,,,32,robustness,cpu,1024,auto,,float32,Encountered NaN/Inf in loss or gradients.,non_finite,vmf,,,,,,,20.0,native,,,,,,,,,,1,vmf_official,True,True,,,,,,,1000,,,,1,,,False,,,,,0,,False,False,5.0,,,,,,,1
,0.0,0.0020614219829440117,0.0020614219829440117,0.0020614219829440117,0.0020614219829440117,0.0,32,robustness,cpu,1024,auto,,float32,,,vmf,0.0,0.003277540032286197,0.003277540032286197,0.003277540032286197,0.003277540032286197,0.0,20.0,native,,0.0,0.0009087619837373495,0.0009087619837373495,0.0,0.0,4.3857027776539326e-05,4.3857027776539326e-05,0.0,1,vmf_robust,False,False,0.0,0.00027854403015226126,0.00027854403015226126,0.0,,,1000,,,0.00533896218985,1,,,False,0.0,0.002046376990620047,0.002046376990620047,0.0,0,,True,False,5.0,0.0,0.005338962015230209,0.005338962015230209,0.005338962015230209,0.005338962015230209,0.0,1
,0.0,0.001286105951294303,0.001286105951294303,0.001286105951294303,0.001286105951294303,0.0,32,robustness,cpu,1024,auto,,float32,,,powerspherical,0.0,0.0015892329975031316,0.0015892329975031316,0.0015892329975031316,0.0015892329975031316,0.0,20.0,native,,0.0,0.00018969899974763393,0.00018969899974763393,0.0,0.0,4.556099884212017e-05,4.556099884212017e-05,0.0,1,power_spherical,False,False,0.0,0.0002857189974747598,0.0002857189974747598,0.0,,40.0,1000,,,0.00287533900701,1,,,False,0.0,0.0010682540014386177,0.0010682540014386177,0.0,0,,True,False,5.0,0.0,0.0028753389487974346,0.0028753389487974346,0.0028753389487974346,0.0028753389487974346,0.0,1
,,,,,,,32,robustness,cpu,1024,auto,,float32,Encountered NaN/Inf in loss or gradients.,non_finite,vmf,,,,,,,50.0,native,,,,,,,,,,1,vmf_official,True,True,,,,,,,1000,,,,1,,,False,,,,,0,,False,False,5.0,,,,,,,1
,0.0,0.0020336289890110493,0.0020336289890110493,0.0020336289890110493,0.0020336289890110493,0.0,32,robustness,cpu,1024,auto,,float32,,,vmf,0.0,0.0033260929631069303,0.0033260929631069303,0.0033260929631069303,0.0033260929631069303,0.0,50.0,native,,0.0,0.0009912399691529572,0.0009912399691529572,0.0,0.0,4.4715008698403835e-05,4.4715008698403835e-05,0.0,1,vmf_robust,False,False,0.0,0.00028732995269820094,0.00028732995269820094,0.0,,,1000,,,0.0053597218357,1,,,False,0.0,0.0020028080325573683,0.0020028080325573683,0.0,0,,True,False,5.0,0.0,0.0053597219521179795,0.0053597219521179795,0.0053597219521179795,0.0053597219521179795,0.0,1
,0.0,0.0014597249682992697,0.0014597249682992697,0.0014597249682992697,0.0014597249682992697,0.0,32,robustness,cpu,1024,auto,,float32,,,powerspherical,0.0,0.001580934040248394,0.001580934040248394,0.001580934040248394,0.001580934040248394,0.0,50.0,native,,0.0,0.00022559199715033174,0.00022559199715033174,0.0,0.0,5.632604006677866e-05,5.632604006677866e-05,0.0,1,power_spherical,False,False,0.0,0.0002812520251609385,0.0002812520251609385,0.0,,100.0,1000,,,0.00304065900855,1,,,False,0.0,0.0010177639778703451,0.0010177639778703451,0.0,0,,True,False,5.0,0.0,0.0030406590085476637,0.0030406590085476637,0.0030406590085476637,0.0030406590085476637,0.0,1
,,,,,,,32,robustness,cpu,1024,auto,,float32,Encountered NaN/Inf in loss or gradients.,non_finite,vmf,,,,,,,100.0,native,,,,,,,,,,1,vmf_official,True,True,,,,,,,1000,,,,1,,,False,,,,,0,,False,False,5.0,,,,,,,1
,0.0,0.002437837014440447,0.002437837014440447,0.002437837014440447,0.002437837014440447,0.0,32,robustness,cpu,1024,auto,,float32,,,vmf,0.0,0.003481073013972491,0.003481073013972491,0.003481073013972491,0.003481073013972491,0.0,100.0,native,,0.0,0.0010892809950746596,0.0010892809950746596,0.0,0.0,3.793003270402551e-05,3.793003270402551e-05,0.0,1,vmf_robust,False,False,0.0,0.0002984150196425617,0.0002984150196425617,0.0,,,1000,,,0.00591890979558,1,,,False,0.0,0.0020554469665512443,0.0020554469665512443,0.0,0,,True,False,5.0,0.0,0.005918910028412938,0.005918910028412938,0.005918910028412938,0.005918910028412938,0.0,1
,0.0,0.001277441973797977,0.001277441973797977,0.001277441973797977,0.001277441973797977,0.0,32,robustness,cpu,1024,auto,,float32,,,powerspherical,0.0,0.0017409580177627504,0.0017409580177627504,0.0017409580177627504,0.0017409580177627504,0.0,100.0,native,,0.0,0.00023034500190988183,0.00023034500190988183,0.0,0.0,4.259002162143588e-05,4.259002162143588e-05,0.0,1,power_spherical,False,False,0.0,0.00028173503233119845,0.00028173503233119845,0.0,,200.0,1000,,,0.00301839993335,1,,,False,0.0,0.0011862879619002342,0.0011862879619002342,0.0,0,,True,False,5.0,0.0,0.0030183999915607274,0.0030183999915607274,0.0030183999915607274,0.0030183999915607274,0.0,1
,0.0,0.00030827202135697007,0.00030827202135697007,0.00030827202135697007,0.00030827202135697007,0.0,32,robustness,cpu,2048,auto,,float32,,,vmf,0.0,0.0005013379850424826,0.0005013379850424826,0.0005013379850424826,0.0005013379850424826,0.0,0.0,native,,0.0,6.953021511435509e-06,6.953021511435509e-06,0.0,0.0,4.137097857892513e-05,4.137097857892513e-05,0.0,1,vmf_official,False,False,0.0,0.00045188801595941186,0.00045188801595941186,0.0,,,1000,,,0.000809610006399,1,,,False,0.0,1.1259689927101135e-06,1.1259689927101135e-06,0.0,0,,True,False,5.0,0.0,0.0008096100063994527,0.0008096100063994527,0.0008096100063994527,0.0008096100063994527,0.0,1
,0.0,0.0003077560104429722,0.0003077560104429722,0.0003077560104429722,0.0003077560104429722,0.0,32,robustness,cpu,2048,auto,,float32,,,vmf,0.0,0.0004806540091522038,0.0004806540091522038,0.0004806540091522038,0.0004806540091522038,0.0,0.0,native,,0.0,7.3390547186136246e-06,7.3390547186136246e-06,0.0,0.0,4.024297231808305e-05,4.024297231808305e-05,0.0,1,vmf_robust,False,False,0.0,0.0004321010201238096,0.0004321010201238096,0.0,,,1000,,,0.000788410019595,1,,,False,0.0,9.709619916975498e-07,9.709619916975498e-07,0.0,0,,True,False,5.0,0.0,0.000788410019595176,0.000788410019595176,0.000788410019595176,0.000788410019595176,0.0,1
,0.0,0.0012736979988403618,0.0012736979988403618,0.0012736979988403618,0.0012736979988403618,0.0,32,robustness,cpu,2048,auto,,float32,,,powerspherical,0.0,0.0019295429810881615,0.0019295429810881615,0.0019295429810881615,0.0019295429810881615,0.0,0.0,native,,0.0,0.00018166500376537442,0.00018166500376537442,0.0,0.0,4.207098390907049e-05,4.207098390907049e-05,0.0,1,power_spherical,False,False,0.0,0.00046631298027932644,0.00046631298027932644,0.0,,0.0,1000,,,0.00320324092172,1,,,False,0.0,0.0012394940131343901,0.0012394940131343901,0.0,0,,True,False,5.0,0.0,0.0032032409799285233,0.0032032409799285233,0.0032032409799285233,0.0032032409799285233,0.0,1
,,,,,,,32,robustness,cpu,2048,auto,,float32,Encountered NaN/Inf in loss or gradients.,non_finite,vmf,,,,,,,0.5,native,,,,,,,,,,1,vmf_official,True,True,,,,,,,1000,,,,1,,,False,,,,,0,,False,False,5.0,,,,,,,1
,0.0,0.0018565970240160823,0.0018565970240160823,0.0018565970240160823,0.0018565970240160823,0.0,32,robustness,cpu,2048,auto,,float32,,,vmf,0.0,0.0040253750048577785,0.0040253750048577785,0.0040253750048577785,0.0040253750048577785,0.0,0.5,native,,0.0,0.0007882789941504598,0.0007882789941504598,0.0,0.0,4.469900159165263e-05,4.469900159165263e-05,0.0,1,vmf_robust,False,False,0.0,0.0005605479818768799,0.0005605479818768799,0.0,,,1000,,,0.00588197214529,1,,,False,0.0,0.0026318490272387862,0.0026318490272387862,0.0,0,,True,False,5.0,0.0,0.005881972028873861,0.005881972028873861,0.005881972028873861,0.005881972028873861,0.0,1
,0.0,0.001565686019603163,0.001565686019603163,0.001565686019603163,0.001565686019603163,0.0,32,robustness,cpu,2048,auto,,float32,,,powerspherical,0.0,0.001860004966147244,0.001860004966147244,0.001860004966147244,0.001860004966147244,0.0,0.5,native,,0.0,0.00018285796977579594,0.00018285796977579594,0.0,0.0,4.467798862606287e-05,4.467798862606287e-05,0.0,1,power_spherical,False,False,0.0,0.0004414109862409532,0.0004414109862409532,0.0,,1.0,1000,,,0.00342569104396,1,,,False,0.0,0.001191058021504432,0.001191058021504432,0.0,0,,True,False,5.0,0.0,0.003425690985750407,0.003425690985750407,0.003425690985750407,0.003425690985750407,0.0,1
,,,,,,,32,robustness,cpu,2048,auto,,float32,Encountered NaN/Inf in loss or gradients.,non_finite,vmf,,,,,,,1.0,native,,,,,,,,,,1,vmf_official,True,True,,,,,,,1000,,,,1,,,False,,,,,0,,False,False,5.0,,,,,,,1
,0.0,0.001949528988916427,0.001949528988916427,0.001949528988916427,0.001949528988916427,0.0,32,robustness,cpu,2048,auto,,float32,,,vmf,0.0,0.003665280994027853,0.003665280994027853,0.003665280994027853,0.003665280994027853,0.0,1.0,native,,0.0,0.0008189750369638205,0.0008189750369638205,0.0,0.0,4.830298712477088e-05,4.830298712477088e-05,0.0,1,vmf_robust,False,False,0.0,0.0004704080056399107,0.0004704080056399107,0.0,,,1000,,,0.00561481015757,1,,,False,0.0,0.002327594964299351,0.002327594964299351,0.0,0,,True,False,5.0,0.0,0.00561480998294428,0.00561480998294428,0.00561480998294428,0.00561480998294428,0.0,1
,0.0,0.001302149030379951,0.001302149030379951,0.001302149030379951,0.001302149030379951,0.0,32,robustness,cpu,2048,auto,,float32,,,powerspherical,0.0,0.00210525601869449,0.00210525601869449,0.00210525601869449,0.00210525601869449,0.0,1.0,native,,0.0,0.00018714601173996925,0.00018714601173996925,0.0,0.0,4.303001333028078e-05,4.303001333028078e-05,0.0,1,power_spherical,False,False,0.0,0.0005820920341648161,0.0005820920341648161,0.0,,2.0,1000,,,0.00340740499087,1,,,False,0.0,0.001292987959459424,0.001292987959459424,0.0,0,,True,False,5.0,0.0,0.003407405049074441,0.003407405049074441,0.003407405049074441,0.003407405049074441,0.0,1
,,,,,,,32,robustness,cpu,2048,auto,,float32,Encountered NaN/Inf in loss or gradients.,non_finite,vmf,,,,,,,2.0,native,,,,,,,,,,1,vmf_official,True,True,,,,,,,1000,,,,1,,,False,,,,,0,,False,False,5.0,,,,,,,1
,0.0,0.001986282004509121,0.001986282004509121,0.001986282004509121,0.001986282004509121,0.0,32,robustness,cpu,2048,auto,,float32,,,vmf,0.0,0.003925482975319028,0.003925482975319028,0.003925482975319028,0.003925482975319028,0.0,2.0,native,,0.0,0.0008248930098488927,0.0008248930098488927,0.0,0.0,7.696100510656834e-05,7.696100510656834e-05,0.0,1,vmf_robust,False,False,0.0,0.00045498396502807736,0.00045498396502807736,0.0,,,1000,,,0.00591176515445,1,,,False,0.0,0.0025686449953354895,0.0025686449953354895,0.0,0,,True,False,5.0,0.0,0.005911764979828149,0.005911764979828149,0.005911764979828149,0.005911764979828149,0.0,1
,0.0,0.0013430469552986324,0.0013430469552986324,0.0013430469552986324,0.0013430469552986324,0.0,32,robustness,cpu,2048,auto,,float32,,,powerspherical,0.0,0.0019710540072992444,0.0019710540072992444,0.0019710540072992444,0.0019710540072992444,0.0,2.0,native,,0.0,0.00018530699890106916,0.00018530699890106916,0.0,0.0,4.1811028495430946e-05,4.1811028495430946e-05,0.0,1,power_spherical,False,False,0.0,0.0004925300017930567,0.0004925300017930567,0.0,,4.0,1000,,,0.00331410090439,1,,,False,0.0,0.0012514059781096876,0.0012514059781096876,0.0,0,,True,False,5.0,0.0,0.003314100962597877,0.003314100962597877,0.003314100962597877,0.003314100962597877,0.0,1
,,,,,,,32,robustness,cpu,2048,auto,,float32,Encountered NaN/Inf in loss or gradients.,non_finite,vmf,,,,,,,5.0,native,,,,,,,,,,1,vmf_official,True,True,,,,,,,1000,,,,1,,,False,,,,,0,,False,False,5.0,,,,,,,1
,0.0,0.0019495190354064107,0.0019495190354064107,0.0019495190354064107,0.0019495190354064107,0.0,32,robustness,cpu,2048,auto,,float32,,,vmf,0.0,0.0039045639568939805,0.0039045639568939805,0.0039045639568939805,0.0039045639568939805,0.0,5.0,native,,0.0,0.0008513260399922729,0.0008513260399922729,0.0,0.0,4.1550956666469574e-05,4.1550956666469574e-05,0.0,1,vmf_robust,False,False,0.0,0.0004883459769189358,0.0004883459769189358,0.0,,,1000,,,0.00585408322513,1,,,False,0.0,0.0025233409833163023,0.0025233409833163023,0.0,0,,True,False,5.0,0.0,0.005854082992300391,0.005854082992300391,0.005854082992300391,0.005854082992300391,0.0,1
,0.0,0.0015221629873849452,0.0015221629873849452,0.0015221629873849452,0.0015221629873849452,0.0,32,robustness,cpu,2048,auto,,float32,,,powerspherical,0.0,0.0022530410205945373,0.0022530410205945373,0.0022530410205945373,0.0022530410205945373,0.0,5.0,native,,0.0,0.00022359099239110947,0.00022359099239110947,0.0,0.0,5.0843984354287386e-05,5.0843984354287386e-05,0.0,1,power_spherical,False,False,0.0,0.0005457550287246704,0.0005457550287246704,0.0,,10.0,1000,,,0.00377520406619,1,,,False,0.0,0.00143285101512447,0.00143285101512447,0.0,0,,True,False,5.0,0.0,0.0037752040079794824,0.0037752040079794824,0.0037752040079794824,0.0037752040079794824,0.0,1
,,,,,,,32,robustness,cpu,2048,auto,,float32,Encountered NaN/Inf in loss or gradients.,non_finite,vmf,,,,,,,10.0,native,,,,,,,,,,1,vmf_official,True,True,,,,,,,1000,,,,1,,,False,,,,,0,,False,False,5.0,,,,,,,1
,0.0,0.002153448003809899,0.002153448003809899,0.002153448003809899,0.002153448003809899,0.0,32,robustness,cpu,2048,auto,,float32,,,vmf,0.0,0.00407615298172459,0.00407615298172459,0.00407615298172459,0.00407615298172459,0.0,10.0,native,,0.0,0.001011325977742672,0.001011325977742672,0.0,0.0,0.00011260103201493621,0.00011260103201493621,0.0,1,vmf_robust,False,False,0.0,0.0004653519717976451,0.0004653519717976451,0.0,,,1000,,,0.00622960086912,1,,,False,0.0,0.002486874000169337,0.002486874000169337,0.0,0,,True,False,5.0,0.0,0.006229600985534489,0.006229600985534489,0.006229600985534489,0.006229600985534489,0.0,1
,0.0,0.0013112419983372092,0.0013112419983372092,0.0013112419983372092,0.0013112419983372092,0.0,32,robustness,cpu,2048,auto,,float32,,,powerspherical,0.0,0.001991092984098941,0.001991092984098941,0.001991092984098941,0.001991092984098941,0.0,10.0,native,,0.0,0.00018759205704554915,0.00018759205704554915,0.0,0.0,4.386197542771697e-05,4.386197542771697e-05,0.0,1,power_spherical,False,False,0.0,0.00048733397852629423,0.00048733397852629423,0.0,,20.0,1000,,,0.00330233504064,1,,,False,0.0,0.0012723049730993807,0.0012723049730993807,0.0,0,,True,False,5.0,0.0,0.0033023349824361503,0.0033023349824361503,0.0033023349824361503,0.0033023349824361503,0.0,1
,,,,,,,32,robustness,cpu,2048,auto,,float32,Encountered NaN/Inf in loss or gradients.,non_finite,vmf,,,,,,,20.0,native,,,,,,,,,,1,vmf_official,True,True,,,,,,,1000,,,,1,,,False,,,,,0,,False,False,5.0,,,,,,,1
,0.0,0.0019984550308436155,0.0019984550308436155,0.0019984550308436155,0.0019984550308436155,0.0,32,robustness,cpu,2048,auto,,float32,,,vmf,0.0,0.00403316697338596,0.00403316697338596,0.00403316697338596,0.00403316697338596,0.0,20.0,native,,0.0,0.0008512839558534324,0.0008512839558534324,0.0,0.0,4.4297019485384226e-05,4.4297019485384226e-05,0.0,1,vmf_robust,False,False,0.0,0.0006766630103811622,0.0006766630103811622,0.0,,,1000,,,0.00603162217885,1,,,False,0.0,0.002460922987665981,0.002460922987665981,0.0,0,,True,False,5.0,0.0,0.006031622004229575,0.006031622004229575,0.006031622004229575,0.006031622004229575,0.0,1
,0.0,0.0015657339827157557,0.0015657339827157557,0.0015657339827157557,0.0015657339827157557,0.0,32,robustness,cpu,2048,auto,,float32,,,powerspherical,0.0,0.002145521983038634,0.002145521983038634,0.002145521983038634,0.002145521983038634,0.0,20.0,native,,0.0,0.00023855699691921473,0.00023855699691921473,0.0,0.0,4.8501009587198496e-05,4.8501009587198496e-05,0.0,1,power_spherical,False,False,0.0,0.00048577500274404883,0.00048577500274404883,0.0,,40.0,1000,,,0.00371125596575,1,,,False,0.0,0.001372688973788172,0.001372688973788172,0.0,0,,True,False,5.0,0.0,0.0037112559657543898,0.0037112559657543898,0.0037112559657543898,0.0037112559657543898,0.0,1
,,,,,,,32,robustness,cpu,2048,auto,,float32,Encountered NaN/Inf in loss or gradients.,non_finite,vmf,,,,,,,50.0,native,,,,,,,,,,1,vmf_official,True,True,,,,,,,1000,,,,1,,,False,,,,,0,,False,False,5.0,,,,,,,1
,0.0,0.002120566030498594,0.002120566030498594,0.002120566030498594,0.002120566030498594,0.0,32,robustness,cpu,2048,auto,,float32,,,vmf,0.0,0.003917780995834619,0.003917780995834619,0.003917780995834619,0.003917780995834619,0.0,50.0,native,,0.0,0.0010206559672951698,0.0010206559672951698,0.0,0.0,4.758901195600629e-05,4.758901195600629e-05,0.0,1,vmf_robust,False,False,0.0,0.00045178201980888844,0.00045178201980888844,0.0,,,1000,,,0.00603834725916,1,,,False,0.0,0.0023977539967745543,0.0023977539967745543,0.0,0,,True,False,5.0,0.0,0.006038347026333213,0.006038347026333213,0.006038347026333213,0.006038347026333213,0.0,1
,0.0,0.001240312005393207,0.001240312005393207,0.001240312005393207,0.001240312005393207,0.0,32,robustness,cpu,2048,auto,,float32,,,powerspherical,0.0,0.0019113040179945529,0.0019113040179945529,0.0019113040179945529,0.0019113040179945529,0.0,50.0,native,,0.0,0.0001783999614417553,0.0001783999614417553,0.0,0.0,4.112703027203679e-05,4.112703027203679e-05,0.0,1,power_spherical,False,False,0.0,0.0004635319928638637,0.0004635319928638637,0.0,,100.0,1000,,,0.0031516160816,1,,,False,0.0,0.001228245033416897,0.001228245033416897,0.0,0,,True,False,5.0,0.0,0.00315161602338776,0.00315161602338776,0.00315161602338776,0.00315161602338776,0.0,1
,,,,,,,32,robustness,cpu,2048,auto,,float32,Encountered NaN/Inf in loss or gradients.,non_finite,vmf,,,,,,,100.0,native,,,,,,,,,,1,vmf_official,True,True,,,,,,,1000,,,,1,,,False,,,,,0,,False,False,5.0,,,,,,,1
,0.0,0.0020861400407738984,0.0020861400407738984,0.0020861400407738984,0.0020861400407738984,0.0,32,robustness,cpu,2048,auto,,float32,,,vmf,0.0,0.004144854960031807,0.004144854960031807,0.004144854960031807,0.004144854960031807,0.0,100.0,native,,0.0,0.0010054209851659834,0.0010054209851659834,0.0,0.0,4.363199695944786e-05,4.363199695944786e-05,0.0,1,vmf_robust,False,False,0.0,0.0004741539596579969,0.0004741539596579969,0.0,,,1000,,,0.00623099505901,1,,,False,0.0,0.0026216480182483792,0.0026216480182483792,0.0,0,,True,False,5.0,0.0,0.006230995000805706,0.006230995000805706,0.006230995000805706,0.006230995000805706,0.0,1
,0.0,0.0015106990467756987,0.0015106990467756987,0.0015106990467756987,0.0015106990467756987,0.0,32,robustness,cpu,2048,auto,,float32,,,powerspherical,0.0,0.0019015040015801787,0.0019015040015801787,0.0019015040015801787,0.0019015040015801787,0.0,100.0,native,,0.0,0.00019003200577571988,0.00019003200577571988,0.0,0.0,4.2132975067943335e-05,4.2132975067943335e-05,0.0,1,power_spherical,False,False,0.0,0.0004347159992903471,0.0004347159992903471,0.0,,200.0,1000,,,0.00341220293194,1,,,False,0.0,0.0012346230214461684,0.0012346230214461684,0.0,0,,True,False,5.0,0.0,0.0034122030483558774,0.0034122030483558774,0.0034122030483558774,0.0034122030483558774,0.0,1
