abs_error,batch_size,benchmark,device,dim,direct_backend,dtype,error_message,eval_time_s,failure_type,family,kappa,kl_value,method,quadrature_nodes,reference_error_message,reference_failure_type,reference_method,reference_nodes,reference_source,reference_success,reference_value,rel_error,rho,seed,series_k_terms,success
0.0,,accuracy,cpu,2,auto,float64,,0.00012461596634238958,,spcauchy,,0.0,direct,400,,,direct_float64_vectorized,4096,direct_certified,True,0.0,0.0,0.0,0,,True
0.0,,accuracy,cpu,2,auto,float64,,0.00010407896479591727,,spcauchy,,0.0,neighbor,400,,,direct_float64_vectorized,4096,direct_certified,True,0.0,0.0,0.0,0,,True
7.725831770700152e-07,,accuracy,cpu,2,auto,float64,,0.0002966489992104471,,spcauchy,,-7.725831770700152e-07,laplace,400,,,direct_float64_vectorized,4096,direct_certified,True,0.0,772583.1770700152,0.0,0,,True
0.0,,accuracy,cpu,2,auto,float64,,0.0001464060042053461,,spcauchy,,0.00010000500033335834,direct,400,,,direct_float64_vectorized,4096,direct_certified,True,0.00010000500033335834,0.0,0.01,0,,True
0.0,,accuracy,cpu,2,auto,float64,,0.00013359199510887265,,spcauchy,,0.00010000500033335834,neighbor,400,,,direct_float64_vectorized,4096,direct_certified,True,0.00010000500033335834,0.0,0.01,0,,True
0.00017720842843288085,,accuracy,cpu,2,auto,float64,,0.00016187899746000767,,spcauchy,,-7.720342809952249e-05,laplace,400,,,direct_float64_vectorized,4096,direct_certified,True,0.00010000500033335834,1.771995678637781,0.01,0,,True
0.0,,accuracy,cpu,2,auto,float64,,0.00012738798977807164,,spcauchy,,0.010050335853501444,direct,400,,,direct_float64_vectorized,4096,direct_certified,True,0.010050335853501444,0.0,0.1,0,,True
0.0,,accuracy,cpu,2,auto,float64,,0.00012572103878483176,,spcauchy,,0.010050335853501444,neighbor,400,,,direct_float64_vectorized,4096,direct_certified,True,0.010050335853501444,0.0,0.1,0,,True
0.017229246857250288,,accuracy,cpu,2,auto,float64,,0.00015673402231186628,,spcauchy,,-0.007178911003748845,laplace,400,,,direct_float64_vectorized,4096,direct_certified,True,0.010050335853501444,1.7142956323442444,0.1,0,,True
0.0,,accuracy,cpu,2,auto,float64,,0.0001267330371774733,,spcauchy,,0.06453852113757118,direct,400,,,direct_float64_vectorized,4096,direct_certified,True,0.06453852113757118,0.0,0.25,0,,True
0.0,,accuracy,cpu,2,auto,float64,,0.00013535202015191317,,spcauchy,,0.06453852113757118,neighbor,400,,,direct_float64_vectorized,4096,direct_certified,True,0.06453852113757118,0.0,0.25,0,,True
0.09287509983005814,,accuracy,cpu,2,auto,float64,,0.00015600904589518905,,spcauchy,,-0.028336578692486958,laplace,400,,,direct_float64_vectorized,4096,direct_certified,True,0.06453852113757118,1.4390645802385884,0.25,0,,True
0.0,,accuracy,cpu,2,auto,float64,,0.00013021600898355246,,spcauchy,,0.2876820724517809,direct,400,,,direct_float64_vectorized,4096,direct_certified,True,0.2876820724517809,0.0,0.5,0,,True
0.0,,accuracy,cpu,2,auto,float64,,0.0001311739906668663,,spcauchy,,0.2876820724517809,neighbor,400,,,direct_float64_vectorized,4096,direct_certified,True,0.2876820724517809,0.0,0.5,0,,True
0.22047064424415497,,accuracy,cpu,2,auto,float64,,0.00015512696700170636,,spcauchy,,0.06721142820762593,laplace,400,,,direct_float64_vectorized,4096,direct_certified,True,0.2876820724517809,0.7663690766865864,0.5,0,,True
0.0,,accuracy,cpu,2,auto,float64,,0.00012773799244314432,,spcauchy,,0.8266785731844679,direct,400,,,direct_float64_vectorized,4096,direct_certified,True,0.8266785731844679,0.0,0.75,0,,True
0.0,,accuracy,cpu,2,auto,float64,,0.00013234902871772647,,spcauchy,,0.8266785731844679,neighbor,400,,,direct_float64_vectorized,4096,direct_certified,True,0.8266785731844679,0.0,0.75,0,,True
0.19251733897562606,,accuracy,cpu,2,auto,float64,,0.00016785302432253957,,spcauchy,,0.6341612342088419,laplace,400,,,direct_float64_vectorized,4096,direct_certified,True,0.8266785731844679,0.23288052360426556,0.75,0,,True
0.0,,accuracy,cpu,2,auto,float64,,0.00012979796156287193,,spcauchy,,1.660731206821651,direct,400,,,direct_float64_vectorized,4096,direct_certified,True,1.660731206821651,0.0,0.9,0,,True
0.0,,accuracy,cpu,2,auto,float64,,0.00013347697677090764,,spcauchy,,1.660731206821651,neighbor,400,,,direct_float64_vectorized,4096,direct_certified,True,1.660731206821651,0.0,0.9,0,,True
0.09218240810714606,,accuracy,cpu,2,auto,float64,,0.00015911395894363523,,spcauchy,,1.568548798714505,laplace,400,,,direct_float64_vectorized,4096,direct_certified,True,1.660731206821651,0.05550712103710453,0.9,0,,True
0.0,,accuracy,cpu,2,auto,float64,,0.0001296440022997558,,spcauchy,,2.3279029009783354,direct,400,,,direct_float64_vectorized,4096,direct_certified,True,2.3279029009783354,0.0,0.95,0,,True
0.0,,accuracy,cpu,2,auto,float64,,0.00012814899673685431,,spcauchy,,2.3279029009783354,neighbor,400,,,direct_float64_vectorized,4096,direct_certified,True,2.3279029009783354,0.0,0.95,0,,True
0.048157892113990464,,accuracy,cpu,2,auto,float64,,0.00015944498591125011,,spcauchy,,2.279745008864345,laplace,400,,,direct_float64_vectorized,4096,direct_certified,True,2.3279029009783354,0.020687242622426993,0.95,0,,True
0.0,,accuracy,cpu,2,auto,float64,,0.00014114100486040115,,spcauchy,,3.2289261607217004,direct,400,,,direct_float64_vectorized,4096,direct_certified,True,3.2289261607217004,0.0,0.98,0,,True
0.0,,accuracy,cpu,2,auto,float64,,0.00015634798910468817,,spcauchy,,3.2289261607217004,neighbor,400,,,direct_float64_vectorized,4096,direct_certified,True,3.2289261607217004,0.0,0.98,0,,True
0.019715815874028486,,accuracy,cpu,2,auto,float64,,0.00016376801067963243,,spcauchy,,3.209210344847672,laplace,400,,,direct_float64_vectorized,4096,direct_certified,True,3.2289261607217004,0.006105997750540627,0.98,0,,True
0.0,,accuracy,cpu,2,auto,float64,,0.0001314380206167698,,spcauchy,,3.9170355472516887,direct,400,,,direct_float64_vectorized,4096,direct_certified,True,3.9170355472516887,0.0,0.99,0,,True
0.0,,accuracy,cpu,2,auto,float64,,0.00012888299534097314,,spcauchy,,3.9170355472516887,neighbor,400,,,direct_float64_vectorized,4096,direct_certified,True,3.9170355472516887,0.0,0.99,0,,True
0.009929822515983844,,accuracy,cpu,2,auto,float64,,0.00015809200704097748,,spcauchy,,3.907105724735705,laplace,400,,,direct_float64_vectorized,4096,direct_certified,True,3.9170355472516887,0.00253503507849218,0.99,0,,True
0.0,,accuracy,cpu,2,auto,float64,,0.00013333797687664628,,spcauchy,,4.607673316206214,direct,400,,,direct_float64_vectorized,4096,direct_certified,True,4.607673316206214,0.0,0.995,0,,True
0.0,,accuracy,cpu,2,auto,float64,,0.0001316770212724805,,spcauchy,,4.607673316206214,neighbor,400,,,direct_float64_vectorized,4096,direct_certified,True,4.607673316206214,0.0,0.995,0,,True
0.0049825636629492465,,accuracy,cpu,2,auto,float64,,0.00015455496031790972,,spcauchy,,4.602690752543265,laplace,400,,,direct_float64_vectorized,4096,direct_certified,True,4.607673316206214,0.0010813621802189099,0.995,0,,True
0.0,,accuracy,cpu,2,auto,float64,,0.0001254639937542379,,spcauchy,,6.215108223463887,direct,400,,,direct_float64_vectorized,4096,direct_certified,True,6.215108223463887,0.0,0.999,0,,True
0.0,,accuracy,cpu,2,auto,float64,,0.00013324001338332891,,spcauchy,,6.215108223463887,neighbor,400,,,direct_float64_vectorized,4096,direct_certified,True,6.215108223463887,0.0,0.999,0,,True
0.000999306330911054,,accuracy,cpu,2,auto,float64,,0.00016307801706716418,,spcauchy,,6.214108917132976,laplace,400,,,direct_float64_vectorized,4096,direct_certified,True,6.215108223463887,0.00016078663395407573,0.999,0,,True
0.0,,accuracy,cpu,3,auto,float64,,0.00038167397724464536,,spcauchy,,0.0,direct,400,,,direct_float64_vectorized,4096,direct_certified,True,0.0,0.0,0.0,0,,True
0.0,,accuracy,cpu,3,auto,float64,,0.00035709503572434187,,spcauchy,,0.0,neighbor,400,,,direct_float64_vectorized,4096,direct_certified,True,0.0,0.0,0.0,0,,True
1.5451823541182824e-06,,accuracy,cpu,3,auto,float64,,0.0001597310183569789,,spcauchy,,1.5451823541182824e-06,laplace,400,,,direct_float64_vectorized,4096,direct_certified,True,0.0,1545182.3541182824,0.0,0,,True
0.0,,accuracy,cpu,3,auto,float64,,0.00037493801210075617,,spcauchy,,0.00026667733401909845,direct,400,,,direct_float64_vectorized,4096,direct_certified,True,0.00026667733401909845,0.0,0.01,0,,True
0.0,,accuracy,cpu,3,auto,float64,,0.00035586702870205045,,spcauchy,,0.00026667733401909845,neighbor,400,,,direct_float64_vectorized,4096,direct_certified,True,0.00026667733401909845,0.0,0.01,0,,True
0.00011211049915018652,,accuracy,cpu,3,auto,float64,,0.00015874800737947226,,spcauchy,,0.00015456683486891193,laplace,400,,,direct_float64_vectorized,4096,direct_certified,True,0.00026667733401909845,0.4203975548299039,0.01,0,,True
0.0,,accuracy,cpu,3,auto,float64,,0.00037418899592012167,,spcauchy,,0.026774024167726562,direct,400,,,direct_float64_vectorized,4096,direct_certified,True,0.026774024167726562,0.0,0.1,0,,True
0.0,,accuracy,cpu,3,auto,float64,,0.00039809802547097206,,spcauchy,,0.026774024167726562,neighbor,400,,,direct_float64_vectorized,4096,direct_certified,True,0.026774024167726562,0.0,0.1,0,,True
0.010837219286104371,,accuracy,cpu,3,auto,float64,,0.00015828001778572798,,spcauchy,,0.01593680488162219,laplace,400,,,direct_float64_vectorized,4096,direct_certified,True,0.026774024167726562,0.40476617254897257,0.1,0,,True
0.0,,accuracy,cpu,3,auto,float64,,0.0003656400367617607,,spcauchy,,0.1710089010054605,direct,400,,,direct_float64_vectorized,4096,direct_certified,True,0.1710089010054605,0.0,0.25,0,,True
0.0,,accuracy,cpu,3,auto,float64,,0.00036942801671102643,,spcauchy,,0.1710089010054605,neighbor,400,,,direct_float64_vectorized,4096,direct_certified,True,0.1710089010054605,0.0,0.25,0,,True
0.05658974619892587,,accuracy,cpu,3,auto,float64,,0.00016415899153798819,,spcauchy,,0.11441915480653464,laplace,400,,,direct_float64_vectorized,4096,direct_certified,True,0.1710089010054605,0.3309169631884769,0.25,0,,True
0.0,,accuracy,cpu,3,auto,float64,,0.0003744090208783746,,spcauchy,,0.7465307216702737,direct,400,,,direct_float64_vectorized,4096,direct_certified,True,0.7465307216702737,0.0,0.5,0,,True
0.0,,accuracy,cpu,3,auto,float64,,0.0003736120415851474,,spcauchy,,0.7465307216702737,neighbor,400,,,direct_float64_vectorized,4096,direct_certified,True,0.7465307216702737,0.0,0.5,0,,True
0.11765108302156202,,accuracy,cpu,3,auto,float64,,0.00015886698383837938,,spcauchy,,0.6288796386487117,laplace,400,,,direct_float64_vectorized,4096,direct_certified,True,0.7465307216702737,0.157597108339134,0.5,0,,True
0.0,,accuracy,cpu,3,auto,float64,,0.00038406101521104574,,spcauchy,,2.0539794771985695,direct,400,,,direct_float64_vectorized,4096,direct_certified,True,2.0539794771985695,0.0,0.75,0,,True
0.0,,accuracy,cpu,3,auto,float64,,0.00039263995131477714,,spcauchy,,2.0539794771985695,neighbor,400,,,direct_float64_vectorized,4096,direct_certified,True,2.0539794771985695,0.0,0.75,0,,True
0.07363924236470387,,accuracy,cpu,3,auto,float64,,0.00016341102309525013,,spcauchy,,1.9803402348338657,laplace,400,,,direct_float64_vectorized,4096,direct_certified,True,2.0539794771985695,0.035851985466349795,0.75,0,,True
0.0,,accuracy,cpu,3,auto,float64,,0.0003650719881989062,,spcauchy,,3.921593946990286,direct,400,,,direct_float64_vectorized,4096,direct_certified,True,3.921593946990286,0.0,0.9,0,,True
0.0,,accuracy,cpu,3,auto,float64,,0.00037218601210042834,,spcauchy,,3.921593946990286,neighbor,400,,,direct_float64_vectorized,4096,direct_certified,True,3.921593946990286,0.0,0.9,0,,True
0.020420936705474624,,accuracy,cpu,3,auto,float64,,0.00016018800670281053,,spcauchy,,3.9011730102848112,laplace,400,,,direct_float64_vectorized,4096,direct_certified,True,3.921593946990286,0.005207305239020762,0.9,0,,True
0.0,,accuracy,cpu,3,auto,float64,,0.0003657700144685805,,spcauchy,,5.336764243959632,direct,400,,,direct_float64_vectorized,4096,direct_certified,True,5.336764243959632,0.0,0.95,0,,True
0.0,,accuracy,cpu,3,auto,float64,,0.0003624840173870325,,spcauchy,,5.336764243959632,neighbor,400,,,direct_float64_vectorized,4096,direct_certified,True,5.336764243959632,0.0,0.95,0,,True
0.00671462648287946,,accuracy,cpu,3,auto,float64,,0.0001711600343696773,,spcauchy,,5.330049617476752,laplace,400,,,direct_float64_vectorized,4096,direct_certified,True,5.336764243959632,0.0012581830817202295,0.95,0,,True
0.0,,accuracy,cpu,3,auto,float64,,0.00037609500577673316,,spcauchy,,7.192115259391681,direct,400,,,direct_float64_vectorized,4096,direct_certified,True,7.192115259391681,0.0,0.98,0,,True
0.0,,accuracy,cpu,3,auto,float64,,0.0003751909825950861,,spcauchy,,7.192115259391681,neighbor,400,,,direct_float64_vectorized,4096,direct_certified,True,7.192115259391681,0.0,0.98,0,,True
0.0014210932850584612,,accuracy,cpu,3,auto,float64,,0.00016502803191542625,,spcauchy,,7.190694166106622,laplace,400,,,direct_float64_vectorized,4096,direct_certified,True,7.192115259391681,0.00019759044923574532,0.98,0,,True
0.0,,accuracy,cpu,3,auto,float64,,0.0003653889871202409,,spcauchy,,8.587144326704006,direct,400,,,direct_float64_vectorized,4096,direct_certified,True,8.587144326704006,0.0,0.99,0,,True
0.0,,accuracy,cpu,3,auto,float64,,0.00037167902337387204,,spcauchy,,8.587144326704006,neighbor,400,,,direct_float64_vectorized,4096,direct_certified,True,8.587144326704006,0.0,0.99,0,,True
0.0004221883460218123,,accuracy,cpu,3,auto,float64,,0.0001585839781910181,,spcauchy,,8.586722138357985,laplace,400,,,direct_float64_vectorized,4096,direct_certified,True,8.587144326704006,4.9165162475365126e-05,0.99,0,,True
0.0,,accuracy,cpu,3,auto,float64,,0.000369050947483629,,spcauchy,,9.978073310197235,direct,400,,,direct_float64_vectorized,4096,direct_certified,True,9.978073310197235,0.0,0.995,0,,True
0.0,,accuracy,cpu,3,auto,float64,,0.0003639719798229635,,spcauchy,,9.978073310197235,neighbor,400,,,direct_float64_vectorized,4096,direct_certified,True,9.978073310197235,0.0,0.995,0,,True
0.00012249428207233848,,accuracy,cpu,3,auto,float64,,0.00016919698100537062,,spcauchy,,9.977950815915163,laplace,400,,,direct_float64_vectorized,4096,direct_certified,True,9.978073310197235,1.227634617067342e-05,0.995,0,,True
0.0,,accuracy,cpu,3,auto,float64,,0.0003722069668583572,,spcauchy,,13.20081227701114,direct,400,,,direct_float64_vectorized,4096,direct_certified,True,13.20081227701114,0.0,0.999,0,,True
0.0,,accuracy,cpu,3,auto,float64,,0.0003650180296972394,,spcauchy,,13.20081227701114,neighbor,400,,,direct_float64_vectorized,4096,direct_certified,True,13.20081227701114,0.0,0.999,0,,True
6.493866910872725e-06,,accuracy,cpu,3,auto,float64,,0.00015820801490917802,,spcauchy,,13.20080578314423,laplace,400,,,direct_float64_vectorized,4096,direct_certified,True,13.20081227701114,4.919293430285059e-07,0.999,0,,True
0.0,,accuracy,cpu,4,auto,float64,,0.00022564100800082088,,spcauchy,,0.0,direct,400,,,direct_float64_vectorized,4096,direct_certified,True,0.0,0.0,0.0,0,,True
0.0,,accuracy,cpu,4,auto,float64,,0.0002166999620385468,,spcauchy,,0.0,neighbor,400,,,direct_float64_vectorized,4096,direct_certified,True,0.0,0.0,0.0,0,,True
3.6822384688077123e-06,,accuracy,cpu,4,auto,float64,,0.00015948800137266517,,spcauchy,,3.6822384688077123e-06,laplace,400,,,direct_float64_vectorized,4096,direct_certified,True,0.0,3682238.468807712,0.0,0,,True
0.0,,accuracy,cpu,4,auto,float64,,0.00021677097538486123,,spcauchy,,0.00045001500100007503,direct,400,,,direct_float64_vectorized,4096,direct_certified,True,0.00045001500100007503,0.0,0.01,0,,True
0.0,,accuracy,cpu,4,auto,float64,,0.00022665801225230098,,spcauchy,,0.00045001500100007503,neighbor,400,,,direct_float64_vectorized,4096,direct_certified,True,0.00045001500100007503,0.0,0.01,0,,True
8.174526730104202e-05,,accuracy,cpu,4,auto,float64,,0.00016080797649919987,,spcauchy,,0.000368269733699033,laplace,400,,,direct_float64_vectorized,4096,direct_certified,True,0.00045001500100007503,0.1816500941510356,0.01,0,,True
0.0,,accuracy,cpu,4,auto,float64,,0.00022994499886408448,,spcauchy,,0.04515100756050433,direct,400,,,direct_float64_vectorized,4096,direct_certified,True,0.04515100756050433,0.0,0.1,0,,True
0.0,,accuracy,cpu,4,auto,float64,,0.00021234701853245497,,spcauchy,,0.04515100756050433,neighbor,400,,,direct_float64_vectorized,4096,direct_certified,True,0.04515100756050433,0.0,0.1,0,,True
0.007869977607335737,,accuracy,cpu,4,auto,float64,,0.00015996501315385103,,spcauchy,,0.03728102995316859,laplace,400,,,direct_float64_vectorized,4096,direct_certified,True,0.04515100756050433,0.17430347698862805,0.1,0,,True
0.0,,accuracy,cpu,4,auto,float64,,0.00021487101912498474,,spcauchy,,0.2873655634127135,direct,400,,,direct_float64_vectorized,4096,direct_certified,True,0.2873655634127135,0.0,0.25,0,,True
0.0,,accuracy,cpu,4,auto,float64,,0.0002149880165234208,,spcauchy,,0.2873655634127135,neighbor,400,,,direct_float64_vectorized,4096,direct_certified,True,0.2873655634127135,0.0,0.25,0,,True
0.04019536869432705,,accuracy,cpu,4,auto,float64,,0.00015768600860610604,,spcauchy,,0.24717019471838647,laplace,400,,,direct_float64_vectorized,4096,direct_certified,True,0.2873655634127135,0.13987538456930063,0.25,0,,True
0.0,,accuracy,cpu,4,auto,float64,,0.00021891295909881592,,spcauchy,,1.2380462173553428,direct,400,,,direct_float64_vectorized,4096,direct_certified,True,1.2380462173553428,0.0,0.5,0,,True
0.0,,accuracy,cpu,4,auto,float64,,0.00022975599858909845,,spcauchy,,1.2380462173553428,neighbor,400,,,direct_float64_vectorized,4096,direct_certified,True,1.2380462173553428,0.0,0.5,0,,True
0.07641193273246616,,accuracy,cpu,4,auto,float64,,0.00018198700854554772,,spcauchy,,1.1616342846228767,laplace,400,,,direct_float64_vectorized,4096,direct_certified,True,1.2380462173553428,0.06171977399655871,0.5,0,,True
0.0,,accuracy,cpu,4,auto,float64,,0.0002245390205644071,,spcauchy,,3.3237857195534035,direct,400,,,direct_float64_vectorized,4096,direct_certified,True,3.3237857195534035,0.0,0.75,0,,True
0.0,,accuracy,cpu,4,auto,float64,,0.00021439598640426993,,spcauchy,,3.3237857195534035,neighbor,400,,,direct_float64_vectorized,4096,direct_certified,True,3.3237857195534035,0.0,0.75,0,,True
0.03890201692687967,,accuracy,cpu,4,auto,float64,,0.000160002033226192,,spcauchy,,3.284883702626524,laplace,400,,,direct_float64_vectorized,4096,direct_certified,True,3.3237857195534035,0.01170412902914412,0.75,0,,True
0.0,,accuracy,cpu,4,auto,float64,,0.0002215229906141758,,spcauchy,,6.197193620464953,direct,400,,,direct_float64_vectorized,4096,direct_certified,True,6.197193620464953,0.0,0.9,0,,True
0.0,,accuracy,cpu,4,auto,float64,,0.0002137190313078463,,spcauchy,,6.197193620464953,neighbor,400,,,direct_float64_vectorized,4096,direct_certified,True,6.197193620464953,0.0,0.9,0,,True
0.008076023808634147,,accuracy,cpu,4,auto,float64,,0.00015791301848366857,,spcauchy,,6.1891175966563186,laplace,400,,,direct_float64_vectorized,4096,direct_certified,True,6.197193620464953,0.0013031743565288562,0.9,0,,True
0.0,,accuracy,cpu,4,auto,float64,,0.00021674996241927147,,spcauchy,,8.337458702935006,direct,400,,,direct_float64_vectorized,4096,direct_certified,True,8.337458702935006,0.0,0.95,0,,True
0.0,,accuracy,cpu,4,auto,float64,,0.00022860197350382805,,spcauchy,,8.337458702935006,neighbor,400,,,direct_float64_vectorized,4096,direct_certified,True,8.337458702935006,0.0,0.95,0,,True
0.0021632675500278253,,accuracy,cpu,4,auto,float64,,0.00016320397844538093,,spcauchy,,8.335295435384978,laplace,400,,,direct_float64_vectorized,4096,direct_certified,True,8.337458702935006,0.0002594636599838627,0.95,0,,True
0.0,,accuracy,cpu,4,auto,float64,,0.00023160898126661777,,spcauchy,,11.127378482165101,direct,400,,,direct_float64_vectorized,4096,direct_certified,True,11.127378482165101,0.0,0.98,0,,True
0.0,,accuracy,cpu,4,auto,float64,,0.00022058200556784868,,spcauchy,,11.127378482165101,neighbor,400,,,direct_float64_vectorized,4096,direct_certified,True,11.127378482165101,0.0,0.98,0,,True
0.00035950514912563847,,accuracy,cpu,4,auto,float64,,0.0001588549930602312,,spcauchy,,11.127018977015975,laplace,400,,,direct_float64_vectorized,4096,direct_certified,True,11.127378482165101,3.230816222364066e-05,0.98,0,,True
0.0,,accuracy,cpu,4,auto,float64,,0.00020948698511347175,,spcauchy,,13.221256641755065,direct,400,,,direct_float64_vectorized,4096,direct_certified,True,13.221256641755065,0.0,0.99,0,,True
0.0,,accuracy,cpu,4,auto,float64,,0.00020763598149642348,,spcauchy,,13.221256641755065,neighbor,400,,,direct_float64_vectorized,4096,direct_certified,True,13.221256641755065,0.0,0.99,0,,True
9.097122182133432e-05,,accuracy,cpu,4,auto,float64,,0.00015263695968315005,,spcauchy,,13.221165670533244,laplace,400,,,direct_float64_vectorized,4096,direct_certified,True,13.221256641755065,6.880678916256048e-06,0.99,0,,True
0.0,,accuracy,cpu,4,auto,float64,,0.00021464796736836433,,spcauchy,,15.30805744861864,direct,400,,,direct_float64_vectorized,4096,direct_certified,True,15.30805744861864,0.0,0.995,0,,True
0.0,,accuracy,cpu,4,auto,float64,,0.00021150498650968075,,spcauchy,,15.30805744861864,neighbor,400,,,direct_float64_vectorized,4096,direct_certified,True,15.30805744861864,0.0,0.995,0,,True
2.2878720860930457e-05,,accuracy,cpu,4,auto,float64,,0.00015662197256460786,,spcauchy,,15.30803456989778,laplace,400,,,direct_float64_vectorized,4096,direct_certified,True,15.30805744861864,1.4945541547464584e-06,0.995,0,,True
0.0,,accuracy,cpu,4,auto,float64,,0.00022007199004292488,,spcauchy,,20.142326170391662,direct,400,,,direct_float64_vectorized,4096,direct_certified,True,20.142326170391662,0.0,0.999,0,,True
0.0,,accuracy,cpu,4,auto,float64,,0.00021235999884083867,,spcauchy,,20.142326170391662,neighbor,400,,,direct_float64_vectorized,4096,direct_certified,True,20.142326170391662,0.0,0.999,0,,True
9.204931110673442e-07,,accuracy,cpu,4,auto,float64,,0.0001625119475647807,,spcauchy,,20.14232524989855,laplace,400,,,direct_float64_vectorized,4096,direct_certified,True,20.142326170391662,4.569944420920106e-08,0.999,0,,True
0.0,,accuracy,cpu,5,auto,float64,,0.0005715569714084268,,spcauchy,,0.0,direct,400,,,direct_float64_vectorized,4096,direct_certified,True,0.0,0.0,0.0,0,,True
0.0,,accuracy,cpu,5,auto,float64,,0.0005639879964292049,,spcauchy,,0.0,neighbor,400,,,direct_float64_vectorized,4096,direct_certified,True,0.0,0.0,0.0,0,,True
5.757026041578947e-06,,accuracy,cpu,5,auto,float64,,0.00015901599545031786,,spcauchy,,5.757026041578947e-06,laplace,400,,,direct_float64_vectorized,4096,direct_certified,True,0.0,5757026.041578948,0.0,0,,True
0.0,,accuracy,cpu,5,auto,float64,,0.0005760519998148084,,spcauchy,,0.0006400182870350204,direct,400,,,direct_float64_vectorized,4096,direct_certified,True,0.0006400182870350204,0.0,0.01,0,,True
0.0,,accuracy,cpu,5,auto,float64,,0.0005696199950762093,,spcauchy,,0.0006400182870350204,neighbor,400,,,direct_float64_vectorized,4096,direct_certified,True,0.0006400182870350204,0.0,0.01,0,,True
6.42712759649297e-05,,accuracy,cpu,5,auto,float64,,0.00015883898595348,,spcauchy,,0.0005757470110700907,laplace,400,,,direct_float64_vectorized,4096,direct_certified,True,0.0006400182870350204,0.10042099931656001,0.01,0,,True
0.0,,accuracy,cpu,5,auto,float64,,0.0005584909813478589,,spcauchy,,0.06418418783239596,direct,400,,,direct_float64_vectorized,4096,direct_certified,True,0.06418418783239596,0.0,0.1,0,,True
0.0,,accuracy,cpu,5,auto,float64,,0.0005879949894733727,,spcauchy,,0.06418418783239596,neighbor,400,,,direct_float64_vectorized,4096,direct_certified,True,0.06418418783239596,0.0,0.1,0,,True
0.006169350084966968,,accuracy,cpu,5,auto,float64,,0.0001845560036599636,,spcauchy,,0.05801483774742899,laplace,400,,,direct_float64_vectorized,4096,direct_certified,True,0.06418418783239596,0.09611946950356338,0.1,0,,True
0.0,,accuracy,cpu,5,auto,float64,,0.0005577900446951389,,spcauchy,,0.40748130108026576,direct,400,,,direct_float64_vectorized,4096,direct_certified,True,0.40748130108026576,0.0,0.25,0,,True
0.0,,accuracy,cpu,5,auto,float64,,0.000598487036768347,,spcauchy,,0.40748130108026576,neighbor,400,,,direct_float64_vectorized,4096,direct_certified,True,0.40748130108026576,0.0,0.25,0,,True
0.031007466669042028,,accuracy,cpu,5,auto,float64,,0.00016445398796349764,,spcauchy,,0.37647383441122373,laplace,400,,,direct_float64_vectorized,4096,direct_certified,True,0.40748130108026576,0.07609543453120116,0.25,0,,True
0.0,,accuracy,cpu,5,auto,float64,,0.0005838130018673837,,spcauchy,,1.7398045790676822,direct,400,,,direct_float64_vectorized,4096,direct_certified,True,1.7398045790676822,0.0,0.5,0,,True
0.0,,accuracy,cpu,5,auto,float64,,0.0005770910065621138,,spcauchy,,1.7398045790676822,neighbor,400,,,direct_float64_vectorized,4096,direct_certified,True,1.7398045790676822,0.0,0.5,0,,True
0.05537863510359298,,accuracy,cpu,5,auto,float64,,0.00015716097550466657,,spcauchy,,1.6844259439640892,laplace,400,,,direct_float64_vectorized,4096,direct_certified,True,1.7398045790676822,0.031830376681310384,0.5,0,,True
0.0,,accuracy,cpu,5,auto,float64,,0.0005665970384143293,,spcauchy,,4.599894728038221,direct,400,,,direct_float64_vectorized,4096,direct_certified,True,4.599894728038221,0.0,0.75,0,,True
0.0,,accuracy,cpu,5,auto,float64,,0.0005799210048280656,,spcauchy,,4.599894728038221,neighbor,400,,,direct_float64_vectorized,4096,direct_certified,True,4.599894728038221,0.0,0.75,0,,True
0.02481425837049045,,accuracy,cpu,5,auto,float64,,0.00016045698430389166,,spcauchy,,4.57508046966773,laplace,400,,,direct_float64_vectorized,4096,direct_certified,True,4.599894728038221,0.0053945274484734395,0.75,0,,True
0.0,,accuracy,cpu,5,auto,float64,,0.0004182150005362928,,spcauchy,,8.466160257719347,direct,400,,,direct_float64_vectorized,4096,direct_certified,True,8.466160257719347,0.0,0.9,0,,True
0.0,,accuracy,cpu,5,auto,float64,,0.00046037003630772233,,spcauchy,,8.466160257719347,neighbor,400,,,direct_float64_vectorized,4096,direct_certified,True,8.466160257719347,0.0,0.9,0,,True
0.004493703588478226,,accuracy,cpu,5,auto,float64,,0.0001259489799849689,,spcauchy,,8.461666554130868,laplace,400,,,direct_float64_vectorized,4096,direct_certified,True,8.466160257719347,0.0005307841396435792,0.9,0,,True
0.0,,accuracy,cpu,5,auto,float64,,0.000395621987991035,,spcauchy,,11.326141798604166,direct,400,,,direct_float64_vectorized,4096,direct_certified,True,11.326141798604166,0.0,0.95,0,,True
0.0,,accuracy,cpu,5,auto,float64,,0.0004694350063800812,,spcauchy,,11.326141798604166,neighbor,400,,,direct_float64_vectorized,4096,direct_certified,True,11.326141798604166,0.0,0.95,0,,True
0.0011268264097967773,,accuracy,cpu,5,auto,float64,,0.0001673189690336585,,spcauchy,,11.325014972194369,laplace,400,,,direct_float64_vectorized,4096,direct_certified,True,11.326141798604166,9.948899014628684e-05,0.95,0,,True
0.0,,accuracy,cpu,5,auto,float64,,0.00046640599612146616,,spcauchy,,15.047961328654644,direct,400,,,direct_float64_vectorized,4096,direct_certified,True,15.047961328654644,0.0,0.98,0,,True
0.0,,accuracy,cpu,5,auto,float64,,0.0004898390034213662,,spcauchy,,15.047961328654644,neighbor,400,,,direct_float64_vectorized,4096,direct_certified,True,15.047961328654644,0.0,0.98,0,,True
0.00017835534230492556,,accuracy,cpu,5,auto,float64,,0.00011885201092809439,,spcauchy,,15.047782973312339,laplace,400,,,direct_float64_vectorized,4096,direct_certified,True,15.047961328654644,1.185245884206903e-05,0.98,0,,True
0.0,,accuracy,cpu,5,auto,float64,,0.0004107020213268697,,spcauchy,,17.840087909855132,direct,400,,,direct_float64_vectorized,4096,direct_certified,True,17.840087909855132,0.0,0.99,0,,True
0.0,,accuracy,cpu,5,auto,float64,,0.00038650602800771594,,spcauchy,,17.840087909855132,neighbor,400,,,direct_float64_vectorized,4096,direct_certified,True,17.840087909855132,0.0,0.99,0,,True
4.430143865974401e-05,,accuracy,cpu,5,auto,float64,,0.00014380901120603085,,spcauchy,,17.840043608416472,laplace,400,,,direct_float64_vectorized,4096,direct_certified,True,17.840087909855132,2.483252262185952e-06,0.99,0,,True
0.0,,accuracy,cpu,5,auto,float64,,0.0005119089619256556,,spcauchy,,20.622562580126786,direct,400,,,direct_float64_vectorized,4096,direct_certified,True,20.622562580126786,0.0,0.995,0,,True
0.0,,accuracy,cpu,5,auto,float64,,0.00040480599272996187,,spcauchy,,20.622562580126786,neighbor,400,,,direct_float64_vectorized,4096,direct_certified,True,20.622562580126786,0.0,0.995,0,,True
1.1031732910282699e-05,,accuracy,cpu,5,auto,float64,,0.00016015302389860153,,spcauchy,,20.622551548393876,laplace,400,,,direct_float64_vectorized,4096,direct_certified,True,20.622562580126786,5.349351162068277e-07,0.995,0,,True
0.0,,accuracy,cpu,5,auto,float64,,0.0005250149988569319,,spcauchy,,27.068278006659348,direct,400,,,direct_float64_vectorized,4096,direct_certified,True,27.068278006659348,0.0,0.999,0,,True
0.0,,accuracy,cpu,5,auto,float64,,0.00038332800613716245,,spcauchy,,27.068278006659348,neighbor,400,,,direct_float64_vectorized,4096,direct_certified,True,27.068278006659348,0.0,0.999,0,,True
4.410377236752083e-07,,accuracy,cpu,5,auto,float64,,0.00014394399477168918,,spcauchy,,27.068277565621624,laplace,400,,,direct_float64_vectorized,4096,direct_certified,True,27.068278006659348,1.6293527189528054e-08,0.999,0,,True
0.0,,accuracy,cpu,6,auto,float64,,0.0002002050168812275,,spcauchy,,0.0,direct,400,,,direct_float64_vectorized,4096,direct_certified,True,0.0,0.0,0.0,0,,True
0.0,,accuracy,cpu,6,auto,float64,,0.0001540440134704113,,spcauchy,,0.0,neighbor,400,,,direct_float64_vectorized,4096,direct_certified,True,0.0,0.0,0.0,0,,True
7.803727448019594e-06,,accuracy,cpu,6,auto,float64,,0.0001756009878590703,,spcauchy,,7.803727448019594e-06,laplace,400,,,direct_float64_vectorized,4096,direct_certified,True,0.0,7803727.448019594,0.0,0,,True
0.0,,accuracy,cpu,6,auto,float64,,0.00023238500580191612,,spcauchy,,0.0008333541683334584,direct,400,,,direct_float64_vectorized,4096,direct_certified,True,0.0008333541683334584,0.0,0.01,0,,True
0.0,,accuracy,cpu,6,auto,float64,,0.00018684699898585677,,spcauchy,,0.0008333541683334584,neighbor,400,,,direct_float64_vectorized,4096,direct_certified,True,0.0008333541683334584,0.0,0.01,0,,True
5.293794050240325e-05,,accuracy,cpu,6,auto,float64,,0.00019149103900417686,,spcauchy,,0.0007804162278310552,laplace,400,,,direct_float64_vectorized,4096,direct_certified,True,0.0008333541683334584,0.06352394037731705,0.01,0,,True
0.0,,accuracy,cpu,6,auto,float64,,0.00015428598271682858,,spcauchy,,0.0835433459341739,direct,400,,,direct_float64_vectorized,4096,direct_certified,True,0.0835433459341739,0.0,0.1,0,,True
0.0,,accuracy,cpu,6,auto,float64,,0.00015156203880906105,,spcauchy,,0.0835433459341739,neighbor,400,,,direct_float64_vectorized,4096,direct_certified,True,0.0835433459341739,0.0,0.1,0,,True
0.005070028522110859,,accuracy,cpu,6,auto,float64,,0.00011132302461192012,,spcauchy,,0.07847331741206304,laplace,400,,,direct_float64_vectorized,4096,direct_certified,True,0.0835433459341739,0.06068740083866971,0.1,0,,True
0.0,,accuracy,cpu,6,auto,float64,,0.00014743796782568097,,spcauchy,,0.5293983348545226,direct,400,,,direct_float64_vectorized,4096,direct_certified,True,0.5293983348545226,0.0,0.25,0,,True
0.0,,accuracy,cpu,6,auto,float64,,0.0001467019901610911,,spcauchy,,0.5293983348545226,neighbor,400,,,direct_float64_vectorized,4096,direct_certified,True,0.5293983348545226,0.0,0.25,0,,True
0.025175807325031663,,accuracy,cpu,6,auto,float64,,0.00010803400073200464,,spcauchy,,0.5042225275294909,laplace,400,,,direct_float64_vectorized,4096,direct_certified,True,0.5293983348545226,0.047555509089294574,0.25,0,,True
0.0,,accuracy,cpu,6,auto,float64,,0.00023869500728324056,,spcauchy,,2.245702028925571,direct,400,,,direct_float64_vectorized,4096,direct_certified,True,2.245702028925571,0.0,0.5,0,,True
0.0,,accuracy,cpu,6,auto,float64,,0.0002295279991813004,,spcauchy,,2.245702028925571,neighbor,400,,,direct_float64_vectorized,4096,direct_certified,True,2.245702028925571,0.0,0.5,0,,True
0.04297822122077566,,accuracy,cpu,6,auto,float64,,0.00016066600801423192,,spcauchy,,2.2027238077047953,laplace,400,,,direct_float64_vectorized,4096,direct_certified,True,2.245702028925571,0.01913798921994031,0.5,0,,True
0.0,,accuracy,cpu,6,auto,float64,,0.00016586697893217206,,spcauchy,,5.87655692842234,direct,400,,,direct_float64_vectorized,4096,direct_certified,True,5.87655692842234,0.0,0.75,0,,True
0.0,,accuracy,cpu,6,auto,float64,,0.00021231698337942362,,spcauchy,,5.87655692842234,neighbor,400,,,direct_float64_vectorized,4096,direct_certified,True,5.87655692842234,0.0,0.75,0,,True
0.017750757378132143,,accuracy,cpu,6,auto,float64,,0.00011133297812193632,,spcauchy,,5.858806171044208,laplace,400,,,direct_float64_vectorized,4096,direct_certified,True,5.87655692842234,0.003020605023373377,0.75,0,,True
0.0,,accuracy,cpu,6,auto,float64,,0.00015390303451567888,,spcauchy,,10.730281034108256,direct,400,,,direct_float64_vectorized,4096,direct_certified,True,10.730281034108256,0.0,0.9,0,,True
0.0,,accuracy,cpu,6,auto,float64,,0.00015340797835960984,,spcauchy,,10.730281034108256,neighbor,400,,,direct_float64_vectorized,4096,direct_certified,True,10.730281034108256,0.0,0.9,0,,True
0.003009706205276075,,accuracy,cpu,6,auto,float64,,0.00011260301107540727,,spcauchy,,10.72727132790298,laplace,400,,,direct_float64_vectorized,4096,direct_certified,True,10.730281034108256,0.0002804871741671208,0.9,0,,True
0.0,,accuracy,cpu,6,auto,float64,,0.00021590798860415816,,spcauchy,,14.308470234058344,direct,400,,,direct_float64_vectorized,4096,direct_certified,True,14.308470234058344,0.0,0.95,0,,True
0.0,,accuracy,cpu,6,auto,float64,,0.0001557590439915657,,spcauchy,,14.308470234058344,neighbor,400,,,direct_float64_vectorized,4096,direct_certified,True,14.308470234058344,0.0,0.95,0,,True
0.0007388393078393563,,accuracy,cpu,6,auto,float64,,0.00011273898417130113,,spcauchy,,14.307731394750505,laplace,400,,,direct_float64_vectorized,4096,direct_certified,True,14.308470234058344,5.163649892360279e-05,0.95,0,,True
0.0,,accuracy,cpu,6,auto,float64,,0.0001617909874767065,,spcauchy,,18.961644070275167,direct,400,,,direct_float64_vectorized,4096,direct_certified,True,18.961644070275167,0.0,0.98,0,,True
0.0,,accuracy,cpu,6,auto,float64,,0.00022408697986975312,,spcauchy,,18.961644070275167,neighbor,400,,,direct_float64_vectorized,4096,direct_certified,True,18.961644070275167,0.0,0.98,0,,True
0.00011579122827498622,,accuracy,cpu,6,auto,float64,,0.0001358729787170887,,spcauchy,,18.96152827904689,laplace,400,,,direct_float64_vectorized,4096,direct_certified,True,18.961644070275167,6.1066027737807805e-06,0.98,0,,True
0.0,,accuracy,cpu,6,auto,float64,,0.00015647104009985924,,spcauchy,,22.45192939875844,direct,400,,,direct_float64_vectorized,4096,direct_certified,True,22.45192939875844,0.0,0.99,0,,True
0.0,,accuracy,cpu,6,auto,float64,,0.00015546003123745322,,spcauchy,,22.45192939875844,neighbor,400,,,direct_float64_vectorized,4096,direct_certified,True,22.45192939875844,0.0,0.99,0,,True
2.8698890215395068e-05,,accuracy,cpu,6,auto,float64,,0.00012530299136415124,,spcauchy,,22.451900699868226,laplace,400,,,direct_float64_vectorized,4096,direct_certified,True,22.45192939875844,1.2782371486070179e-06,0.99,0,,True
0.0,,accuracy,cpu,6,auto,float64,,0.00015434902161359787,,spcauchy,,25.93005428910399,direct,400,,,direct_float64_vectorized,4096,direct_certified,True,25.93005428910399,0.0,0.995,0,,True
0.0,,accuracy,cpu,6,auto,float64,,0.00015798502136021852,,spcauchy,,25.93005428910399,neighbor,400,,,direct_float64_vectorized,4096,direct_certified,True,25.93005428910399,0.0,0.995,0,,True
7.141422138090547e-06,,accuracy,cpu,6,auto,float64,,0.00011118297697976232,,spcauchy,,25.93004714768185,laplace,400,,,direct_float64_vectorized,4096,direct_certified,True,25.93005428910399,2.754109983136992e-07,0.995,0,,True
0.0,,accuracy,cpu,6,auto,float64,,0.00015445600729435682,,spcauchy,,33.98720861898568,direct,400,,,direct_float64_vectorized,4096,direct_certified,True,33.98720861898568,0.0,0.999,0,,True
0.0,,accuracy,cpu,6,auto,float64,,0.00015260803047567606,,spcauchy,,33.98720861898568,neighbor,400,,,direct_float64_vectorized,4096,direct_certified,True,33.98720861898568,0.0,0.999,0,,True
2.862381975887729e-07,,accuracy,cpu,6,auto,float64,,0.00011372996959835291,,spcauchy,,33.987208332747485,laplace,400,,,direct_float64_vectorized,4096,direct_certified,True,33.98720861898568,8.421938994686272e-09,0.999,0,,True
0.0,,accuracy,cpu,7,auto,float64,,6.36225792998448,,spcauchy,,0.0,direct,400,,,direct_float64_vectorized,4096,direct_certified,True,0.0,0.0,0.0,0,,True
0.0,,accuracy,cpu,7,auto,float64,,0.0005938649992458522,,spcauchy,,0.0,neighbor,400,,,direct_float64_vectorized,4096,direct_certified,True,0.0,0.0,0.0,0,,True
9.835536662372232e-06,,accuracy,cpu,7,auto,float64,,0.00027721200603991747,,spcauchy,,9.835536662372232e-06,laplace,400,,,direct_float64_vectorized,4096,direct_certified,True,0.0,9835536.662372233,0.0,0,,True
0.0,,accuracy,cpu,7,auto,float64,,0.00018263602396473289,,spcauchy,,0.0010285942877577261,direct,400,,,direct_float64_vectorized,4096,direct_certified,True,0.0010285942877577261,0.0,0.01,0,,True
5.950476340904013e-07,,accuracy,cpu,7,auto,float64,,0.0001518059871159494,,spcauchy,,0.0010291893353918165,neighbor,400,,,direct_float64_vectorized,4096,direct_certified,True,0.0010285942877577261,0.0005785056763124453,0.01,0,,True
4.499776755306577e-05,,accuracy,cpu,7,auto,float64,,0.00019605894340202212,,spcauchy,,0.0009835965202046604,laplace,400,,,direct_float64_vectorized,4096,direct_certified,True,0.0010285942877577261,0.043746857326184656,0.01,0,,True
0.0,,accuracy,cpu,7,auto,float64,,0.00013436400331556797,,spcauchy,,0.10308777272178134,direct,400,,,direct_float64_vectorized,4096,direct_certified,True,0.10308777272178134,0.0,0.1,0,,True
5.763406589399944e-05,,accuracy,cpu,7,auto,float64,,0.00015005399473011494,,spcauchy,,0.10314540678767534,neighbor,400,,,direct_float64_vectorized,4096,direct_certified,True,0.10308777272178134,0.0005590776129148242,0.1,0,,True
0.004301963507754872,,accuracy,cpu,7,auto,float64,,0.00011218205327168107,,spcauchy,,0.09878580921402647,laplace,400,,,direct_float64_vectorized,4096,direct_certified,True,0.10308777272178134,0.041731074347345104,0.1,0,,True
0.0,,accuracy,cpu,7,auto,float64,,0.00018336798530071974,,spcauchy,,0.6523086984652746,direct,400,,,direct_float64_vectorized,4096,direct_certified,True,0.6523086984652746,0.0,0.25,0,,True
0.0003012532299441206,,accuracy,cpu,7,auto,float64,,0.0001791260438039899,,spcauchy,,0.6526099516952187,neighbor,400,,,direct_float64_vectorized,4096,direct_certified,True,0.6523086984652746,0.00046182617317981037,0.25,0,,True
0.021161960689269455,,accuracy,cpu,7,auto,float64,,0.00011996098328381777,,spcauchy,,0.6311467377760052,laplace,400,,,direct_float64_vectorized,4096,direct_certified,True,0.6523086984652746,0.03244163497904973,0.25,0,,True
0.0,,accuracy,cpu,7,auto,float64,,0.00016102701192721725,,spcauchy,,2.7535647280242,direct,400,,,direct_float64_vectorized,4096,direct_certified,True,2.7535647280242,0.0,0.5,0,,True
0.000522498353152212,,accuracy,cpu,7,auto,float64,,0.00015252601588144898,,spcauchy,,2.754087226377352,neighbor,400,,,direct_float64_vectorized,4096,direct_certified,True,2.7535647280242,0.00018975343046579728,0.5,0,,True
0.034925812078066,,accuracy,cpu,7,auto,float64,,0.00014619599096477032,,spcauchy,,2.718638915946134,laplace,400,,,direct_float64_vectorized,4096,direct_certified,True,2.7535647280242,0.012683853668886426,0.5,0,,True
0.0,,accuracy,cpu,7,auto,float64,,0.00015318900113925338,,spcauchy,,7.152762301220604,direct,400,,,direct_float64_vectorized,4096,direct_certified,True,7.152762301220604,0.0,0.75,0,,True
0.00027753203567204565,,accuracy,cpu,7,auto,float64,,0.00016265100566670299,,spcauchy,,7.152484769184932,neighbor,400,,,direct_float64_vectorized,4096,direct_certified,True,7.152762301220604,3.8800679231950064e-05,0.75,0,,True
0.013661596719008351,,accuracy,cpu,7,auto,float64,,0.00011593999806791544,,spcauchy,,7.139100704501596,laplace,400,,,direct_float64_vectorized,4096,direct_certified,True,7.152762301220604,0.001909974936071485,0.75,0,,True
0.0,,accuracy,cpu,7,auto,float64,,0.00013135699555277824,,spcauchy,,12.991431601047445,direct,400,,,direct_float64_vectorized,4096,direct_certified,True,12.991431601047445,0.0,0.9,0,,True
0.0009336351175370794,,accuracy,cpu,7,auto,float64,,0.00015109602827578783,,spcauchy,,12.990497965929908,neighbor,400,,,direct_float64_vectorized,4096,direct_certified,True,12.991431601047445,7.186545303150457e-05,0.9,0,,True
0.002237529748580158,,accuracy,cpu,7,auto,float64,,0.00011553103104233742,,spcauchy,,12.989194071298865,laplace,400,,,direct_float64_vectorized,4096,direct_certified,True,12.991431601047445,0.00017223119185723576,0.9,0,,True
0.0,,accuracy,cpu,7,auto,float64,,0.0002495250082574785,,spcauchy,,17.28727934792142,direct,400,,,direct_float64_vectorized,4096,direct_certified,True,17.28727934792142,0.0,0.95,0,,True
0.0010569984316148862,,accuracy,cpu,7,auto,float64,,0.000160413037519902,,spcauchy,,17.286222349489805,neighbor,400,,,direct_float64_vectorized,4096,direct_certified,True,17.28727934792142,6.114313365000242e-05,0.95,0,,True
0.0005448078714778148,,accuracy,cpu,7,auto,float64,,0.00012224901001900434,,spcauchy,,17.28673454004994,laplace,400,,,direct_float64_vectorized,4096,direct_certified,True,17.28727934792142,3.151495735755096e-05,0.95,0,,True
0.0,,accuracy,cpu,7,auto,float64,,0.0001710070064291358,,spcauchy,,22.87163718753106,direct,400,,,direct_float64_vectorized,4096,direct_certified,True,22.87163718753106,0.0,0.98,0,,True
0.001092734983792809,,accuracy,cpu,7,auto,float64,,0.0002184530021622777,,spcauchy,,22.870544452547268,neighbor,400,,,direct_float64_vectorized,4096,direct_certified,True,22.87163718753106,4.777685894687661e-05,0.98,0,,True
8.513906795926118e-05,,accuracy,cpu,7,auto,float64,,0.00011809600982815027,,spcauchy,,22.8715520484631,laplace,400,,,direct_float64_vectorized,4096,direct_certified,True,22.87163718753106,3.722473702305687e-06,0.98,0,,True
0.0,,accuracy,cpu,7,auto,float64,,0.00021785800345242023,,spcauchy,,27.060056203865656,direct,400,,,direct_float64_vectorized,4096,direct_certified,True,27.060056203865656,0.0,0.99,0,,True
0.0010978189737969046,,accuracy,cpu,7,auto,float64,,0.00014806102262809873,,spcauchy,,27.05895838489186,neighbor,400,,,direct_float64_vectorized,4096,direct_certified,True,27.060056203865656,4.056972260242667e-05,0.99,0,,True
2.109197572508492e-05,,accuracy,cpu,7,auto,float64,,0.00011391699081286788,,spcauchy,,27.06003511188993,laplace,400,,,direct_float64_vectorized,4096,direct_certified,True,27.060056203865656,7.794505512546509e-07,0.99,0,,True
0.0,,accuracy,cpu,7,auto,float64,,0.00012731296010315418,,spcauchy,,31.233825032937368,direct,400,,,direct_float64_vectorized,4096,direct_certified,True,31.233825032937368,0.0,0.995,0,,True
0.0010990814459646003,,accuracy,cpu,7,auto,float64,,0.00014926400035619736,,spcauchy,,31.232725951491403,neighbor,400,,,direct_float64_vectorized,4096,direct_certified,True,31.233825032937368,3.518881996699326e-05,0.995,0,,True
5.247892957527256e-06,,accuracy,cpu,7,auto,float64,,0.00011397397611290216,,spcauchy,,31.23381978504441,laplace,400,,,direct_float64_vectorized,4096,direct_certified,True,31.233825032937368,1.6801954137839775e-07,0.995,0,,True
0.0,,accuracy,cpu,7,auto,float64,,0.00017184397438541055,,spcauchy,,40.902416259253044,direct,400,,,direct_float64_vectorized,4096,direct_certified,True,40.902416259253044,0.0,0.999,0,,True
0.0010994833695789907,,accuracy,cpu,7,auto,float64,,0.00015645497478544712,,spcauchy,,40.901316775883465,neighbor,400,,,direct_float64_vectorized,4096,direct_certified,True,40.902416259253044,2.688064594057479e-05,0.999,0,,True
2.1112067827289138e-07,,accuracy,cpu,7,auto,float64,,0.0001269050408154726,,spcauchy,,40.902416048132366,laplace,400,,,direct_float64_vectorized,4096,direct_certified,True,40.902416259253044,5.161569843080631e-09,0.999,0,,True
0.0,,accuracy,cpu,8,auto,float64,,0.0001990960445255041,,spcauchy,,0.0,direct,400,,,direct_float64_vectorized,4096,direct_certified,True,0.0,0.0,0.0,0,,True
0.0,,accuracy,cpu,8,auto,float64,,0.0001826719962991774,,spcauchy,,0.0,neighbor,400,,,direct_float64_vectorized,4096,direct_certified,True,0.0,0.0,0.0,0,,True
1.185854989389605e-05,,accuracy,cpu,8,auto,float64,,0.00011703604832291603,,spcauchy,,1.185854989389605e-05,laplace,400,,,direct_float64_vectorized,4096,direct_certified,True,0.0,11858549.89389605,0.0,0,,True
0.0,,accuracy,cpu,8,auto,float64,,0.0003109259996563196,,spcauchy,,0.0012250245024501751,direct,400,,,direct_float64_vectorized,4096,direct_certified,True,0.0012250245024501751,0.0,0.01,0,,True
0.0,,accuracy,cpu,8,auto,float64,,0.0001716159749776125,,spcauchy,,0.0012250245024501751,neighbor,400,,,direct_float64_vectorized,4096,direct_certified,True,0.0012250245024501751,0.0,0.01,0,,True
3.9127114020409345e-05,,accuracy,cpu,8,auto,float64,,0.00011678296141326427,,spcauchy,,0.0011858973884297658,laplace,400,,,direct_float64_vectorized,4096,direct_certified,True,0.0012250245024501751,0.03193986238001859,0.01,0,,True
0.0,,accuracy,cpu,8,auto,float64,,0.00015835202066227794,,spcauchy,,0.12274746764117678,direct,400,,,direct_float64_vectorized,4096,direct_certified,True,0.12274746764117678,0.0,0.1,0,,True
0.0,,accuracy,cpu,8,auto,float64,,0.00021605304209515452,,spcauchy,,0.12274746764117678,neighbor,400,,,direct_float64_vectorized,4096,direct_certified,True,0.12274746764117678,0.0,0.1,0,,True
0.0037353934698237945,,accuracy,cpu,8,auto,float64,,0.00014663697220385075,,spcauchy,,0.11901207417135298,laplace,400,,,direct_float64_vectorized,4096,direct_certified,True,0.12274746764117678,0.03043153184017885,0.1,0,,True
0.0,,accuracy,cpu,8,auto,float64,,0.00016743701416999102,,spcauchy,,0.7758215685359149,direct,400,,,direct_float64_vectorized,4096,direct_certified,True,0.7758215685359149,0.0,0.25,0,,True
0.0,,accuracy,cpu,8,auto,float64,,0.00016597099602222443,,spcauchy,,0.7758215685359149,neighbor,400,,,direct_float64_vectorized,4096,direct_certified,True,0.7758215685359149,0.0,0.25,0,,True
0.01823759631527322,,accuracy,cpu,8,auto,float64,,0.00011614098912104964,,spcauchy,,0.7575839722206417,laplace,400,,,direct_float64_vectorized,4096,direct_certified,True,0.7758215685359149,0.023507462353347747,0.25,0,,True
0.0,,accuracy,cpu,8,auto,float64,,0.0001607519807294011,,spcauchy,,3.262472423829133,direct,400,,,direct_float64_vectorized,4096,direct_certified,True,3.262472423829133,0.0,0.5,0,,True
0.0,,accuracy,cpu,8,auto,float64,,0.00016082701040431857,,spcauchy,,3.262472423829133,neighbor,400,,,direct_float64_vectorized,4096,direct_certified,True,3.262472423829133,0.0,0.5,0,,True
0.029325759709086796,,accuracy,cpu,8,auto,float64,,0.00011528498725965619,,spcauchy,,3.233146664120046,laplace,400,,,direct_float64_vectorized,4096,direct_certified,True,3.262472423829133,0.00898881458580037,0.5,0,,True
0.0,,accuracy,cpu,8,auto,float64,,0.00016357196727767587,,spcauchy,,8.428412609947525,direct,400,,,direct_float64_vectorized,4096,direct_certified,True,8.428412609947525,0.0,0.75,0,,True
0.0,,accuracy,cpu,8,auto,float64,,0.00019698799587786198,,spcauchy,,8.428412609947525,neighbor,400,,,direct_float64_vectorized,4096,direct_certified,True,8.428412609947525,0.0,0.75,0,,True
0.011043970485635768,,accuracy,cpu,8,auto,float64,,0.000113181013148278,,spcauchy,,8.41736863946189,laplace,400,,,direct_float64_vectorized,4096,direct_certified,True,8.428412609947525,0.0013103262733721963,0.75,0,,True
0.0,,accuracy,cpu,8,auto,float64,,0.0002422959660179913,,spcauchy,,15.250714897751557,direct,400,,,direct_float64_vectorized,4096,direct_certified,True,15.250714897751557,0.0,0.9,0,,True
0.0,,accuracy,cpu,8,auto,float64,,0.00016175000928342342,,spcauchy,,15.250714897751557,neighbor,400,,,direct_float64_vectorized,4096,direct_certified,True,15.250714897751557,0.0,0.9,0,,True
0.0017728519409523358,,accuracy,cpu,8,auto,float64,,0.00011444400297477841,,spcauchy,,15.248942045810605,laplace,400,,,direct_float64_vectorized,4096,direct_certified,True,15.250714897751557,0.00011624713679577807,0.9,0,,True
0.0,,accuracy,cpu,8,auto,float64,,0.00016597501235082746,,spcauchy,,20.263974464921265,direct,400,,,direct_float64_vectorized,4096,direct_certified,True,20.263974464921265,0.0,0.95,0,,True
0.0,,accuracy,cpu,8,auto,float64,,0.0001887899707071483,,spcauchy,,20.263974464921265,neighbor,400,,,direct_float64_vectorized,4096,direct_certified,True,20.263974464921265,0.0,0.95,0,,True
0.00043000423625372264,,accuracy,cpu,8,auto,float64,,0.00011095800437033176,,spcauchy,,20.26354446068501,laplace,400,,,direct_float64_vectorized,4096,direct_certified,True,20.263974464921265,2.1220133148020794e-05,0.95,0,,True
0.0,,accuracy,cpu,8,auto,float64,,0.00016531796427443624,,spcauchy,,26.77944483481937,direct,400,,,direct_float64_vectorized,4096,direct_certified,True,26.77944483481937,0.0,0.98,0,,True
0.0,,accuracy,cpu,8,auto,float64,,0.00016352097736671567,,spcauchy,,26.77944483481937,neighbor,400,,,direct_float64_vectorized,4096,direct_certified,True,26.77944483481937,0.0,0.98,0,,True
6.711976903872596e-05,,accuracy,cpu,8,auto,float64,,0.00011578097473829985,,spcauchy,,26.77937771505033,laplace,400,,,direct_float64_vectorized,4096,direct_certified,True,26.77944483481937,2.5063913554867648e-06,0.98,0,,True
0.0,,accuracy,cpu,8,auto,float64,,0.00018673797603696585,,spcauchy,,31.665987371025267,direct,400,,,direct_float64_vectorized,4096,direct_certified,True,31.665987371025267,0.0,0.99,0,,True
0.0,,accuracy,cpu,8,auto,float64,,0.00016247195890173316,,spcauchy,,31.665987371025267,neighbor,400,,,direct_float64_vectorized,4096,direct_certified,True,31.665987371025267,0.0,0.99,0,,True
1.662511457922733e-05,,accuracy,cpu,8,auto,float64,,0.00011714000720530748,,spcauchy,,31.665970745910688,laplace,400,,,direct_float64_vectorized,4096,direct_certified,True,31.665987371025267,5.250148806172864e-07,0.99,0,,True
0.0,,accuracy,cpu,8,auto,float64,,0.0001795319840312004,,spcauchy,,36.535397613878814,direct,400,,,direct_float64_vectorized,4096,direct_certified,True,36.535397613878814,0.0,0.995,0,,True
0.0,,accuracy,cpu,8,auto,float64,,0.0002647769870236516,,spcauchy,,36.535397613878814,neighbor,400,,,direct_float64_vectorized,4096,direct_certified,True,36.535397613878814,0.0,0.995,0,,True
4.136326978709803e-06,,accuracy,cpu,8,auto,float64,,0.00018541503231972456,,spcauchy,,36.535393477551835,laplace,400,,,direct_float64_vectorized,4096,direct_certified,True,36.535397613878814,1.1321423191897942e-07,0.995,0,,True
0.0,,accuracy,cpu,8,auto,float64,,0.00021966698113828897,,spcauchy,,47.81542493278124,direct,400,,,direct_float64_vectorized,4096,direct_certified,True,47.81542493278124,0.0,0.999,0,,True
0.0,,accuracy,cpu,8,auto,float64,,0.000218883971683681,,spcauchy,,47.81542493278124,neighbor,400,,,direct_float64_vectorized,4096,direct_certified,True,47.81542493278124,0.0,0.999,0,,True
1.6716815309791855e-07,,accuracy,cpu,8,auto,float64,,0.00011203298345208168,,spcauchy,,47.81542476561309,laplace,400,,,direct_float64_vectorized,4096,direct_certified,True,47.81542493278124,3.496113510084308e-09,0.999,0,,True
0.0,,accuracy,cpu,9,auto,float64,,0.6386626919847913,,spcauchy,,0.0,direct,400,,,direct_float64_vectorized,4096,direct_certified,True,0.0,0.0,0.0,0,,True
0.0,,accuracy,cpu,9,auto,float64,,0.000380119017791003,,spcauchy,,0.0,neighbor,400,,,direct_float64_vectorized,4096,direct_certified,True,0.0,0.0,0.0,0,,True
1.3875952121260304e-05,,accuracy,cpu,9,auto,float64,,0.00022847100626677275,,spcauchy,,1.3875952121260304e-05,laplace,400,,,direct_float64_vectorized,4096,direct_certified,True,0.0,13875952.121260304,0.0,0,,True
2.168404344971009e-19,,accuracy,cpu,9,auto,float64,,0.0002248189994134009,,spcauchy,,0.0014222480836925068,direct,400,,,direct_float64_vectorized,4096,direct_certified,True,0.0014222480836925066,1.52463158139141e-16,0.01,0,,True
2.776692041204197e-07,,accuracy,cpu,9,auto,float64,,0.00024962000316008925,,spcauchy,,0.001422525752896627,neighbor,400,,,direct_float64_vectorized,4096,direct_certified,True,0.0014222480836925066,0.0001952326090674153,0.01,0,,True
3.461081637231569e-05,,accuracy,cpu,9,auto,float64,,0.00017821299843490124,,spcauchy,,0.0013876372673201909,laplace,400,,,direct_float64_vectorized,4096,direct_certified,True,0.0014222480836925066,0.024335287752652465,0.01,0,,True
0.0,,accuracy,cpu,9,auto,float64,,0.0002576939878053963,,spcauchy,,0.14248371236020585,direct,400,,,direct_float64_vectorized,4096,direct_certified,True,0.14248371236020585,0.0,0.1,0,,True
2.670406899618616e-05,,accuracy,cpu,9,auto,float64,,0.00017729599494487047,,spcauchy,,0.14251041642920204,neighbor,400,,,direct_float64_vectorized,4096,direct_certified,True,0.14248371236020585,0.0001874183971896869,0.1,0,,True
0.0033003777936415624,,accuracy,cpu,9,auto,float64,,0.00013110897270962596,,spcauchy,,0.1391833345665643,laplace,400,,,direct_float64_vectorized,4096,direct_certified,True,0.14248371236020585,0.023163193455389797,0.1,0,,True
0.0,,accuracy,cpu,9,auto,float64,,0.0001529279979877174,,spcauchy,,0.8997260169004265,direct,400,,,direct_float64_vectorized,4096,direct_certified,True,0.8997260169004265,0.0,0.25,0,,True
0.00013409493463412137,,accuracy,cpu,9,auto,float64,,0.0001520869554951787,,spcauchy,,0.8998601118350606,neighbor,400,,,direct_float64_vectorized,4096,direct_certified,True,0.8997260169004265,0.00014903974333884554,0.25,0,,True
0.016015454685327835,,accuracy,cpu,9,auto,float64,,0.00011654401896521449,,spcauchy,,0.8837105622150987,laplace,400,,,direct_float64_vectorized,4096,direct_certified,True,0.8997260169004265,0.01780036853941535,0.25,0,,True
0.0,,accuracy,cpu,9,auto,float64,,0.00014667899813503027,,spcauchy,,3.771984665702621,direct,400,,,direct_float64_vectorized,4096,direct_certified,True,3.771984665702621,0.0,0.5,0,,True
0.0001866646556738516,,accuracy,cpu,9,auto,float64,,0.00015272200107574463,,spcauchy,,3.7721713303582947,neighbor,400,,,direct_float64_vectorized,4096,direct_certified,True,3.771984665702621,4.948711943903964e-05,0.5,0,,True
0.02522801586968093,,accuracy,cpu,9,auto,float64,,0.00011769699631258845,,spcauchy,,3.74675664983294,laplace,400,,,direct_float64_vectorized,4096,direct_certified,True,3.771984665702621,0.006688260453196095,0.5,0,,True
0.0,,accuracy,cpu,9,auto,float64,,0.00015516695566475391,,spcauchy,,9.703586168012228,direct,400,,,direct_float64_vectorized,4096,direct_certified,True,9.703586168012228,0.0,0.75,0,,True
0.00019026359291629547,,accuracy,cpu,9,auto,float64,,0.00025653099874034524,,spcauchy,,9.703395904419311,neighbor,400,,,direct_float64_vectorized,4096,direct_certified,True,9.703586168012228,1.9607554322905632e-05,0.75,0,,True
0.009242371533909832,,accuracy,cpu,9,auto,float64,,0.000180586997885257,,spcauchy,,9.694343796478318,laplace,400,,,direct_float64_vectorized,4096,direct_certified,True,9.703586168012228,0.0009524696719216257,0.75,0,,True
0.0,,accuracy,cpu,9,auto,float64,,0.00014866102719679475,,spcauchy,,17.50876767265388,direct,400,,,direct_float64_vectorized,4096,direct_certified,True,17.50876767265388,0.0,0.9,0,,True
0.0004238446699602605,,accuracy,cpu,9,auto,float64,,0.00019241200061514974,,spcauchy,,17.50834382798392,neighbor,400,,,direct_float64_vectorized,4096,direct_certified,True,17.50876767265388,2.420756719630494e-05,0.9,0,,True
0.001464948952182965,,accuracy,cpu,9,auto,float64,,0.00013001600746065378,,spcauchy,,17.5073027237017,laplace,400,,,direct_float64_vectorized,4096,direct_certified,True,17.50876767265388,8.366944947650426e-05,0.9,0,,True
0.0,,accuracy,cpu,9,auto,float64,,0.00019859796157106757,,spcauchy,,23.239309874410907,direct,400,,,direct_float64_vectorized,4096,direct_certified,True,23.239309874410907,0.0,0.95,0,,True
0.00046157394348256275,,accuracy,cpu,9,auto,float64,,0.00017444900004193187,,spcauchy,,23.238848300467424,neighbor,400,,,direct_float64_vectorized,4096,direct_certified,True,23.239309874410907,1.9861774982862445e-05,0.95,0,,True
0.00035456275168854745,,accuracy,cpu,9,auto,float64,,0.0001146410359069705,,spcauchy,,23.23895531165922,laplace,400,,,direct_float64_vectorized,4096,direct_certified,True,23.239309874410907,1.5257025858541562e-05,0.95,0,,True
0.0,,accuracy,cpu,9,auto,float64,,0.00019304599845781922,,spcauchy,,30.685856510460603,direct,400,,,direct_float64_vectorized,4096,direct_certified,True,30.685856510460603,0.0,0.98,0,,True
0.00047199708950529384,,accuracy,cpu,9,auto,float64,,0.00014879100490361452,,spcauchy,,30.685384513371098,neighbor,400,,,direct_float64_vectorized,4096,direct_certified,True,30.685856510460603,1.5381584325156224e-05,0.98,0,,True
5.531029101035756e-05,,accuracy,cpu,9,auto,float64,,0.0001117910142056644,,spcauchy,,30.685801200169593,laplace,400,,,direct_float64_vectorized,4096,direct_certified,True,30.685856510460603,1.8024685408896e-06,0.98,0,,True
0.0,,accuracy,cpu,9,auto,float64,,0.00012038002023473382,,spcauchy,,36.27051746657171,direct,400,,,direct_float64_vectorized,4096,direct_certified,True,36.27051746657171,0.0,0.99,0,,True
0.00047345583246993783,,accuracy,cpu,9,auto,float64,,0.00014659500448033214,,spcauchy,,36.27004401073924,neighbor,400,,,direct_float64_vectorized,4096,direct_certified,True,36.27051746657171,1.3053462303268563e-05,0.99,0,,True
1.3698804032458156e-05,,accuracy,cpu,9,auto,float64,,0.00011066102888435125,,spcauchy,,36.27050376776768,laplace,400,,,direct_float64_vectorized,4096,direct_certified,True,36.27051746657171,3.776842733242914e-07,0.99,0,,True
0.0,,accuracy,cpu,9,auto,float64,,0.00020471401512622833,,spcauchy,,41.835567859656585,direct,400,,,direct_float64_vectorized,4096,direct_certified,True,41.835567859656585,0.0,0.995,0,,True
0.0004738169481015575,,accuracy,cpu,9,auto,float64,,0.00015914899995550513,,spcauchy,,41.835094042708484,neighbor,400,,,direct_float64_vectorized,4096,direct_certified,True,41.835567859656585,1.132569658647982e-05,0.995,0,,True
3.408198260501649e-06,,accuracy,cpu,9,auto,float64,,0.00011993199586868286,,spcauchy,,41.835564451458325,laplace,400,,,direct_float64_vectorized,4096,direct_certified,True,41.835567859656585,8.146652322098124e-08,0.995,0,,True
0.0,,accuracy,cpu,9,auto,float64,,0.00027367303846403956,,spcauchy,,54.72703086914733,direct,400,,,direct_float64_vectorized,4096,direct_certified,True,54.72703086914733,0.0,0.999,0,,True
0.00047393181152699526,,accuracy,cpu,9,auto,float64,,0.0002400929806753993,,spcauchy,,54.7265569373358,neighbor,400,,,direct_float64_vectorized,4096,direct_certified,True,54.72703086914733,8.659921870422118e-06,0.999,0,,True
1.384947054816621e-07,,accuracy,cpu,9,auto,float64,,0.000186271034181118,,spcauchy,,54.72703073065262,laplace,400,,,direct_float64_vectorized,4096,direct_certified,True,54.72703086914733,2.530645337087696e-09,0.999,0,,True
0.0,,accuracy,cpu,16,auto,float64,,0.00024961697636172175,,spcauchy,,0.0,direct,400,,,direct_float64_vectorized,4096,direct_certified,True,0.0,0.0,0.0,0,,True
0.0,,accuracy,cpu,16,auto,float64,,0.00018314598128199577,,spcauchy,,0.0,neighbor,400,,,direct_float64_vectorized,4096,direct_certified,True,0.0,0.0,0.0,0,,True
2.7933484321757563e-05,,accuracy,cpu,16,auto,float64,,0.00011524499859660864,,spcauchy,,2.7933484321757563e-05,laplace,400,,,direct_float64_vectorized,4096,direct_certified,True,0.0,27933484.321757562,0.0,0,,True
0.0,,accuracy,cpu,16,auto,float64,,0.00015842897119000554,,spcauchy,,0.002812531256458669,direct,400,,,direct_float64_vectorized,4096,direct_certified,True,0.002812531256458669,0.0,0.01,0,,True
0.0,,accuracy,cpu,16,auto,float64,,0.0001605760189704597,,spcauchy,,0.002812531256458669,neighbor,400,,,direct_float64_vectorized,4096,direct_certified,True,0.002812531256458669,0.0,0.01,0,,True
1.914190338975436e-05,,accuracy,cpu,16,auto,float64,,0.00013231899356469512,,spcauchy,,0.0027933893530689147,laplace,400,,,direct_float64_vectorized,4096,direct_certified,True,0.002812531256458669,0.006805934457011662,0.01,0,,True
0.0,,accuracy,cpu,16,auto,float64,,0.00017856602789834142,,spcauchy,,0.28156899216652664,direct,400,,,direct_float64_vectorized,4096,direct_certified,True,0.28156899216652664,0.0,0.1,0,,True
0.0,,accuracy,cpu,16,auto,float64,,0.00015537702711299062,,spcauchy,,0.28156899216652664,neighbor,400,,,direct_float64_vectorized,4096,direct_certified,True,0.28156899216652664,0.0,0.1,0,,True
0.0018170036367287645,,accuracy,cpu,16,auto,float64,,0.00011521996930241585,,spcauchy,,0.2797519885297979,laplace,400,,,direct_float64_vectorized,4096,direct_certified,True,0.28156899216652664,0.006453138261950894,0.1,0,,True
0.0,,accuracy,cpu,16,auto,float64,,0.0001987289870157838,,spcauchy,,1.771650518143394,direct,400,,,direct_float64_vectorized,4096,direct_certified,True,1.771650518143394,0.0,0.25,0,,True
0.0,,accuracy,cpu,16,auto,float64,,0.00016123999375849962,,spcauchy,,1.771650518143394,neighbor,400,,,direct_float64_vectorized,4096,direct_certified,True,1.771650518143394,0.0,0.25,0,,True
0.008612775150158347,,accuracy,cpu,16,auto,float64,,0.00016277498798444867,,spcauchy,,1.7630377429932356,laplace,400,,,direct_float64_vectorized,4096,direct_certified,True,1.771650518143394,0.0048614413858463065,0.25,0,,True
0.0,,accuracy,cpu,16,auto,float64,,0.00015696603804826736,,spcauchy,,7.344351652388673,direct,400,,,direct_float64_vectorized,4096,direct_certified,True,7.344351652388673,0.0,0.5,0,,True
0.0,,accuracy,cpu,16,auto,float64,,0.00015744101256132126,,spcauchy,,7.344351652388673,neighbor,400,,,direct_float64_vectorized,4096,direct_certified,True,7.344351652388673,0.0,0.5,0,,True
0.0126104657045234,,accuracy,cpu,16,auto,float64,,0.00011313299182802439,,spcauchy,,7.33174118668415,laplace,400,,,direct_float64_vectorized,4096,direct_certified,True,7.344351652388673,0.0017170291267877918,0.5,0,,True
0.0,,accuracy,cpu,16,auto,float64,,0.0002178919967263937,,spcauchy,,18.62261568880339,direct,400,,,direct_float64_vectorized,4096,direct_certified,True,18.62261568880339,0.0,0.75,0,,True
0.0,,accuracy,cpu,16,auto,float64,,0.00021376600489020348,,spcauchy,,18.62261568880339,neighbor,400,,,direct_float64_vectorized,4096,direct_certified,True,18.62261568880339,0.0,0.75,0,,True
0.00425671613030687,,accuracy,cpu,16,auto,float64,,0.00011541898129507899,,spcauchy,,18.618358972673082,laplace,400,,,direct_float64_vectorized,4096,direct_certified,True,18.62261568880339,0.00022857777883834903,0.75,0,,True
0.0,,accuracy,cpu,16,auto,float64,,0.00017957400996237993,,spcauchy,,33.30058854541965,direct,400,,,direct_float64_vectorized,4096,direct_certified,True,33.30058854541965,0.0,0.9,0,,True
0.0,,accuracy,cpu,16,auto,float64,,0.0002178570139221847,,spcauchy,,33.30058854541965,neighbor,400,,,direct_float64_vectorized,4096,direct_certified,True,33.30058854541965,0.0,0.9,0,,True
0.0006548681507112519,,accuracy,cpu,16,auto,float64,,0.00011626299237832427,,spcauchy,,33.29993367726894,laplace,400,,,direct_float64_vectorized,4096,direct_certified,True,33.30058854541965,1.9665362665229115e-05,0.9,0,,True
0.0,,accuracy,cpu,16,auto,float64,,0.00015675101894885302,,spcauchy,,44.05096040840313,direct,400,,,direct_float64_vectorized,4096,direct_certified,True,44.05096040840313,0.0,0.95,0,,True
0.0,,accuracy,cpu,16,auto,float64,,0.00015399500261992216,,spcauchy,,44.05096040840313,neighbor,400,,,direct_float64_vectorized,4096,direct_certified,True,44.05096040840313,0.0,0.95,0,,True
0.00015781136444559252,,accuracy,cpu,16,auto,float64,,0.00011053902562707663,,spcauchy,,44.05080259703868,laplace,400,,,direct_float64_vectorized,4096,direct_certified,True,44.05096040840313,3.5824727311845065e-06,0.95,0,,True
0.0,,accuracy,cpu,16,auto,float64,,0.00016829697415232658,,spcauchy,,58.014725862447655,direct,400,,,direct_float64_vectorized,4096,direct_certified,True,58.014725862447655,0.0,0.98,0,,True
0.0,,accuracy,cpu,16,auto,float64,,0.00019262800924479961,,spcauchy,,58.014725862447655,neighbor,400,,,direct_float64_vectorized,4096,direct_certified,True,58.014725862447655,0.0,0.98,0,,True
2.4588812685522043e-05,,accuracy,cpu,16,auto,float64,,0.0001880340278148651,,spcauchy,,58.01470127363497,laplace,400,,,direct_float64_vectorized,4096,direct_certified,True,58.014725862447655,4.238374364436691e-07,0.98,0,,True
0.0,,accuracy,cpu,16,auto,float64,,0.0001678479602560401,,spcauchy,,68.48617175301933,direct,400,,,direct_float64_vectorized,4096,direct_certified,True,68.48617175301933,0.0,0.99,0,,True
0.0,,accuracy,cpu,16,auto,float64,,0.00016252603381872177,,spcauchy,,68.48617175301933,neighbor,400,,,direct_float64_vectorized,4096,direct_certified,True,68.48617175301933,0.0,0.99,0,,True
6.088959281669304e-06,,accuracy,cpu,16,auto,float64,,0.00011464598355814815,,spcauchy,,68.48616566406005,laplace,400,,,direct_float64_vectorized,4096,direct_certified,True,68.48617175301933,8.89078645485957e-08,0.99,0,,True
0.0,,accuracy,cpu,16,auto,float64,,0.00016139703802764416,,spcauchy,,78.92069230757707,direct,400,,,direct_float64_vectorized,4096,direct_certified,True,78.92069230757707,0.0,0.995,0,,True
0.0,,accuracy,cpu,16,auto,float64,,0.00015973002882674336,,spcauchy,,78.92069230757707,neighbor,400,,,direct_float64_vectorized,4096,direct_certified,True,78.92069230757707,0.0,0.995,0,,True
1.5148947341003804e-06,,accuracy,cpu,16,auto,float64,,0.00012766203144565225,,spcauchy,,78.92069079268234,laplace,400,,,direct_float64_vectorized,4096,direct_certified,True,78.92069230757707,1.9195152624819756e-08,0.995,0,,True
0.0,,accuracy,cpu,16,auto,float64,,0.00015770801110193133,,spcauchy,,103.092201687538,direct,400,,,direct_float64_vectorized,4096,direct_certified,True,103.092201687538,0.0,0.999,0,,True
0.0,,accuracy,cpu,16,auto,float64,,0.0001566649880260229,,spcauchy,,103.092201687538,neighbor,400,,,direct_float64_vectorized,4096,direct_certified,True,103.092201687538,0.0,0.999,0,,True
6.542640562656743e-08,,accuracy,cpu,16,auto,float64,,0.00011372799053788185,,spcauchy,,103.09220162211159,laplace,400,,,direct_float64_vectorized,4096,direct_certified,True,103.092201687538,6.346397162500053e-10,0.999,0,,True
0.0,,accuracy,cpu,17,auto,float64,,0.00019674899522215128,,spcauchy,,0.0,direct,400,,,direct_float64_vectorized,4096,direct_certified,True,0.0,0.0,0.0,0,,True
0.0,,accuracy,cpu,17,auto,float64,,0.0003680619993247092,,spcauchy,,0.0,neighbor,400,,,direct_float64_vectorized,4096,direct_certified,True,0.0,0.0,0.0,0,,True
2.993762525679844e-05,,accuracy,cpu,17,auto,float64,,0.00014442100655287504,,spcauchy,,2.993762525679844e-05,laplace,400,,,direct_float64_vectorized,4096,direct_certified,True,0.0,29937625.25679844,0.0,0,,True
0.0,,accuracy,cpu,17,auto,float64,,0.0001643159775994718,,spcauchy,,0.003011796415688984,direct,400,,,direct_float64_vectorized,4096,direct_certified,True,0.003011796415688984,0.0,0.01,0,,True
4.0827446593644234e-08,,accuracy,cpu,17,auto,float64,,0.0001431090058758855,,spcauchy,,0.0030118372431355775,neighbor,400,,,direct_float64_vectorized,4096,direct_certified,True,0.003011796415688984,1.3555845402088532e-05,0.01,0,,True
1.7993050427479035e-05,,accuracy,cpu,17,auto,float64,,0.00011361099313944578,,spcauchy,,0.002993803365261505,laplace,400,,,direct_float64_vectorized,4096,direct_certified,True,0.003011796415688984,0.005974192124590504,0.01,0,,True
0.0,,accuracy,cpu,17,auto,float64,,0.00018401298439130187,,spcauchy,,0.30150055373875595,direct,400,,,direct_float64_vectorized,4096,direct_certified,True,0.30150055373875595,0.0,0.1,0,,True
3.866828875709327e-06,,accuracy,cpu,17,auto,float64,,0.0001438329927623272,,spcauchy,,0.30150442056763166,neighbor,400,,,direct_float64_vectorized,4096,direct_certified,True,0.30150055373875595,1.2825279515273643e-05,0.1,0,,True
0.001707304998477599,,accuracy,cpu,17,auto,float64,,0.00011670001549646258,,spcauchy,,0.29979324874027835,laplace,400,,,direct_float64_vectorized,4096,direct_certified,True,0.30150055373875595,0.005662692745688765,0.1,0,,True
0.0,,accuracy,cpu,17,auto,float64,,0.0001591769978404045,,spcauchy,,1.8965074924634302,direct,400,,,direct_float64_vectorized,4096,direct_certified,True,1.8965074924634302,0.0,0.25,0,,True
1.7811378289156465e-05,,accuracy,cpu,17,auto,float64,,0.00014247401850298047,,spcauchy,,1.8965253038417194,neighbor,400,,,direct_float64_vectorized,4096,direct_certified,True,1.8965074924634302,9.391673041070212e-06,0.25,0,,True
0.008077350138403272,,accuracy,cpu,17,auto,float64,,0.00011320301564410329,,spcauchy,,1.888430142325027,laplace,400,,,direct_float64_vectorized,4096,direct_certified,True,1.8965074924634302,0.004259065767207363,0.25,0,,True
0.0,,accuracy,cpu,17,auto,float64,,0.00015833898214623332,,spcauchy,,7.854990692582605,direct,400,,,direct_float64_vectorized,4096,direct_certified,True,7.854990692582605,0.0,0.5,0,,True
1.4368047997592726e-05,,accuracy,cpu,17,auto,float64,,0.00020173302618786693,,spcauchy,,7.855005060630603,neighbor,400,,,direct_float64_vectorized,4096,direct_certified,True,7.854990692582605,1.8291616833054098e-06,0.5,0,,True
0.011761331200666802,,accuracy,cpu,17,auto,float64,,0.00011306197848170996,,spcauchy,,7.843229361381939,laplace,400,,,direct_float64_vectorized,4096,direct_certified,True,7.854990692582605,0.0014973068283547321,0.5,0,,True
0.0,,accuracy,cpu,17,auto,float64,,0.00022080302005633712,,spcauchy,,19.896227987217564,direct,400,,,direct_float64_vectorized,4096,direct_certified,True,19.896227987217564,0.0,0.75,0,,True
3.5245698285280014e-05,,accuracy,cpu,17,auto,float64,,0.0001489910064265132,,spcauchy,,19.89619274151928,neighbor,400,,,direct_float64_vectorized,4096,direct_certified,True,19.896227987217564,1.7714763978339913e-06,0.75,0,,True
0.0039492653898065555,,accuracy,cpu,17,auto,float64,,0.00011748395627364516,,spcauchy,,19.892278721827758,laplace,400,,,direct_float64_vectorized,4096,direct_certified,True,19.896227987217564,0.00019849317128572218,0.75,0,,True
0.0,,accuracy,cpu,17,auto,float64,,0.00016065500676631927,,spcauchy,,35.55562216069357,direct,400,,,direct_float64_vectorized,4096,direct_certified,True,35.55562216069357,0.0,0.9,0,,True
5.660158742415433e-05,,accuracy,cpu,17,auto,float64,,0.00014478701632469893,,spcauchy,,35.55556555910614,neighbor,400,,,direct_float64_vectorized,4096,direct_certified,True,35.55562216069357,1.5919166642153965e-06,0.9,0,,True
0.0006066029646163429,,accuracy,cpu,17,auto,float64,,0.00012747501023113728,,spcauchy,,35.55501555772895,laplace,400,,,direct_float64_vectorized,4096,direct_certified,True,35.55562216069357,1.7060676420589743e-05,0.9,0,,True
0.0,,accuracy,cpu,17,auto,float64,,0.00016148597933351994,,spcauchy,,47.02305297509301,direct,400,,,direct_float64_vectorized,4096,direct_certified,True,47.02305297509301,0.0,0.95,0,,True
5.96080925276965e-05,,accuracy,cpu,17,auto,float64,,0.00014407996786758304,,spcauchy,,47.02299336700048,neighbor,400,,,direct_float64_vectorized,4096,direct_certified,True,47.02305297509301,1.2676355267547066e-06,0.95,0,,True
0.00014614942870849745,,accuracy,cpu,17,auto,float64,,0.000114672991912812,,spcauchy,,47.0229068256643,laplace,400,,,direct_float64_vectorized,4096,direct_certified,True,47.02305297509301,3.1080378550901263e-06,0.95,0,,True
0.0,,accuracy,cpu,17,auto,float64,,0.00015559099847450852,,spcauchy,,61.91783355229011,direct,400,,,direct_float64_vectorized,4096,direct_certified,True,61.91783355229011,0.0,0.98,0,,True
6.041665419331821e-05,,accuracy,cpu,17,auto,float64,,0.00013901502825319767,,spcauchy,,61.91777313563592,neighbor,400,,,direct_float64_vectorized,4096,direct_certified,True,61.91783355229011,9.757552990334497e-07,0.98,0,,True
2.2770465321286792e-05,,accuracy,cpu,17,auto,float64,,0.00016474199946969748,,spcauchy,,61.91781078182479,laplace,400,,,direct_float64_vectorized,4096,direct_certified,True,61.91783355229011,3.6775293990312094e-07,0.98,0,,True
0.0,,accuracy,cpu,17,auto,float64,,0.00015332299517467618,,spcauchy,,73.08738932969896,direct,400,,,direct_float64_vectorized,4096,direct_certified,True,73.08738932969896,0.0,0.99,0,,True
6.0529027933853286e-05,,accuracy,cpu,17,auto,float64,,0.00013746600598096848,,spcauchy,,73.08732880067103,neighbor,400,,,direct_float64_vectorized,4096,direct_certified,True,73.08738932969896,8.281733482202434e-07,0.99,0,,True
5.63863660829611e-06,,accuracy,cpu,17,auto,float64,,0.00011123099830001593,,spcauchy,,73.08738369106236,laplace,400,,,direct_float64_vectorized,4096,direct_certified,True,73.08738932969896,7.714924092937683e-08,0.99,0,,True
0.0,,accuracy,cpu,17,auto,float64,,0.00034409400541335344,,spcauchy,,84.21754792304006,direct,400,,,direct_float64_vectorized,4096,direct_certified,True,84.21754792304006,0.0,0.995,0,,True
6.055681606653707e-05,,accuracy,cpu,17,auto,float64,,0.00022694695508107543,,spcauchy,,84.21748736622399,neighbor,400,,,direct_float64_vectorized,4096,direct_certified,True,84.21754792304006,7.190522350742779e-07,0.995,0,,True
1.4028641714958212e-06,,accuracy,cpu,17,auto,float64,,0.0001422519562765956,,spcauchy,,84.21754652017589,laplace,400,,,direct_float64_vectorized,4096,direct_certified,True,84.21754792304006,1.6657623097478343e-08,0.995,0,,True
0.0,,accuracy,cpu,17,auto,float64,,0.0001870450214482844,,spcauchy,,110.00049232205959,direct,400,,,direct_float64_vectorized,4096,direct_certified,True,110.00049232205959,0.0,0.999,0,,True
6.056565237599898e-05,,accuracy,cpu,17,auto,float64,,0.00014089600881561637,,spcauchy,,110.00043175640721,neighbor,400,,,direct_float64_vectorized,4096,direct_certified,True,110.00049232205959,5.505943755112912e-07,0.999,0,,True
6.1300909237616e-08,,accuracy,cpu,17,auto,float64,,0.0001105989795178175,,spcauchy,,110.00049226075868,laplace,400,,,direct_float64_vectorized,4096,direct_certified,True,110.00049232205959,5.572784988828878e-10,0.999,0,,True
0.0,,accuracy,cpu,32,auto,float64,,0.0001555169583298266,,spcauchy,,0.0,direct,400,,,direct_float64_vectorized,4096,direct_certified,True,0.0,0.0,0.0,0,,True
0.0,,accuracy,cpu,32,auto,float64,,0.0001974289771169424,,spcauchy,,0.0,neighbor,400,,,direct_float64_vectorized,4096,direct_certified,True,0.0,0.0,0.0,0,,True
5.996776274879226e-05,,accuracy,cpu,32,auto,float64,,0.00016279600095003843,,spcauchy,,5.996776274879226e-05,laplace,400,,,direct_float64_vectorized,4096,direct_certified,True,0.0,59967762.74879226,0.0,0,,True
0.0,,accuracy,cpu,32,auto,float64,,0.0001532400492578745,,spcauchy,,0.006006285346978035,direct,400,,,direct_float64_vectorized,4096,direct_certified,True,0.006006285346978035,0.0,0.01,0,,True
0.0,,accuracy,cpu,32,auto,float64,,0.00015064195031300187,,spcauchy,,0.006006285346978035,neighbor,400,,,direct_float64_vectorized,4096,direct_certified,True,0.006006285346978035,0.0,0.01,0,,True
9.468819150924498e-06,,accuracy,cpu,32,auto,float64,,0.0001335740089416504,,spcauchy,,0.0059968165278271104,laplace,400,,,direct_float64_vectorized,4096,direct_certified,True,0.006006285346978035,0.0015764850658799587,0.01,0,,True
0.0,,accuracy,cpu,32,auto,float64,,0.00018267903942614794,,spcauchy,,0.6009944549551368,direct,400,,,direct_float64_vectorized,4096,direct_certified,True,0.6009944549551368,0.0,0.1,0,,True
0.0,,accuracy,cpu,32,auto,float64,,0.00017019495135173202,,spcauchy,,0.6009944549551368,neighbor,400,,,direct_float64_vectorized,4096,direct_certified,True,0.6009944549551368,0.0,0.1,0,,True
0.0008957683806031236,,accuracy,cpu,32,auto,float64,,0.00011508801253512502,,spcauchy,,0.6000986865745337,laplace,400,,,direct_float64_vectorized,4096,direct_certified,True,0.6009944549551368,0.0014904769473621702,0.1,0,,True
0.0,,accuracy,cpu,32,auto,float64,,0.0001828150125220418,,spcauchy,,3.771720828684164,direct,400,,,direct_float64_vectorized,4096,direct_certified,True,3.771720828684164,0.0,0.25,0,,True
0.0,,accuracy,cpu,32,auto,float64,,0.00016082997899502516,,spcauchy,,3.771720828684164,neighbor,400,,,direct_float64_vectorized,4096,direct_certified,True,3.771720828684164,0.0,0.25,0,,True
0.004175027044920565,,accuracy,cpu,32,auto,float64,,0.0001560910022817552,,spcauchy,,3.7675458016392436,laplace,400,,,direct_float64_vectorized,4096,direct_certified,True,3.771720828684164,0.0011069289681169489,0.25,0,,True
0.0,,accuracy,cpu,32,auto,float64,,0.00015563599299639463,,spcauchy,,15.516270670802742,direct,400,,,direct_float64_vectorized,4096,direct_certified,True,15.516270670802742,0.0,0.5,0,,True
0.0,,accuracy,cpu,32,auto,float64,,0.0001525710104033351,,spcauchy,,15.516270670802742,neighbor,400,,,direct_float64_vectorized,4096,direct_certified,True,15.516270670802742,0.0,0.5,0,,True
0.0058349445690204504,,accuracy,cpu,32,auto,float64,,0.00011005898704752326,,spcauchy,,15.510435726233721,laplace,400,,,direct_float64_vectorized,4096,direct_certified,True,15.516270670802742,0.0003760532857937427,0.5,0,,True
0.0,,accuracy,cpu,32,auto,float64,,0.000157792994286865,,spcauchy,,38.99559843136275,direct,400,,,direct_float64_vectorized,4096,direct_certified,True,38.99559843136275,0.0,0.75,0,,True
0.0,,accuracy,cpu,32,auto,float64,,0.00015630503185093403,,spcauchy,,38.99559843136275,neighbor,400,,,direct_float64_vectorized,4096,direct_certified,True,38.99559843136275,0.0,0.75,0,,True
0.0018908803005146524,,accuracy,cpu,32,auto,float64,,0.00011285103391855955,,spcauchy,,38.993707551062236,laplace,400,,,direct_float64_vectorized,4096,direct_certified,True,38.99559843136275,4.848958283953108e-05,0.75,0,,True
0.0,,accuracy,cpu,32,auto,float64,,0.00022180401720106602,,spcauchy,,69.37362525820589,direct,400,,,direct_float64_vectorized,4096,direct_certified,True,69.37362525820589,0.0,0.9,0,,True
0.0,,accuracy,cpu,32,auto,float64,,0.00017121603013947606,,spcauchy,,69.37362525820589,neighbor,400,,,direct_float64_vectorized,4096,direct_certified,True,69.37362525820589,0.0,0.9,0,,True
0.0002875538469879757,,accuracy,cpu,32,auto,float64,,0.00011742900824174285,,spcauchy,,69.3733377043589,laplace,400,,,direct_float64_vectorized,4096,direct_certified,True,69.37362525820589,4.145002454718369e-06,0.9,0,,True
0.0,,accuracy,cpu,32,auto,float64,,0.00024342502001672983,,spcauchy,,91.59656629240034,direct,400,,,direct_float64_vectorized,4096,direct_certified,True,91.59656629240034,0.0,0.95,0,,True
0.0,,accuracy,cpu,32,auto,float64,,0.00020834500901401043,,spcauchy,,91.59656629240034,neighbor,400,,,direct_float64_vectorized,4096,direct_certified,True,91.59656629240034,0.0,0.95,0,,True
6.919096306035044e-05,,accuracy,cpu,32,auto,float64,,0.0002912330091930926,,spcauchy,,91.59649710143728,laplace,400,,,direct_float64_vectorized,4096,direct_certified,True,91.59656629240034,7.553881751361146e-07,0.95,0,,True
0.0,,accuracy,cpu,32,auto,float64,,0.0001564989797770977,,spcauchy,,120.45647329361876,direct,400,,,direct_float64_vectorized,4096,direct_certified,True,120.45647329361876,0.0,0.98,0,,True
0.0,,accuracy,cpu,32,auto,float64,,0.00015681498916819692,,spcauchy,,120.45647329361876,neighbor,400,,,direct_float64_vectorized,4096,direct_certified,True,120.45647329361876,0.0,0.98,0,,True
1.0776425568792547e-05,,accuracy,cpu,32,auto,float64,,0.00011478399392217398,,spcauchy,,120.45646251719319,laplace,400,,,direct_float64_vectorized,4096,direct_certified,True,120.45647329361876,8.946323326704463e-08,0.98,0,,True
0.0,,accuracy,cpu,32,auto,float64,,0.00015651399735361338,,spcauchy,,142.09766342257214,direct,400,,,direct_float64_vectorized,4096,direct_certified,True,142.09766342257214,0.0,0.99,0,,True
0.0,,accuracy,cpu,32,auto,float64,,0.00015623500803485513,,spcauchy,,142.09766342257214,neighbor,400,,,direct_float64_vectorized,4096,direct_certified,True,142.09766342257214,0.0,0.99,0,,True
2.6684450347147504e-06,,accuracy,cpu,32,auto,float64,,0.00011218799045309424,,spcauchy,,142.0976607541271,laplace,400,,,direct_float64_vectorized,4096,direct_certified,True,142.09766342257214,1.8778950831719792e-08,0.99,0,,True
0.0,,accuracy,cpu,32,auto,float64,,0.0001605310244485736,,spcauchy,,163.66238914802926,direct,400,,,direct_float64_vectorized,4096,direct_certified,True,163.66238914802926,0.0,0.995,0,,True
0.0,,accuracy,cpu,32,auto,float64,,0.00016702100401744246,,spcauchy,,163.66238914802926,neighbor,400,,,direct_float64_vectorized,4096,direct_certified,True,163.66238914802926,0.0,0.995,0,,True
6.639942569108825e-07,,accuracy,cpu,32,auto,float64,,0.00011561001883819699,,spcauchy,,163.662388484035,laplace,400,,,direct_float64_vectorized,4096,direct_certified,True,163.66238914802926,4.057097420900494e-09,0.995,0,,True
0.0,,accuracy,cpu,32,auto,float64,,0.00018343102419748902,,spcauchy,,213.61685773600172,direct,400,,,direct_float64_vectorized,4096,direct_certified,True,213.61685773600172,0.0,0.999,0,,True
0.0,,accuracy,cpu,32,auto,float64,,0.00017716997535899282,,spcauchy,,213.61685773600172,neighbor,400,,,direct_float64_vectorized,4096,direct_certified,True,213.61685773600172,0.0,0.999,0,,True
3.6933158753527096e-08,,accuracy,cpu,32,auto,float64,,0.00015032599912956357,,spcauchy,,213.61685769906856,laplace,400,,,direct_float64_vectorized,4096,direct_certified,True,213.61685773600172,1.7289440142954878e-10,0.999,0,,True
0.0,,accuracy,cpu,33,auto,float64,,0.00015879800776019692,,spcauchy,,0.0,direct,400,,,direct_float64_vectorized,4096,direct_certified,True,0.0,0.0,0.0,0,,True
0.0,,accuracy,cpu,33,auto,float64,,0.00022719096159562469,,spcauchy,,0.0,neighbor,400,,,direct_float64_vectorized,4096,direct_certified,True,0.0,0.0,0.0,0,,True
6.196876929159822e-05,,accuracy,cpu,33,auto,float64,,0.00011382997035980225,,spcauchy,,6.196876929159822e-05,laplace,400,,,direct_float64_vectorized,4096,direct_certified,True,0.0,61968769.29159822,0.0,0,,True
0.0,,accuracy,cpu,33,auto,float64,,0.000176777015440166,,spcauchy,,0.006206096085989792,direct,400,,,direct_float64_vectorized,4096,direct_certified,True,0.006206096085989792,0.0,0.01,0,,True
5.566766253690958e-09,,accuracy,cpu,33,auto,float64,,0.00014085497241467237,,spcauchy,,0.006206101652756046,neighbor,400,,,direct_float64_vectorized,4096,direct_certified,True,0.006206096085989792,8.969835749494572e-07,0.01,0,,True
9.178923142920924e-06,,accuracy,cpu,33,auto,float64,,0.00011284102220088243,,spcauchy,,0.006196917162846871,laplace,400,,,direct_float64_vectorized,4096,direct_certified,True,0.006206096085989792,0.0014790172462270223,0.01,0,,True
0.0,,accuracy,cpu,33,auto,float64,,0.0001890799612738192,,spcauchy,,0.6209774695021573,direct,400,,,direct_float64_vectorized,4096,direct_certified,True,0.6209774695021573,0.0,0.1,0,,True
5.214914720053088e-07,,accuracy,cpu,33,auto,float64,,0.00015780201647430658,,spcauchy,,0.6209779909936293,neighbor,400,,,direct_float64_vectorized,4096,direct_certified,True,0.6209774695021573,8.397912929488291e-07,0.1,0,,True
0.0008682491019513794,,accuracy,cpu,33,auto,float64,,0.00011940603144466877,,spcauchy,,0.6201092204002059,laplace,400,,,direct_float64_vectorized,4096,direct_certified,True,0.6209774695021573,0.0013981974300089533,0.1,0,,True
0.0,,accuracy,cpu,33,auto,float64,,0.00016376300482079387,,spcauchy,,3.8968092768532014,direct,400,,,direct_float64_vectorized,4096,direct_certified,True,3.8968092768532014,0.0,0.25,0,,True
2.259991932707095e-06,,accuracy,cpu,33,auto,float64,,0.00014319800538942218,,spcauchy,,3.896811536845134,neighbor,400,,,direct_float64_vectorized,4096,direct_certified,True,3.8968092768532014,5.799595956957152e-07,0.25,0,,True
0.004044606595759337,,accuracy,cpu,33,auto,float64,,0.00011434697080403566,,spcauchy,,3.892764670257442,laplace,400,,,direct_float64_vectorized,4096,direct_certified,True,3.8968092768532014,0.001037927778447881,0.25,0,,True
0.0,,accuracy,cpu,33,auto,float64,,0.00021053297678008676,,spcauchy,,16.027067222950393,direct,400,,,direct_float64_vectorized,4096,direct_certified,True,16.027067222950393,0.0,0.5,0,,True
1.1122252203676908e-06,,accuracy,cpu,33,auto,float64,,0.00013883400242775679,,spcauchy,,16.027068335175613,neighbor,400,,,direct_float64_vectorized,4096,direct_certified,True,16.027067222950393,6.939667781358088e-08,0.5,0,,True
0.005644825781164542,,accuracy,cpu,33,auto,float64,,0.00013645197032019496,,spcauchy,,16.02142239716923,laplace,400,,,direct_float64_vectorized,4096,direct_certified,True,16.027067222950393,0.00035220578429229275,0.5,0,,True
0.0,,accuracy,cpu,33,auto,float64,,0.0001604800345376134,,spcauchy,,40.26873238626658,direct,400,,,direct_float64_vectorized,4096,direct_certified,True,40.26873238626658,0.0,0.75,0,,True
4.949797926201427e-06,,accuracy,cpu,33,auto,float64,,0.00014286499936133623,,spcauchy,,40.26872743646865,neighbor,400,,,direct_float64_vectorized,4096,direct_certified,True,40.26873238626658,1.229191393143909e-07,0.75,0,,True
0.0018272514673469686,,accuracy,cpu,33,auto,float64,,0.00011286698281764984,,spcauchy,,40.26690513479923,laplace,400,,,direct_float64_vectorized,4096,direct_certified,True,40.26873238626658,4.5376433750622415e-05,0.75,0,,True
0.0,,accuracy,cpu,33,auto,float64,,0.00018424895824864507,,spcauchy,,71.62792241660958,direct,400,,,direct_float64_vectorized,4096,direct_certified,True,71.62792241660958,0.0,0.9,0,,True
7.210891951103804e-06,,accuracy,cpu,33,auto,float64,,0.0001423350186087191,,spcauchy,,71.62791520571763,neighbor,400,,,direct_float64_vectorized,4096,direct_certified,True,71.62792241660958,1.006715217727953e-07,0.9,0,,True
0.00027779677846240247,,accuracy,cpu,33,auto,float64,,0.00012565997894853354,,spcauchy,,71.62764461983112,laplace,400,,,direct_float64_vectorized,4096,direct_certified,True,71.62792241660958,3.878330811365052e-06,0.9,0,,True
0.0,,accuracy,cpu,33,auto,float64,,0.00017944700084626675,,spcauchy,,94.56788662922543,direct,400,,,direct_float64_vectorized,4096,direct_certified,True,94.56788662922543,0.0,0.95,0,,True
7.517452544902881e-06,,accuracy,cpu,33,auto,float64,,0.0001423570211045444,,spcauchy,,94.56787911177288,neighbor,400,,,direct_float64_vectorized,4096,direct_certified,True,94.56788662922543,7.949265668140324e-08,0.95,0,,True
6.684074961071929e-05,,accuracy,cpu,33,auto,float64,,0.0001131140161305666,,spcauchy,,94.56781978847582,laplace,400,,,direct_float64_vectorized,4096,direct_certified,True,94.56788662922543,7.068017695349734e-07,0.95,0,,True
0.0,,accuracy,cpu,33,auto,float64,,0.00016654597129672766,,spcauchy,,124.35879915577327,direct,400,,,direct_float64_vectorized,4096,direct_certified,True,124.35879915577327,0.0,0.98,0,,True
7.5994321946382115e-06,,accuracy,cpu,33,auto,float64,,0.00018642295617610216,,spcauchy,,124.35879155634107,neighbor,400,,,direct_float64_vectorized,4096,direct_certified,True,124.35879915577327,6.110892229764197e-08,0.98,0,,True
1.0410280111727843e-05,,accuracy,cpu,33,auto,float64,,0.00011019501835107803,,spcauchy,,124.35878874549316,laplace,400,,,direct_float64_vectorized,4096,direct_certified,True,124.35879915577327,8.371164873253405e-08,0.98,0,,True
0.0,,accuracy,cpu,33,auto,float64,,0.00015300203813239932,,spcauchy,,146.69809783842447,direct,400,,,direct_float64_vectorized,4096,direct_certified,True,146.69809783842447,0.0,0.99,0,,True
7.610810200731066e-06,,accuracy,cpu,33,auto,float64,,0.0001402050256729126,,spcauchy,,146.69809022761427,neighbor,400,,,direct_float64_vectorized,4096,direct_certified,True,146.69809783842447,5.1880769504685254e-08,0.99,0,,True
2.577778161594324e-06,,accuracy,cpu,33,auto,float64,,0.00010913098230957985,,spcauchy,,146.6980952606463,laplace,400,,,direct_float64_vectorized,4096,direct_certified,True,146.69809783842447,1.7571994453762642e-08,0.99,0,,True
0.0,,accuracy,cpu,33,auto,float64,,0.0002735310117714107,,spcauchy,,168.95846127303062,direct,400,,,direct_float64_vectorized,4096,direct_certified,True,168.95846127303062,0.0,0.995,0,,True
7.613623211000231e-06,,accuracy,cpu,33,auto,float64,,0.00021790398750454187,,spcauchy,,168.9584536594074,neighbor,400,,,direct_float64_vectorized,4096,direct_certified,True,168.95846127303062,4.506210078876664e-08,0.995,0,,True
6.414425683942682e-07,,accuracy,cpu,33,auto,float64,,0.0002014070050790906,,spcauchy,,168.95846063158805,laplace,400,,,direct_float64_vectorized,4096,direct_certified,True,168.95846127303062,3.796451290815917e-09,0.995,0,,True
0.0,,accuracy,cpu,33,auto,float64,,0.00017352402210235596,,spcauchy,,220.52436477524415,direct,400,,,direct_float64_vectorized,4096,direct_certified,True,220.52436477524415,0.0,0.999,0,,True
7.614517670617715e-06,,accuracy,cpu,33,auto,float64,,0.00014421396190300584,,spcauchy,,220.52435716072648,neighbor,400,,,direct_float64_vectorized,4096,direct_certified,True,220.52436477524415,3.452914456132021e-08,0.999,0,,True
3.637268264355953e-08,,accuracy,cpu,33,auto,float64,,0.00011488102609291673,,spcauchy,,220.52436473887147,laplace,400,,,direct_float64_vectorized,4096,direct_certified,True,220.52436477524415,1.6493725163035903e-10,0.999,0,,True
0.0,,accuracy,cpu,64,auto,float64,,0.00016028102254495025,,spcauchy,,0.0,direct,400,,,direct_float64_vectorized,4096,direct_certified,True,0.0,0.0,0.0,0,,True
0.0,,accuracy,cpu,64,auto,float64,,0.00015931000234559178,,spcauchy,,0.0,neighbor,400,,,direct_float64_vectorized,4096,direct_certified,True,0.0,0.0,0.0,0,,True
0.00012398413301452577,,accuracy,cpu,64,auto,float64,,0.0001260479912161827,,spcauchy,,0.00012398413301452577,laplace,400,,,direct_float64_vectorized,4096,direct_certified,True,0.0,123984133.01452577,0.0,0,,True
0.0,,accuracy,cpu,64,auto,float64,,0.00015762000111863017,,spcauchy,,0.01240316262200247,direct,400,,,direct_float64_vectorized,4096,direct_certified,True,0.01240316262200247,0.0,0.01,0,,True
0.0,,accuracy,cpu,64,auto,float64,,0.00018570100655779243,,spcauchy,,0.01240316262200247,neighbor,400,,,direct_float64_vectorized,4096,direct_certified,True,0.01240316262200247,0.0,0.01,0,,True
4.709370354412379e-06,,accuracy,cpu,64,auto,float64,,0.00011982599971815944,,spcauchy,,0.012398453251648057,laplace,400,,,direct_float64_vectorized,4096,direct_certified,True,0.01240316262200247,0.00037969109153323827,0.01,0,,True
0.0,,accuracy,cpu,64,auto,float64,,0.00017897103680297732,,spcauchy,,1.240725191526011,direct,400,,,direct_float64_vectorized,4096,direct_certified,True,1.240725191526011,0.0,0.1,0,,True
0.0,,accuracy,cpu,64,auto,float64,,0.00016465201042592525,,spcauchy,,1.240725191526011,neighbor,400,,,direct_float64_vectorized,4096,direct_certified,True,1.240725191526011,0.0,0.1,0,,True
0.00044469294912419244,,accuracy,cpu,64,auto,float64,,0.00014020997332409024,,spcauchy,,1.2402804985768867,laplace,400,,,direct_float64_vectorized,4096,direct_certified,True,1.240725191526011,0.00035841373429135355,0.1,0,,True
0.0,,accuracy,cpu,64,auto,float64,,0.00015944696497172117,,spcauchy,,7.775726827205162,direct,400,,,direct_float64_vectorized,4096,direct_certified,True,7.775726827205162,0.0,0.25,0,,True
0.0,,accuracy,cpu,64,auto,float64,,0.0001555840135551989,,spcauchy,,7.775726827205162,neighbor,400,,,direct_float64_vectorized,4096,direct_certified,True,7.775726827205162,0.0,0.25,0,,True
0.002054136936990858,,accuracy,cpu,64,auto,float64,,0.00011331395944580436,,spcauchy,,7.773672690268171,laplace,400,,,direct_float64_vectorized,4096,direct_certified,True,7.775726827205162,0.0002641729812065914,0.25,0,,True
0.0,,accuracy,cpu,64,auto,float64,,0.00019647297449409962,,spcauchy,,31.862281355805177,direct,400,,,direct_float64_vectorized,4096,direct_certified,True,31.862281355805177,0.0,0.5,0,,True
0.0,,accuracy,cpu,64,auto,float64,,0.0001574999769218266,,spcauchy,,31.862281355805177,neighbor,400,,,direct_float64_vectorized,4096,direct_certified,True,31.862281355805177,0.0,0.5,0,,True
0.0028064213086409495,,accuracy,cpu,64,auto,float64,,0.00011347304098308086,,spcauchy,,31.859474934496536,laplace,400,,,direct_float64_vectorized,4096,direct_certified,True,31.862281355805177,8.807973532408818e-05,0.5,0,,True
0.0,,accuracy,cpu,64,auto,float64,,0.0001566960127092898,,spcauchy,,79.73327473901917,direct,400,,,direct_float64_vectorized,4096,direct_certified,True,79.73327473901917,0.0,0.75,0,,True
0.0,,accuracy,cpu,64,auto,float64,,0.00015535199781879783,,spcauchy,,79.73327473901917,neighbor,400,,,direct_float64_vectorized,4096,direct_certified,True,79.73327473901917,0.0,0.75,0,,True
0.0008938451829294536,,accuracy,cpu,64,auto,float64,,0.00012275198241695762,,spcauchy,,79.73238089383624,laplace,400,,,direct_float64_vectorized,4096,direct_certified,True,79.73327473901917,1.1210441134584825e-05,0.75,0,,True
0.0,,accuracy,cpu,64,auto,float64,,0.00023470300948247313,,spcauchy,,141.50737817730345,direct,400,,,direct_float64_vectorized,4096,direct_certified,True,141.50737817730345,0.0,0.9,0,,True
0.0,,accuracy,cpu,64,auto,float64,,0.00022758898558095098,,spcauchy,,141.50737817730345,neighbor,400,,,direct_float64_vectorized,4096,direct_certified,True,141.50737817730345,0.0,0.9,0,,True
0.0001353280497085052,,accuracy,cpu,64,auto,float64,,0.00018313300097361207,,spcauchy,,141.50724284925374,laplace,400,,,direct_float64_vectorized,4096,direct_certified,True,141.50737817730345,9.563321110998482e-07,0.9,0,,True
0.0,,accuracy,cpu,64,auto,float64,,0.00018280401127412915,,spcauchy,,186.67490624696876,direct,400,,,direct_float64_vectorized,4096,direct_certified,True,186.67490624696876,0.0,0.95,0,,True
0.0,,accuracy,cpu,64,auto,float64,,0.0001594190252944827,,spcauchy,,186.67490624696876,neighbor,400,,,direct_float64_vectorized,4096,direct_certified,True,186.67490624696876,0.0,0.95,0,,True
3.254421005749464e-05,,accuracy,cpu,64,auto,float64,,0.00011279294267296791,,spcauchy,,186.6748737027587,laplace,400,,,direct_float64_vectorized,4096,direct_certified,True,186.67490624696876,1.7433628714102055e-07,0.95,0,,True
0.0,,accuracy,cpu,64,auto,float64,,0.00016710400814190507,,spcauchy,,245.32694872265148,direct,400,,,direct_float64_vectorized,4096,direct_certified,True,245.32694872265148,0.0,0.98,0,,True
0.0,,accuracy,cpu,64,auto,float64,,0.00015984999481588602,,spcauchy,,245.32694872265148,neighbor,400,,,direct_float64_vectorized,4096,direct_certified,True,245.32694872265148,0.0,0.98,0,,True
5.0679805951858725e-06,,accuracy,cpu,64,auto,float64,,0.00011274701682850718,,spcauchy,,245.32694365467088,laplace,400,,,direct_float64_vectorized,4096,direct_certified,True,245.32694872265148,2.06580672102002e-08,0.98,0,,True
0.0,,accuracy,cpu,64,auto,float64,,0.00015695398906245828,,spcauchy,,289.3076068337526,direct,400,,,direct_float64_vectorized,4096,direct_certified,True,289.3076068337526,0.0,0.99,0,,True
0.0,,accuracy,cpu,64,auto,float64,,0.00015619100304320455,,spcauchy,,289.3076068337526,neighbor,400,,,direct_float64_vectorized,4096,direct_certified,True,289.3076068337526,0.0,0.99,0,,True
1.2549272128126177e-06,,accuracy,cpu,64,auto,float64,,0.0001106590498238802,,spcauchy,,289.30760557882536,laplace,400,,,direct_float64_vectorized,4096,direct_certified,True,289.3076068337526,4.337691727316896e-09,0.99,0,,True
0.0,,accuracy,cpu,64,auto,float64,,0.00019325001630932093,,spcauchy,,333.1327378338427,direct,400,,,direct_float64_vectorized,4096,direct_certified,True,333.1327378338427,0.0,0.995,0,,True
0.0,,accuracy,cpu,64,auto,float64,,0.00017995096277445555,,spcauchy,,333.1327378338427,neighbor,400,,,direct_float64_vectorized,4096,direct_certified,True,333.1327378338427,0.0,0.995,0,,True
3.12484473852237e-07,,accuracy,cpu,64,auto,float64,,0.00011328101390972733,,spcauchy,,333.13273752135825,laplace,400,,,direct_float64_vectorized,4096,direct_certified,True,333.1327378338427,9.380179080691117e-10,0.995,0,,True
0.0,,accuracy,cpu,64,auto,float64,,0.000165973964612931,,spcauchy,,434.6531232266054,direct,400,,,direct_float64_vectorized,4096,direct_certified,True,434.6531232266054,0.0,0.999,0,,True
0.0,,accuracy,cpu,64,auto,float64,,0.00018312898464500904,,spcauchy,,434.6531232266054,neighbor,400,,,direct_float64_vectorized,4096,direct_certified,True,434.6531232266054,0.0,0.999,0,,True
3.3744925076462096e-08,,accuracy,cpu,64,auto,float64,,0.0002662430051714182,,spcauchy,,434.65312319286045,laplace,400,,,direct_float64_vectorized,4096,direct_certified,True,434.6531232266054,7.763644909752382e-11,0.999,0,,True
0.0,,accuracy,cpu,128,auto,float64,,0.3419998220051639,,spcauchy,,0.0,direct,400,,,direct_float64_vectorized,4096,direct_certified,True,0.0,0.0,0.0,0,,True
0.0,,accuracy,cpu,128,auto,float64,,0.00019251502817496657,,spcauchy,,0.0,neighbor,400,,,direct_float64_vectorized,4096,direct_certified,True,0.0,0.0,0.0,0,,True
0.0002519921302441739,,accuracy,cpu,128,auto,float64,,0.00017947296146303415,,spcauchy,,0.0002519921302441739,laplace,400,,,direct_float64_vectorized,4096,direct_certified,True,0.0,251992130.24417388,0.0,0,,True
0.0,,accuracy,cpu,128,auto,float64,,0.00014595000538975,,spcauchy,,0.02520160135070596,direct,400,,,direct_float64_vectorized,4096,direct_certified,True,0.02520160135070596,0.0,0.01,0,,True
0.0,,accuracy,cpu,128,auto,float64,,0.0001240999554283917,,spcauchy,,0.02520160135070596,neighbor,400,,,direct_float64_vectorized,4096,direct_certified,True,0.02520160135070596,0.0,0.01,0,,True
2.3484917551011564e-06,,accuracy,cpu,128,auto,float64,,0.00012112304102629423,,spcauchy,,0.02519925285895086,laplace,400,,,direct_float64_vectorized,4096,direct_certified,True,0.02520160135070596,9.318819556025431e-05,0.01,0,,True
0.0,,accuracy,cpu,128,auto,float64,,0.00017992599168792367,,spcauchy,,2.52062311200185,direct,400,,,direct_float64_vectorized,4096,direct_certified,True,2.52062311200185,0.0,0.1,0,,True
0.0,,accuracy,cpu,128,auto,float64,,0.0001440210035070777,,spcauchy,,2.52062311200185,neighbor,400,,,direct_float64_vectorized,4096,direct_certified,True,2.52062311200185,0.0,0.1,0,,True
0.00022154751570946374,,accuracy,cpu,128,auto,float64,,0.00014994398225098848,,spcauchy,,2.5204015644861406,laplace,400,,,direct_float64_vectorized,4096,direct_certified,True,2.52062311200185,8.789394759358261e-05,0.1,0,,True
1.7763568394002505e-15,,accuracy,cpu,128,auto,float64,,0.00012652500299736857,,spcauchy,,15.785575258152472,direct,400,,,direct_float64_vectorized,4096,direct_certified,True,15.785575258152473,1.125303836160706e-16,0.25,0,,True
1.7763568394002505e-15,,accuracy,cpu,128,auto,float64,,0.00011591601651161909,,spcauchy,,15.785575258152472,neighbor,400,,,direct_float64_vectorized,4096,direct_certified,True,15.785575258152473,1.125303836160706e-16,0.25,0,,True
0.0010186647477983257,,accuracy,cpu,128,auto,float64,,0.00011595501564443111,,spcauchy,,15.784556593404675,laplace,400,,,direct_float64_vectorized,4096,direct_certified,True,15.785575258152473,6.453136684215772e-05,0.25,0,,True
0.0,,accuracy,cpu,128,auto,float64,,0.00014471798203885555,,spcauchy,,64.55497072633918,direct,400,,,direct_float64_vectorized,4096,direct_certified,True,64.55497072633918,0.0,0.5,0,,True
0.0,,accuracy,cpu,128,auto,float64,,0.00011473603080958128,,spcauchy,,64.55497072633918,neighbor,400,,,direct_float64_vectorized,4096,direct_certified,True,64.55497072633918,0.0,0.5,0,,True
0.0013763115277072302,,accuracy,cpu,128,auto,float64,,0.00011612800881266594,,spcauchy,,64.55359441481147,laplace,400,,,direct_float64_vectorized,4096,direct_certified,True,64.55497072633918,2.131999305741578e-05,0.5,0,,True
2.842170943040401e-14,,accuracy,cpu,128,auto,float64,,0.0001306929625570774,,spcauchy,,161.20446158858556,direct,400,,,direct_float64_vectorized,4096,direct_certified,True,161.2044615885856,1.7630845418497069e-16,0.75,0,,True
2.842170943040401e-14,,accuracy,cpu,128,auto,float64,,0.00012365099973976612,,spcauchy,,161.20446158858556,neighbor,400,,,direct_float64_vectorized,4096,direct_certified,True,161.2044615885856,1.7630845418497069e-16,0.75,0,,True
0.00043487734478731,,accuracy,cpu,128,auto,float64,,0.0001759040169417858,,spcauchy,,161.2040267112408,laplace,400,,,direct_float64_vectorized,4096,direct_certified,True,161.2044615885856,2.697675613328697e-06,0.75,0,,True
5.684341886080802e-14,,accuracy,cpu,128,auto,float64,,0.00014550599735230207,,spcauchy,,285.7690011751269,direct,400,,,direct_float64_vectorized,4096,direct_certified,True,285.76900117512685,1.9891387318799094e-16,0.9,0,,True
5.684341886080802e-14,,accuracy,cpu,128,auto,float64,,0.00012072001118212938,,spcauchy,,285.7690011751269,neighbor,400,,,direct_float64_vectorized,4096,direct_certified,True,285.76900117512685,1.9891387318799094e-16,0.9,0,,True
6.57109305279846e-05,,accuracy,cpu,128,auto,float64,,0.0001776220160536468,,spcauchy,,285.7689354641963,laplace,400,,,direct_float64_vectorized,4096,direct_certified,True,285.76900117512685,2.2994422158376512e-07,0.9,0,,True
0.0,,accuracy,cpu,128,auto,float64,,0.00013524299720302224,,spcauchy,,376.82547311254007,direct,400,,,direct_float64_vectorized,4096,direct_certified,True,376.82547311254007,0.0,0.95,0,,True
0.0,,accuracy,cpu,128,auto,float64,,0.00011830002767965198,,spcauchy,,376.82547311254007,neighbor,400,,,direct_float64_vectorized,4096,direct_certified,True,376.82547311254007,0.0,0.95,0,,True
1.5798519541476708e-05,,accuracy,cpu,128,auto,float64,,0.00016193301416933537,,spcauchy,,376.8254573140205,laplace,400,,,direct_float64_vectorized,4096,direct_certified,True,376.82547311254007,4.192529610852086e-08,0.95,0,,True
0.0,,accuracy,cpu,128,auto,float64,,0.0001465649693273008,,spcauchy,,495.0617250759496,direct,400,,,direct_float64_vectorized,4096,direct_certified,True,495.0617250759496,0.0,0.98,0,,True
0.0,,accuracy,cpu,128,auto,float64,,0.00013453298015519977,,spcauchy,,495.0617250759496,neighbor,400,,,direct_float64_vectorized,4096,direct_certified,True,495.0617250759496,0.0,0.98,0,,True
2.4600934125373897e-06,,accuracy,cpu,128,auto,float64,,0.00011885201092809439,,spcauchy,,495.0617226158562,laplace,400,,,direct_float64_vectorized,4096,direct_certified,True,495.0617250759496,4.9692660287158654e-09,0.98,0,,True
0.0,,accuracy,cpu,128,auto,float64,,0.0001266599865630269,,spcauchy,,583.7213106243894,direct,400,,,direct_float64_vectorized,4096,direct_certified,True,583.7213106243894,0.0,0.99,0,,True
0.0,,accuracy,cpu,128,auto,float64,,0.00016093399608507752,,spcauchy,,583.7213106243894,neighbor,400,,,direct_float64_vectorized,4096,direct_certified,True,583.7213106243894,0.0,0.99,0,,True
6.09211951996258e-07,,accuracy,cpu,128,auto,float64,,0.00013910396955907345,,spcauchy,,583.7213100151774,laplace,400,,,direct_float64_vectorized,4096,direct_certified,True,583.7213106243894,1.0436691977968083e-09,0.99,0,,True
0.0,,accuracy,cpu,128,auto,float64,,0.0001490009599365294,,spcauchy,,672.0672500657312,direct,400,,,direct_float64_vectorized,4096,direct_certified,True,672.0672500657312,0.0,0.995,0,,True
0.0,,accuracy,cpu,128,auto,float64,,0.00012586795492097735,,spcauchy,,672.0672500657312,neighbor,400,,,direct_float64_vectorized,4096,direct_certified,True,672.0672500657312,0.0,0.995,0,,True
1.521353851785534e-07,,accuracy,cpu,128,auto,float64,,0.00016147899441421032,,spcauchy,,672.0672499135958,laplace,400,,,direct_float64_vectorized,4096,direct_certified,True,672.0672500657312,2.2636928843605143e-10,0.995,0,,True
0.0,,accuracy,cpu,128,auto,float64,,0.00012535502901300788,,spcauchy,,876.7194683977965,direct,400,,,direct_float64_vectorized,4096,direct_certified,True,876.7194683977965,0.0,0.999,0,,True
0.0,,accuracy,cpu,128,auto,float64,,0.00014034699415788054,,spcauchy,,876.7194683977965,neighbor,400,,,direct_float64_vectorized,4096,direct_certified,True,876.7194683977965,0.0,0.999,0,,True
4.898947736364789e-08,,accuracy,cpu,128,auto,float64,,0.00011620699660852551,,spcauchy,,876.719468348807,laplace,400,,,direct_float64_vectorized,4096,direct_certified,True,876.7194683977965,5.5878167566161257e-11,0.999,0,,True
0.0,,accuracy,cpu,256,auto,float64,,0.6519623520434834,,spcauchy,,0.0,direct,400,,,direct_float64_vectorized,4096,direct_certified,True,0.0,0.0,0.0,0,,True
0.0,,accuracy,cpu,256,auto,float64,,0.00019951601279899478,,spcauchy,,0.0,neighbor,400,,,direct_float64_vectorized,4096,direct_certified,True,0.0,0.0,0.0,0,,True
0.0005079960824695348,,accuracy,cpu,256,auto,float64,,0.00016605004202574492,,spcauchy,,0.0005079960824695348,laplace,400,,,direct_float64_vectorized,4096,direct_certified,True,0.0,507996082.4695348,0.0,0,,True
0.0,,accuracy,cpu,256,auto,float64,,0.0001868479885160923,,spcauchy,,0.05080082079465772,direct,400,,,direct_float64_vectorized,4096,direct_certified,True,0.05080082079465772,0.0,0.01,0,,True
0.0,,accuracy,cpu,256,auto,float64,,0.00014445005217567086,,spcauchy,,0.05080082079465772,neighbor,400,,,direct_float64_vectorized,4096,direct_certified,True,0.05080082079465772,0.0,0.01,0,,True
1.1727060848579218e-06,,accuracy,cpu,256,auto,float64,,0.0001519939978606999,,spcauchy,,0.05079964808857286,laplace,400,,,direct_float64_vectorized,4096,direct_certified,True,0.05080082079465772,2.3084392466769852e-05,0.01,0,,True
0.0,,accuracy,cpu,256,auto,float64,,0.00017030403250828385,,spcauchy,,5.080636220385141,direct,400,,,direct_float64_vectorized,4096,direct_certified,True,5.080636220385141,0.0,0.1,0,,True
0.0,,accuracy,cpu,256,auto,float64,,0.00014048401499167085,,spcauchy,,5.080636220385141,neighbor,400,,,direct_float64_vectorized,4096,direct_certified,True,5.080636220385141,0.0,0.1,0,,True
0.00011057385928125996,,accuracy,cpu,256,auto,float64,,0.00014800799544900656,,spcauchy,,5.08052564652586,laplace,400,,,direct_float64_vectorized,4096,direct_certified,True,5.080636220385141,2.176378203139248e-05,0.1,0,,True
0.0,,accuracy,cpu,256,auto,float64,,0.00018049002392217517,,spcauchy,,31.80616492486515,direct,400,,,direct_float64_vectorized,4096,direct_certified,True,31.80616492486515,0.0,0.25,0,,True
0.0,,accuracy,cpu,256,auto,float64,,0.00015944894403219223,,spcauchy,,31.80616492486515,neighbor,400,,,direct_float64_vectorized,4096,direct_certified,True,31.80616492486515,0.0,0.25,0,,True
0.0005072245886630355,,accuracy,cpu,256,auto,float64,,0.0001475979806855321,,spcauchy,,31.805657700276488,laplace,400,,,direct_float64_vectorized,4096,direct_certified,True,31.80616492486515,1.594736711770308e-05,0.25,0,,True
0.0,,accuracy,cpu,256,auto,float64,,0.00015552598051726818,,spcauchy,,129.94058815512153,direct,400,,,direct_float64_vectorized,4096,direct_certified,True,129.94058815512153,0.0,0.5,0,,True
0.0,,accuracy,cpu,256,auto,float64,,0.00014094397192820907,,spcauchy,,129.94058815512153,neighbor,400,,,direct_float64_vectorized,4096,direct_certified,True,129.94058815512153,0.0,0.5,0,,True
0.0006815409496425673,,accuracy,cpu,256,auto,float64,,0.00014750199625268579,,spcauchy,,129.9399066141719,laplace,400,,,direct_float64_vectorized,4096,direct_certified,True,129.94058815512153,5.245019738012512e-06,0.5,0,,True
0.0,,accuracy,cpu,256,auto,float64,,0.00017651403322815895,,spcauchy,,324.14475833708406,direct,400,,,direct_float64_vectorized,4096,direct_certified,True,324.14475833708406,0.0,0.75,0,,True
0.0,,accuracy,cpu,256,auto,float64,,0.00015736703062430024,,spcauchy,,324.14475833708406,neighbor,400,,,direct_float64_vectorized,4096,direct_certified,True,324.14475833708406,0.0,0.75,0,,True
0.0002145272621305594,,accuracy,cpu,256,auto,float64,,0.00015260401414707303,,spcauchy,,324.1445438098219,laplace,400,,,direct_float64_vectorized,4096,direct_certified,True,324.14475833708406,6.618254857216249e-07,0.75,0,,True
1.1368683772161603e-13,,accuracy,cpu,256,auto,float64,,0.00014781003119423985,,spcauchy,,574.2893756890716,direct,400,,,direct_float64_vectorized,4096,direct_certified,True,574.2893756890714,1.9796089312153274e-16,0.9,0,,True
1.1368683772161603e-13,,accuracy,cpu,256,auto,float64,,0.00014620402362197638,,spcauchy,,574.2893756890716,neighbor,400,,,direct_float64_vectorized,4096,direct_certified,True,574.2893756890714,1.9796089312153274e-16,0.9,0,,True
3.238546230477368e-05,,accuracy,cpu,256,auto,float64,,0.00014678295701742172,,spcauchy,,574.2893433036091,laplace,400,,,direct_float64_vectorized,4096,direct_certified,True,574.2893756890714,5.639223651998681e-08,0.9,0,,True
0.0,,accuracy,cpu,256,auto,float64,,0.00013760902220383286,,spcauchy,,757.1236296643517,direct,400,,,direct_float64_vectorized,4096,direct_certified,True,757.1236296643517,0.0,0.95,0,,True
0.0,,accuracy,cpu,256,auto,float64,,0.00014055304927751422,,spcauchy,,757.1236296643517,neighbor,400,,,direct_float64_vectorized,4096,direct_certified,True,757.1236296643517,0.0,0.95,0,,True
7.785362072354474e-06,,accuracy,cpu,256,auto,float64,,0.00014768302207812667,,spcauchy,,757.1236218789896,laplace,400,,,direct_float64_vectorized,4096,direct_certified,True,757.1236296643517,1.0282814810318207e-08,0.95,0,,True
0.0,,accuracy,cpu,256,auto,float64,,0.00015758496010676026,,spcauchy,,994.5282724144693,direct,400,,,direct_float64_vectorized,4096,direct_certified,True,994.5282724144693,0.0,0.98,0,,True
0.0,,accuracy,cpu,256,auto,float64,,0.00014391099102795124,,spcauchy,,994.5282724144693,neighbor,400,,,direct_float64_vectorized,4096,direct_certified,True,994.5282724144693,0.0,0.98,0,,True
1.2123003898523166e-06,,accuracy,cpu,256,auto,float64,,0.00016239902470260859,,spcauchy,,994.5282712021689,laplace,400,,,direct_float64_vectorized,4096,direct_certified,True,994.5282724144693,1.2189702630666802e-09,0.98,0,,True
0.0,,accuracy,cpu,256,auto,float64,,0.00015298801008611917,,spcauchy,,1172.545708927786,direct,400,,,direct_float64_vectorized,4096,direct_certified,True,1172.545708927786,0.0,0.99,0,,True
0.0,,accuracy,cpu,256,auto,float64,,0.0001349099911749363,,spcauchy,,1172.545708927786,neighbor,400,,,direct_float64_vectorized,4096,direct_certified,True,1172.545708927786,0.0,0.99,0,,True
3.0031333153601736e-07,,accuracy,cpu,256,auto,float64,,0.00014630903024226427,,spcauchy,,1172.5457086274728,laplace,400,,,direct_float64_vectorized,4096,direct_certified,True,1172.545708927786,2.561207885112075e-10,0.99,0,,True
0.0,,accuracy,cpu,256,auto,float64,,0.00014550203923135996,,spcauchy,,1349.9332642850982,direct,400,,,direct_float64_vectorized,4096,direct_certified,True,1349.9332642850982,0.0,0.995,0,,True
0.0,,accuracy,cpu,256,auto,float64,,0.0001342219766229391,,spcauchy,,1349.9332642850982,neighbor,400,,,direct_float64_vectorized,4096,direct_certified,True,1349.9332642850982,0.0,0.995,0,,True
7.587027539557312e-08,,accuracy,cpu,256,auto,float64,,0.00014689401723444462,,spcauchy,,1349.933264209228,laplace,400,,,direct_float64_vectorized,4096,direct_certified,True,1349.9332642850982,5.6202982327243216e-11,0.995,0,,True
0.0,,accuracy,cpu,256,auto,float64,,0.00013808096991851926,,spcauchy,,1760.8491481884473,direct,400,,,direct_float64_vectorized,4096,direct_certified,True,1760.8491481884473,0.0,0.999,0,,True
0.0,,accuracy,cpu,256,auto,float64,,0.00013323704479262233,,spcauchy,,1760.8491481884473,neighbor,400,,,direct_float64_vectorized,4096,direct_certified,True,1760.8491481884473,0.0,0.999,0,,True
8.921711014409084e-08,,accuracy,cpu,256,auto,float64,,0.0001477129990234971,,spcauchy,,1760.8491480992302,laplace,400,,,direct_float64_vectorized,4096,direct_certified,True,1760.8491481884473,5.06670944730711e-11,0.999,0,,True
0.0,,accuracy,cpu,512,auto,float64,,1.370831678970717,,spcauchy,,0.0,direct,400,,,direct_float64_vectorized,4096,direct_certified,True,0.0,0.0,0.0,0,,True
0.0,,accuracy,cpu,512,auto,float64,,0.0002055069780908525,,spcauchy,,0.0,neighbor,400,,,direct_float64_vectorized,4096,direct_certified,True,0.0,0.0,0.0,0,,True
0.0010199980470609066,,accuracy,cpu,512,auto,float64,,0.00017243000911548734,,spcauchy,,0.0010199980470609066,laplace,400,,,direct_float64_vectorized,4096,direct_certified,True,0.0,1019998047.0609066,0.0,0,,True
0.0,,accuracy,cpu,512,auto,float64,,0.00016057200264185667,,spcauchy,,0.10200043064863973,direct,400,,,direct_float64_vectorized,4096,direct_certified,True,0.10200043064863973,0.0,0.01,0,,True
0.0,,accuracy,cpu,512,auto,float64,,0.00013721402501687407,,spcauchy,,0.10200043064863973,neighbor,400,,,direct_float64_vectorized,4096,direct_certified,True,0.10200043064863973,0.0,0.01,0,,True
5.859691807885703e-07,,accuracy,cpu,512,auto,float64,,0.00014764198567718267,,spcauchy,,0.10199984467945894,laplace,400,,,direct_float64_vectorized,4096,direct_certified,True,0.10200043064863973,5.744771635396862e-06,0.01,0,,True
1.7763568394002505e-15,,accuracy,cpu,512,auto,float64,,0.00017353100702166557,,spcauchy,,10.200770819215027,direct,400,,,direct_float64_vectorized,4096,direct_certified,True,10.200770819215029,1.7413947150485485e-16,0.1,0,,True
1.7763568394002505e-15,,accuracy,cpu,512,auto,float64,,0.0001411740086041391,,spcauchy,,10.200770819215027,neighbor,400,,,direct_float64_vectorized,4096,direct_certified,True,10.200770819215029,1.7413947150485485e-16,0.1,0,,True
5.5236934034752494e-05,,accuracy,cpu,512,auto,float64,,0.0001511910231783986,,spcauchy,,10.200715582280994,laplace,400,,,direct_float64_vectorized,4096,direct_certified,True,10.200770819215029,5.4149764771406845e-06,0.1,0,,True
0.0,,accuracy,cpu,512,auto,float64,,0.00016474694712087512,,spcauchy,,63.84778414754284,direct,400,,,direct_float64_vectorized,4096,direct_certified,True,63.84778414754284,0.0,0.25,0,,True
0.0,,accuracy,cpu,512,auto,float64,,0.0001428190153092146,,spcauchy,,63.84778414754284,neighbor,400,,,direct_float64_vectorized,4096,direct_certified,True,63.84778414754284,0.0,0.25,0,,True
0.0002530845324244524,,accuracy,cpu,512,auto,float64,,0.00014998402912169695,,spcauchy,,63.847531063010415,laplace,400,,,direct_float64_vectorized,4096,direct_certified,True,63.84778414754284,3.963873387361592e-06,0.25,0,,True
0.0,,accuracy,cpu,512,auto,float64,,0.000148640014231205,,spcauchy,,260.71191976408494,direct,400,,,direct_float64_vectorized,4096,direct_certified,True,260.71191976408494,0.0,0.5,0,,True
0.0,,accuracy,cpu,512,auto,float64,,0.00013703102013096213,,spcauchy,,260.71191976408494,neighbor,400,,,direct_float64_vectorized,4096,direct_certified,True,260.71191976408494,0.0,0.5,0,,True
0.0003391306102003,,accuracy,cpu,512,auto,float64,,0.00014671601820737123,,spcauchy,,260.71158063347474,laplace,400,,,direct_float64_vectorized,4096,direct_certified,True,260.71191976408494,1.3007867477143937e-06,0.5,0,,True
1.1368683772161603e-13,,accuracy,cpu,512,auto,float64,,0.00015582400374114513,,spcauchy,,650.0243160084851,direct,400,,,direct_float64_vectorized,4096,direct_certified,True,650.024316008485,1.7489628452627307e-16,0.75,0,,True
1.1368683772161603e-13,,accuracy,cpu,512,auto,float64,,0.00014239700976759195,,spcauchy,,650.0243160084851,neighbor,400,,,direct_float64_vectorized,4096,direct_certified,True,650.024316008485,1.7489628452627307e-16,0.75,0,,True
0.0001065478626287586,,accuracy,cpu,512,auto,float64,,0.00015265698311850429,,spcauchy,,650.0242094606224,laplace,400,,,direct_float64_vectorized,4096,direct_certified,True,650.024316008485,1.6391365677367642e-07,0.75,0,,True
2.2737367544323206e-13,,accuracy,cpu,512,auto,float64,,0.00018387299496680498,,spcauchy,,1151.3287064551714,direct,400,,,direct_float64_vectorized,4096,direct_certified,True,1151.3287064551716,1.9748806241728597e-16,0.9,0,,True
2.2737367544323206e-13,,accuracy,cpu,512,auto,float64,,0.0001322259777225554,,spcauchy,,1151.3287064551714,neighbor,400,,,direct_float64_vectorized,4096,direct_certified,True,1151.3287064551716,1.9748806241728597e-16,0.9,0,,True
1.6077420696092304e-05,,accuracy,cpu,512,auto,float64,,0.0001416399609297514,,spcauchy,,1151.328690377751,laplace,400,,,direct_float64_vectorized,4096,direct_certified,True,1151.3287064551716,1.3964231592551104e-08,0.9,0,,True
2.2737367544323206e-13,,accuracy,cpu,512,auto,float64,,0.00016089697601273656,,spcauchy,,1517.7184738059536,direct,400,,,direct_float64_vectorized,4096,direct_certified,True,1517.7184738059534,1.4981281401487555e-16,0.95,0,,True
2.2737367544323206e-13,,accuracy,cpu,512,auto,float64,,0.00013836799189448357,,spcauchy,,1517.7184738059536,neighbor,400,,,direct_float64_vectorized,4096,direct_certified,True,1517.7184738059534,1.4981281401487555e-16,0.95,0,,True
3.864755171889556e-06,,accuracy,cpu,512,auto,float64,,0.00015992502449080348,,spcauchy,,1517.7184699411982,laplace,400,,,direct_float64_vectorized,4096,direct_certified,True,1517.7184738059534,2.546424279990467e-09,0.95,0,,True
0.0,,accuracy,cpu,512,auto,float64,,0.0001419939799234271,,spcauchy,,1993.4598846147242,direct,400,,,direct_float64_vectorized,4096,direct_certified,True,1993.4598846147242,0.0,0.98,0,,True
0.0,,accuracy,cpu,512,auto,float64,,0.0001394720165990293,,spcauchy,,1993.4598846147242,neighbor,400,,,direct_float64_vectorized,4096,direct_certified,True,1993.4598846147242,0.0,0.98,0,,True
6.018465228407877e-07,,accuracy,cpu,512,auto,float64,,0.00015496800187975168,,spcauchy,,1993.4598840128776,laplace,400,,,direct_float64_vectorized,4096,direct_certified,True,1993.4598846147242,3.0191052625927635e-10,0.98,0,,True
0.0,,accuracy,cpu,512,auto,float64,,0.00019183900440111756,,spcauchy,,2350.1930211835056,direct,400,,,direct_float64_vectorized,4096,direct_certified,True,2350.1930211835056,0.0,0.99,0,,True
0.0,,accuracy,cpu,512,auto,float64,,0.00015425303718075156,,spcauchy,,2350.1930211835056,neighbor,400,,,direct_float64_vectorized,4096,direct_certified,True,2350.1930211835056,0.0,0.99,0,,True
1.4929810276953503e-07,,accuracy,cpu,512,auto,float64,,0.00016559299547225237,,spcauchy,,2350.1930210342075,laplace,400,,,direct_float64_vectorized,4096,direct_certified,True,2350.1930211835056,6.352588975621747e-11,0.99,0,,True
0.0,,accuracy,cpu,512,auto,float64,,0.00015326897846534848,,spcauchy,,2705.663807909427,direct,400,,,direct_float64_vectorized,4096,direct_certified,True,2705.663807909427,0.0,0.995,0,,True
0.0,,accuracy,cpu,512,auto,float64,,0.00013896002201363444,,spcauchy,,2705.663807909427,neighbor,400,,,direct_float64_vectorized,4096,direct_certified,True,2705.663807909427,0.0,0.995,0,,True
3.94647940993309e-08,,accuracy,cpu,512,auto,float64,,0.00015951995737850666,,spcauchy,,2705.663807869962,laplace,400,,,direct_float64_vectorized,4096,direct_certified,True,2705.663807909427,1.4585993272321586e-11,0.995,0,,True
0.0,,accuracy,cpu,512,auto,float64,,0.00014516798546537757,,spcauchy,,3529.1070228080216,direct,400,,,direct_float64_vectorized,4096,direct_certified,True,3529.1070228080216,0.0,0.999,0,,True
0.0,,accuracy,cpu,512,auto,float64,,0.00013652403140440583,,spcauchy,,3529.1070228080216,neighbor,400,,,direct_float64_vectorized,4096,direct_certified,True,3529.1070228080216,0.0,0.999,0,,True
1.7429920262657106e-07,,accuracy,cpu,512,auto,float64,,0.00015726697165519,,spcauchy,,3529.1070226337224,laplace,400,,,direct_float64_vectorized,4096,direct_certified,True,3529.1070228080216,4.938903850183766e-11,0.999,0,,True
0.0,,accuracy,cpu,1024,auto,float64,,2.3975683099706657,,spcauchy,,0.0,direct,400,,,direct_float64_vectorized,4096,direct_certified,True,0.0,0.0,0.0,0,,True
0.0,,accuracy,cpu,1024,auto,float64,,0.0002116119721904397,,spcauchy,,0.0,neighbor,400,,,direct_float64_vectorized,4096,direct_certified,True,0.0,0.0,0.0,0,,True
0.002043999026486078,,accuracy,cpu,1024,auto,float64,,0.00021272897720336914,,spcauchy,,0.002043999026486078,laplace,400,,,direct_float64_vectorized,4096,direct_certified,True,0.0,2043999026.486078,0.0,0,,True
0.0,,accuracy,cpu,1024,auto,float64,,0.00019177398644387722,,spcauchy,,0.20440023583264588,direct,400,,,direct_float64_vectorized,4096,direct_certified,True,0.20440023583264588,0.0,0.01,0,,True
0.0,,accuracy,cpu,1024,auto,float64,,0.0001432720455341041,,spcauchy,,0.20440023583264588,neighbor,400,,,direct_float64_vectorized,4096,direct_certified,True,0.20440023583264588,0.0,0.01,0,,True
2.928887602449137e-07,,accuracy,cpu,1024,auto,float64,,0.00014961999841034412,,spcauchy,,0.20439994294388564,laplace,400,,,direct_float64_vectorized,4096,direct_certified,True,0.20440023583264588,1.4329179173977003e-06,0.01,0,,True
3.552713678800501e-15,,accuracy,cpu,1024,auto,float64,,0.00017796800239011645,,spcauchy,,20.4410941433432,direct,400,,,direct_float64_vectorized,4096,direct_certified,True,20.441094143343204,1.7380252025097536e-16,0.1,0,,True
3.552713678800501e-15,,accuracy,cpu,1024,auto,float64,,0.0001458610058762133,,spcauchy,,20.4410941433432,neighbor,400,,,direct_float64_vectorized,4096,direct_certified,True,20.441094143343204,1.7380252025097536e-16,0.1,0,,True
2.760596535367199e-05,,accuracy,cpu,1024,auto,float64,,0.00015289400471374393,,spcauchy,,20.44106653737785,laplace,400,,,direct_float64_vectorized,4096,direct_certified,True,20.441094143343204,1.3505130968080827e-06,0.1,0,,True
0.0,,accuracy,cpu,1024,auto,float64,,0.00019001198234036565,,spcauchy,,127.93124089000776,direct,400,,,direct_float64_vectorized,4096,direct_certified,True,127.93124089000776,0.0,0.25,0,,True
0.0,,accuracy,cpu,1024,auto,float64,,0.00014892598846927285,,spcauchy,,127.93124089000776,neighbor,400,,,direct_float64_vectorized,4096,direct_certified,True,127.93124089000776,0.0,0.25,0,,True
0.00012641022607340346,,accuracy,cpu,1024,auto,float64,,0.00014952500350773335,,spcauchy,,127.93111447978168,laplace,400,,,direct_float64_vectorized,4096,direct_certified,True,127.93124089000776,9.881106850365656e-07,0.25,0,,True
0.0,,accuracy,cpu,1024,auto,float64,,0.00022324197925627232,,spcauchy,,522.2546258670196,direct,400,,,direct_float64_vectorized,4096,direct_certified,True,522.2546258670196,0.0,0.5,0,,True
0.0,,accuracy,cpu,1024,auto,float64,,0.000131304026581347,,spcauchy,,522.2546258670196,neighbor,400,,,direct_float64_vectorized,4096,direct_certified,True,522.2546258670196,0.0,0.5,0,,True
0.00016915707249154366,,accuracy,cpu,1024,auto,float64,,0.00014310999540612102,,spcauchy,,522.2544567099471,laplace,400,,,direct_float64_vectorized,4096,direct_certified,True,522.2546258670196,3.238977006871275e-07,0.5,0,,True
2.2737367544323206e-13,,accuracy,cpu,1024,auto,float64,,0.00017173500964418054,,spcauchy,,1301.782914233225,direct,400,,,direct_float64_vectorized,4096,direct_certified,True,1301.7829142332248,1.746632813791073e-16,0.75,0,,True
2.2737367544323206e-13,,accuracy,cpu,1024,auto,float64,,0.00014744600048288703,,spcauchy,,1301.782914233225,neighbor,400,,,direct_float64_vectorized,4096,direct_certified,True,1301.7829142332248,1.746632813791073e-16,0.75,0,,True
5.309647349349689e-05,,accuracy,cpu,1024,auto,float64,,0.00015343999257311225,,spcauchy,,1301.7828611367513,laplace,400,,,direct_float64_vectorized,4096,direct_certified,True,1301.7829142332248,4.0787502211742985e-08,0.75,0,,True
0.0,,accuracy,cpu,1024,auto,float64,,0.00018632900901138783,,spcauchy,,2305.4066632213558,direct,400,,,direct_float64_vectorized,4096,direct_certified,True,2305.4066632213558,0.0,0.9,0,,True
0.0,,accuracy,cpu,1024,auto,float64,,0.0001532470341771841,,spcauchy,,2305.4066632213558,neighbor,400,,,direct_float64_vectorized,4096,direct_certified,True,2305.4066632213558,0.0,0.9,0,,True
8.01014584794757e-06,,accuracy,cpu,1024,auto,float64,,0.00014860398368909955,,spcauchy,,2305.40665521121,laplace,400,,,direct_float64_vectorized,4096,direct_certified,True,2305.4066632213558,3.4745045096533877e-09,0.9,0,,True
4.547473508864641e-13,,accuracy,cpu,1024,auto,float64,,0.00015321699902415276,,spcauchy,,3038.9074324870726,direct,400,,,direct_float64_vectorized,4096,direct_certified,True,3038.907432487073,1.4964172518881044e-16,0.95,0,,True
4.547473508864641e-13,,accuracy,cpu,1024,auto,float64,,0.0001392299891449511,,spcauchy,,3038.9074324870726,neighbor,400,,,direct_float64_vectorized,4096,direct_certified,True,3038.907432487073,1.4964172518881044e-16,0.95,0,,True
1.925481228681747e-06,,accuracy,cpu,1024,auto,float64,,0.00014712201664224267,,spcauchy,,3038.907430561592,laplace,400,,,direct_float64_vectorized,4096,direct_certified,True,3038.907432487073,6.33609700676507e-10,0.95,0,,True
0.0,,accuracy,cpu,1024,auto,float64,,0.00014866405399516225,,spcauchy,,3991.3223727943187,direct,400,,,direct_float64_vectorized,4096,direct_certified,True,3991.3223727943187,0.0,0.98,0,,True
0.0,,accuracy,cpu,1024,auto,float64,,0.0001397499581798911,,spcauchy,,3991.3223727943187,neighbor,400,,,direct_float64_vectorized,4096,direct_certified,True,3991.3223727943187,0.0,0.98,0,,True
2.999527168867644e-07,,accuracy,cpu,1024,auto,float64,,0.00014941603876650333,,spcauchy,,3991.322372494366,laplace,400,,,direct_float64_vectorized,4096,direct_certified,True,3991.3223727943187,7.515121277381761e-11,0.98,0,,True
9.094947017729282e-13,,accuracy,cpu,1024,auto,float64,,0.00017623300664126873,,spcauchy,,4705.486908556149,direct,400,,,direct_float64_vectorized,4096,direct_certified,True,4705.486908556148,1.9328386614340865e-16,0.99,0,,True
9.094947017729282e-13,,accuracy,cpu,1024,auto,float64,,0.0001668179756961763,,spcauchy,,4705.486908556149,neighbor,400,,,direct_float64_vectorized,4096,direct_certified,True,4705.486908556148,1.9328386614340865e-16,0.99,0,,True
7.481958164134994e-08,,accuracy,cpu,1024,auto,float64,,0.0001513789757154882,,spcauchy,,4705.486908481328,laplace,400,,,direct_float64_vectorized,4096,direct_certified,True,4705.486908556148,1.5900497248287512e-11,0.99,0,,True
0.0,,accuracy,cpu,1024,auto,float64,,0.000157723028678447,,spcauchy,,5417.124157792388,direct,400,,,direct_float64_vectorized,4096,direct_certified,True,5417.124157792388,0.0,0.995,0,,True
0.0,,accuracy,cpu,1024,auto,float64,,0.00013737502740696073,,spcauchy,,5417.124157792388,neighbor,400,,,direct_float64_vectorized,4096,direct_certified,True,5417.124157792388,0.0,0.995,0,,True
2.326305548194796e-08,,accuracy,cpu,1024,auto,float64,,0.00014759699115529656,,spcauchy,,5417.124157769125,laplace,400,,,direct_float64_vectorized,4096,direct_certified,True,5417.124157792388,4.294355234314627e-12,0.995,0,,True
0.0,,accuracy,cpu,1024,auto,float64,,0.00015419599367305636,,spcauchy,,7065.62203460933,direct,400,,,direct_float64_vectorized,4096,direct_certified,True,7065.62203460933,0.0,0.999,0,,True
0.0,,accuracy,cpu,1024,auto,float64,,0.0001485830289311707,,spcauchy,,7065.62203460933,neighbor,400,,,direct_float64_vectorized,4096,direct_certified,True,7065.62203460933,0.0,0.999,0,,True
3.4671666071517393e-07,,accuracy,cpu,1024,auto,float64,,0.0001505180262029171,,spcauchy,,7065.622034262613,laplace,400,,,direct_float64_vectorized,4096,direct_certified,True,7065.62203460933,4.907093232794818e-11,0.999,0,,True
0.0,,accuracy,cpu,2048,auto,float64,,5.029547917016316,,spcauchy,,0.0,direct,400,,,direct_float64_vectorized,4096,direct_certified,True,0.0,0.0,0.0,0,,True
0.0,,accuracy,cpu,2048,auto,float64,,0.00020060001406818628,,spcauchy,,0.0,neighbor,400,,,direct_float64_vectorized,4096,direct_certified,True,0.0,0.0,0.0,0,,True
0.0040919995154822895,,accuracy,cpu,2048,auto,float64,,0.00017012801254168153,,spcauchy,,0.0040919995154822895,laplace,400,,,direct_float64_vectorized,4096,direct_certified,True,0.0,4091999515.48229,0.0,0,,True
0.0,,accuracy,cpu,2048,auto,float64,,0.00019047799287363887,,spcauchy,,0.40920013893690454,direct,400,,,direct_float64_vectorized,4096,direct_certified,True,0.40920013893690454,0.0,0.01,0,,True
0.0,,accuracy,cpu,2048,auto,float64,,0.00014893000479787588,,spcauchy,,0.40920013893690454,neighbor,400,,,direct_float64_vectorized,4096,direct_certified,True,0.40920013893690454,0.0,0.01,0,,True
1.464204419376891e-07,,accuracy,cpu,2048,auto,float64,,0.00015279004583135247,,spcauchy,,0.4091999925164626,laplace,400,,,direct_float64_vectorized,4096,direct_certified,True,0.40920013893690454,3.578210953644519e-07,0.01,0,,True
0.0,,accuracy,cpu,2048,auto,float64,,0.00019317795522511005,,spcauchy,,40.92176783848176,direct,400,,,direct_float64_vectorized,4096,direct_certified,True,40.92176783848176,0.0,0.1,0,,True
0.0,,accuracy,cpu,2048,auto,float64,,0.00014560797717422247,,spcauchy,,40.92176783848176,neighbor,400,,,direct_float64_vectorized,4096,direct_certified,True,40.92176783848176,0.0,0.1,0,,True
1.3799856979801461e-05,,accuracy,cpu,2048,auto,float64,,0.00014965800801292062,,spcauchy,,40.92175403862478,laplace,400,,,direct_float64_vectorized,4096,direct_certified,True,40.92176783848176,3.37225337729042e-07,0.1,0,,True
0.0,,accuracy,cpu,2048,auto,float64,,0.0001475440221838653,,spcauchy,,256.098263109268,direct,400,,,direct_float64_vectorized,4096,direct_certified,True,256.098263109268,0.0,0.25,0,,True
0.0,,accuracy,cpu,2048,auto,float64,,0.00017156399553641677,,spcauchy,,256.098263109268,neighbor,400,,,direct_float64_vectorized,4096,direct_certified,True,256.098263109268,0.0,0.25,0,,True
6.317209113149147e-05,,accuracy,cpu,2048,auto,float64,,0.00015894300304353237,,spcauchy,,256.09819993717684,laplace,400,,,direct_float64_vectorized,4096,direct_certified,True,256.098263109268,2.466712986043884e-07,0.25,0,,True
2.2737367544323206e-13,,accuracy,cpu,2048,auto,float64,,0.00022929697297513485,,spcauchy,,1045.3400581625224,direct,400,,,direct_float64_vectorized,4096,direct_certified,True,1045.3400581625226,2.1751168308129782e-16,0.5,0,,True
2.2737367544323206e-13,,accuracy,cpu,2048,auto,float64,,0.0001518600038252771,,spcauchy,,1045.3400581625224,neighbor,400,,,direct_float64_vectorized,4096,direct_certified,True,1045.3400581625226,2.1751168308129782e-16,0.5,0,,True
8.447669620181841e-05,,accuracy,cpu,2048,auto,float64,,0.00015868397895246744,,spcauchy,,1045.3399736858264,laplace,400,,,direct_float64_vectorized,4096,direct_certified,True,1045.3400581625226,8.081264612618962e-08,0.5,0,,True
0.0,,accuracy,cpu,2048,auto,float64,,0.0001619019894860685,,spcauchy,,2605.299852338093,direct,400,,,direct_float64_vectorized,4096,direct_certified,True,2605.299852338093,0.0,0.75,0,,True
0.0,,accuracy,cpu,2048,auto,float64,,0.00014110800111666322,,spcauchy,,2605.299852338093,neighbor,400,,,direct_float64_vectorized,4096,direct_certified,True,2605.299852338093,0.0,0.75,0,,True
2.6504058951104525e-05,,accuracy,cpu,2048,auto,float64,,0.0001441619824618101,,spcauchy,,2605.299825834034,laplace,400,,,direct_float64_vectorized,4096,direct_certified,True,2605.299852338093,1.0173131867074263e-08,0.75,0,,True
9.094947017729282e-13,,accuracy,cpu,2048,auto,float64,,0.00024138996377587318,,spcauchy,,4613.562225461083,direct,400,,,direct_float64_vectorized,4096,direct_certified,True,4613.5622254610835,1.9713502437523372e-16,0.9,0,,True
9.094947017729282e-13,,accuracy,cpu,2048,auto,float64,,0.0001527239801362157,,spcauchy,,4613.562225461083,neighbor,400,,,direct_float64_vectorized,4096,direct_certified,True,4613.5622254610835,1.9713502437523372e-16,0.9,0,,True
3.997960448032245e-06,,accuracy,cpu,2048,auto,float64,,0.0001612359774298966,,spcauchy,,4613.562221463123,laplace,400,,,direct_float64_vectorized,4096,direct_certified,True,4613.5622254610835,8.665669286887499e-10,0.9,0,,True
0.0,,accuracy,cpu,2048,auto,float64,,0.00019058899488300085,,spcauchy,,6081.284986264387,direct,400,,,direct_float64_vectorized,4096,direct_certified,True,6081.284986264387,0.0,0.95,0,,True
0.0,,accuracy,cpu,2048,auto,float64,,0.00014423602260649204,,spcauchy,,6081.284986264387,neighbor,400,,,direct_float64_vectorized,4096,direct_certified,True,6081.284986264387,0.0,0.95,0,,True
9.610666893422604e-07,,accuracy,cpu,2048,auto,float64,,0.00014865800039842725,,spcauchy,,6081.28498530332,laplace,400,,,direct_float64_vectorized,4096,direct_certified,True,6081.284986264387,1.5803677865993658e-10,0.95,0,,True
9.094947017729282e-13,,accuracy,cpu,2048,auto,float64,,0.00018171902047470212,,spcauchy,,7987.046982293047,direct,400,,,direct_float64_vectorized,4096,direct_certified,True,7987.046982293046,1.1387120969605418e-16,0.98,0,,True
9.094947017729282e-13,,accuracy,cpu,2048,auto,float64,,0.00015186402015388012,,spcauchy,,7987.046982293047,neighbor,400,,,direct_float64_vectorized,4096,direct_certified,True,7987.046982293046,1.1387120969605418e-16,0.98,0,,True
1.4992929209256545e-07,,accuracy,cpu,2048,auto,float64,,0.00019871100084856153,,spcauchy,,7987.046982143117,laplace,400,,,direct_float64_vectorized,4096,direct_certified,True,7987.046982293046,1.8771555047184837e-11,0.98,0,,True
1.8189894035458565e-12,,accuracy,cpu,2048,auto,float64,,0.00020743499044328928,,spcauchy,,9416.074315986745,direct,400,,,direct_float64_vectorized,4096,direct_certified,True,9416.074315986743,1.9317916814415437e-16,0.99,0,,True
1.8189894035458565e-12,,accuracy,cpu,2048,auto,float64,,0.00015457399422302842,,spcauchy,,9416.074315986745,neighbor,400,,,direct_float64_vectorized,4096,direct_certified,True,9416.074315986743,1.9317916814415437e-16,0.99,0,,True
3.822424332611263e-08,,accuracy,cpu,2048,auto,float64,,0.00014849798753857613,,spcauchy,,9416.07431594852,laplace,400,,,direct_float64_vectorized,4096,direct_certified,True,9416.074315986743,4.05946703938126e-12,0.99,0,,True
0.0,,accuracy,cpu,2048,auto,float64,,0.00014771195128560066,,spcauchy,,10840.044490131335,direct,400,,,direct_float64_vectorized,4096,direct_certified,True,10840.044490131335,0.0,0.995,0,,True
0.0,,accuracy,cpu,2048,auto,float64,,0.00014147901674732566,,spcauchy,,10840.044490131335,neighbor,400,,,direct_float64_vectorized,4096,direct_certified,True,10840.044490131335,0.0,0.995,0,,True
1.881562639027834e-08,,accuracy,cpu,2048,auto,float64,,0.00014799198834225535,,spcauchy,,10840.04449011252,laplace,400,,,direct_float64_vectorized,4096,direct_certified,True,10840.044490131335,1.7357517681230823e-12,0.995,0,,True
1.8189894035458565e-12,,accuracy,cpu,2048,auto,float64,,0.00022738700499758124,,spcauchy,,14138.651690749264,direct,400,,,direct_float64_vectorized,4096,direct_certified,True,14138.651690749266,1.28653668209112e-16,0.999,0,,True
1.8189894035458565e-12,,accuracy,cpu,2048,auto,float64,,0.00015483703464269638,,spcauchy,,14138.651690749264,neighbor,400,,,direct_float64_vectorized,4096,direct_certified,True,14138.651690749266,1.28653668209112e-16,0.999,0,,True
6.926729838596657e-07,,accuracy,cpu,2048,auto,float64,,0.00016755197430029511,,spcauchy,,14138.651690056593,laplace,400,,,direct_float64_vectorized,4096,direct_certified,True,14138.651690749266,4.899144550769806e-11,0.999,0,,True
